58.61204,-3.54012
58.61254,-3.54003
58.61359,-3.53988
58.61376,-3.54001
58.61394,-3.54015
58.61396,-3.54017
58.61401,-3.54027
58.61401,-3.54028
58.61402,-3.5403
58.61406,-3.54043
58.61404,-3.5406
58.61379,-3.54133
58.61372,-3.54156
58.61369,-3.54166
58.61364,-3.5419
58.61343,-3.54304
58.61328,-3.54366
58.61287,-3.54536
58.61283,-3.54553
58.61282,-3.54556
58.61277,-3.54566
58.61276,-3.54563
58.6127,-3.54557
58.61258,-3.54558
58.61248,-3.54566
58.61246,-3.54571
58.61241,-3.54583
58.6123,-3.54638
58.61226,-3.5466
58.61226,-3.54681
58.61231,-3.54712
58.61236,-3.54726
58.61227,-3.54779
58.61211,-3.54866
58.61194,-3.54948
58.61153,-3.55142
58.61147,-3.5517
58.61142,-3.55186
58.61134,-3.55208
58.6112,-3.55237
58.61103,-3.55258
58.61083,-3.55271
58.61061,-3.55275
58.61033,-3.55274
58.61024,-3.55273
58.61002,-3.55269
58.60961,-3.55259
58.60927,-3.55251
58.60916,-3.55248
58.60876,-3.55233
58.60777,-3.55189
58.6073,-3.55159
58.60664,-3.55122
58.60649,-3.55115
58.60626,-3.55109
58.60598,-3.55108
58.60588,-3.55109
58.60562,-3.55106
58.60539,-3.55101
58.60513,-3.55092
58.60467,-3.55063
58.60416,-3.55021
58.6037,-3.54971
58.60339,-3.54925
58.60312,-3.54872
58.60286,-3.54817
58.60264,-3.54756
58.60246,-3.54691
58.60237,-3.54659
58.6023,-3.5463
58.60228,-3.54622
58.60223,-3.54602
58.60211,-3.54553
58.60148,-3.54297
58.60144,-3.54279
58.60133,-3.54234
58.60126,-3.54204
58.60113,-3.54159
58.60097,-3.5412
58.60082,-3.54082
58.6006,-3.54049
58.60029,-3.54
58.5999,-3.53939
58.5994,-3.5386
58.5993,-3.53846
58.59918,-3.53828
58.59869,-3.53752
58.59859,-3.53735
58.59851,-3.53729
58.59849,-3.53728
58.59841,-3.53723
58.59842,-3.53745
58.59842,-3.53767
58.5984,-3.53806
58.59834,-3.53886
58.59831,-3.53918
58.59824,-3.54007
58.59807,-3.54196
58.59764,-3.54678
58.59761,-3.54728
58.59764,-3.54751
58.59795,-3.54976
58.598,-3.55019
58.59815,-3.55134
58.5982,-3.55191
58.5982,-3.55261
58.59812,-3.55353
58.59796,-3.55491
58.59791,-3.55544
58.59789,-3.55599
58.59791,-3.55655
58.59797,-3.55715
58.59846,-3.56225
58.5985,-3.56271
58.59891,-3.56739
58.59907,-3.56888
58.59917,-3.56929
58.59931,-3.5698
58.5995,-3.57024
58.59987,-3.57086
58.60103,-3.57193
58.60193,-3.57276
58.60312,-3.57393
58.60352,-3.57445
58.60368,-3.57478
58.60384,-3.57544
58.60402,-3.57642
58.60422,-3.57802
58.60439,-3.58314
58.60435,-3.5849
58.60424,-3.58603
58.60386,-3.58947
58.60354,-3.59287
58.60343,-3.59441
58.60345,-3.59528
58.60352,-3.59615
58.60387,-3.60003
58.60405,-3.60199
58.60407,-3.6023
58.60413,-3.60316
58.60424,-3.6071
58.60425,-3.60862
58.60425,-3.60919
58.6042,-3.61135
58.60402,-3.61438
58.60392,-3.61566
58.60365,-3.61775
58.60336,-3.61889
58.60316,-3.61992
58.60311,-3.62025
58.60284,-3.62294
58.60269,-3.6237
58.60255,-3.62423
58.60214,-3.62552
58.60183,-3.62639
58.60158,-3.62693
58.60078,-3.62803
58.60072,-3.62814
58.60064,-3.62828
58.60051,-3.62854
58.60041,-3.62879
58.60036,-3.62894
58.60028,-3.62922
58.60014,-3.62993
58.59999,-3.63082
58.59977,-3.63213
58.59975,-3.63228
58.59963,-3.63296
58.59932,-3.63482
58.59854,-3.63947
58.59851,-3.63967
58.59834,-3.64067
58.59808,-3.64223
58.59796,-3.64295
58.59796,-3.64295
58.59763,-3.64492
58.59677,-3.65005
58.59649,-3.65185
58.5957,-3.65727
58.59566,-3.65735
58.59564,-3.65742
58.59558,-3.65758
58.59543,-3.65787
58.5954,-3.65791
58.59502,-3.65831
58.59496,-3.65837
58.59461,-3.65882
58.59438,-3.65929
58.59431,-3.65951
58.59415,-3.66002
58.59404,-3.66066
58.59404,-3.66113
58.59411,-3.66165
58.59482,-3.6641
58.59494,-3.66455
58.59511,-3.66562
58.59517,-3.66606
58.59522,-3.66656
58.59533,-3.6678
58.59541,-3.66896
58.59547,-3.67031
58.59554,-3.67104
58.59562,-3.67181
58.59603,-3.67501
58.59647,-3.67832
58.59664,-3.67959
58.59685,-3.68131
58.5969,-3.68175
58.59693,-3.68222
58.59691,-3.68244
58.59688,-3.68267
58.59674,-3.68308
58.59476,-3.68805
58.59444,-3.68885
58.59093,-3.69763
58.58941,-3.7015
58.58628,-3.70937
58.58516,-3.71218
58.58297,-3.71757
58.58294,-3.71766
58.58251,-3.71881
58.58034,-3.72425
58.58009,-3.72487
58.57998,-3.72515
58.57996,-3.7252
58.57885,-3.72667
58.57876,-3.72678
58.57854,-3.72707
58.57811,-3.72764
58.57729,-3.72871
58.57644,-3.72981
58.5759,-3.7305
58.57457,-3.73222
58.57381,-3.73349
58.57346,-3.73433
58.57315,-3.73528
58.57275,-3.73649
58.57235,-3.73777
58.57215,-3.73842
58.57164,-3.73993
58.57142,-3.74072
58.57125,-3.74129
58.57019,-3.7439
58.56995,-3.74448
58.5697,-3.74507
58.56868,-3.74751
58.56838,-3.74832
58.5673,-3.7514
58.56621,-3.75452
58.5659,-3.75521
58.56437,-3.75792
58.56415,-3.75824
58.5625,-3.75988
58.56147,-3.76078
58.56124,-3.76097
58.56112,-3.76108
58.56098,-3.76125
58.56091,-3.76139
58.56087,-3.76157
58.56085,-3.76176
58.56087,-3.76292
58.56089,-3.76392
58.56095,-3.76586
58.56094,-3.76647
58.56092,-3.76709
58.56089,-3.76756
58.56084,-3.76808
58.5608,-3.76848
58.56073,-3.76908
58.56061,-3.76993
58.56051,-3.77047
58.56044,-3.77079
58.5604,-3.77097
58.56034,-3.7712
58.5603,-3.77137
58.56021,-3.77166
58.56014,-3.77182
58.56006,-3.77205
58.55993,-3.7723
58.55986,-3.77245
58.55945,-3.77335
58.5594,-3.7735
58.55937,-3.77358
58.55932,-3.77369
58.55927,-3.77384
58.55918,-3.77408
58.55915,-3.77415
58.55905,-3.77454
58.55899,-3.77501
58.55897,-3.77548
58.55896,-3.77603
58.55899,-3.77659
58.5591,-3.77718
58.55915,-3.77762
58.55918,-3.77793
58.55918,-3.778
58.55919,-3.77835
58.55921,-3.77901
58.55918,-3.77996
58.55918,-3.78017
58.55914,-3.78157
58.55909,-3.78239
58.55863,-3.78519
58.55844,-3.78631
58.55826,-3.78742
58.55812,-3.78825
58.55806,-3.78862
58.55795,-3.78925
58.55769,-3.79082
58.55758,-3.79151
58.55754,-3.79169
58.55751,-3.7919
58.5574,-3.79244
58.55736,-3.79261
58.55727,-3.79292
58.55724,-3.79304
58.55711,-3.79348
58.55708,-3.79358
58.55694,-3.79388
58.55685,-3.79413
58.55677,-3.79446
58.55671,-3.79485
58.55669,-3.79502
58.55668,-3.7952
58.5566,-3.79634
58.55654,-3.7972
58.55647,-3.79816
58.55647,-3.79821
58.55645,-3.79871
58.5567,-3.80362
58.55674,-3.80441
58.55675,-3.80469
58.55681,-3.80701
58.55688,-3.80889
58.55689,-3.80954
58.55688,-3.80972
58.55687,-3.80991
58.55686,-3.81005
58.55681,-3.81032
58.55649,-3.81164
58.55642,-3.81198
58.55634,-3.81246
58.55632,-3.81278
58.5563,-3.81307
58.5563,-3.81334
58.55631,-3.81393
58.55638,-3.81559
58.5564,-3.81619
58.55641,-3.81664
58.5564,-3.81693
58.55639,-3.8172
58.55636,-3.81756
58.55581,-3.82276
58.55573,-3.82335
58.55554,-3.82456
58.55544,-3.82523
58.55516,-3.82782
58.55511,-3.82822
58.55501,-3.82887
58.55485,-3.82973
58.55467,-3.83073
58.55462,-3.83104
58.55459,-3.83129
58.55456,-3.83158
58.55453,-3.83187
58.55452,-3.83215
58.55452,-3.83261
58.55453,-3.83335
58.55455,-3.83384
58.55457,-3.83403
58.55459,-3.83422
58.55461,-3.8344
58.55465,-3.83458
58.55469,-3.83474
58.55474,-3.8349
58.55479,-3.83506
58.55486,-3.8352
58.55491,-3.83532
58.55497,-3.83543
58.55504,-3.83554
58.5551,-3.83562
58.55516,-3.83571
58.55523,-3.83578
58.55541,-3.83594
58.55559,-3.83606
58.55573,-3.83616
58.55584,-3.83625
58.55597,-3.83637
58.55608,-3.83651
58.55618,-3.83666
58.55627,-3.83681
58.55636,-3.837
58.55644,-3.83725
58.55652,-3.83749
58.55661,-3.83792
58.55667,-3.83843
58.55663,-3.83919
58.55653,-3.84002
58.55645,-3.84043
58.55582,-3.84385
58.55549,-3.84487
58.55479,-3.84706
58.55453,-3.84796
58.55431,-3.849
58.55426,-3.84957
58.55424,-3.84975
58.55424,-3.85063
58.55437,-3.85156
58.55468,-3.85335
58.55481,-3.85546
58.55491,-3.85731
58.55492,-3.85784
58.55491,-3.85805
58.5549,-3.85821
58.55485,-3.85894
58.55462,-3.86207
58.55461,-3.86222
58.55458,-3.86386
58.5546,-3.86413
58.55467,-3.86525
58.55473,-3.86657
58.55467,-3.86766
58.55459,-3.86823
58.55445,-3.86877
58.55418,-3.86932
58.55349,-3.87041
58.5533,-3.87077
58.55317,-3.87118
58.55306,-3.87169
58.553,-3.8722
58.55301,-3.87331
58.55299,-3.87365
58.55297,-3.87374
58.55292,-3.87402
58.55261,-3.8752
58.55217,-3.87643
58.55195,-3.87707
58.55182,-3.87776
58.5518,-3.87798
58.55178,-3.87823
58.55177,-3.87843
58.55178,-3.87867
58.55188,-3.87993
58.5519,-3.88032
58.55191,-3.88054
58.55191,-3.88079
58.55189,-3.88171
58.55187,-3.88255
58.55183,-3.88317
58.55176,-3.88386
58.55165,-3.88463
58.55145,-3.88587
58.55136,-3.88624
58.55125,-3.88659
58.5511,-3.88696
58.55101,-3.88717
58.5509,-3.88741
58.55083,-3.88753
58.55072,-3.88767
58.55062,-3.8878
58.55043,-3.88798
58.55027,-3.8881
58.5495,-3.88861
58.54919,-3.88882
58.54893,-3.889
58.54869,-3.88919
58.54757,-3.89029
58.54728,-3.89056
58.54706,-3.89073
58.54681,-3.89089
58.54627,-3.89115
58.54537,-3.89165
58.54499,-3.89191
58.54475,-3.89211
58.54455,-3.8923
58.54408,-3.89284
58.54375,-3.89326
58.54357,-3.89352
58.5434,-3.89379
58.54325,-3.89406
58.54312,-3.89433
58.54297,-3.89464
58.54296,-3.89466
58.54276,-3.89516
58.54261,-3.8956
58.54248,-3.89601
58.54244,-3.89617
58.54241,-3.89629
58.54231,-3.89672
58.54221,-3.89719
58.5421,-3.89786
58.54201,-3.89861
58.54198,-3.89904
58.54196,-3.89947
58.54195,-3.89997
58.54196,-3.90033
58.54197,-3.90066
58.54199,-3.90099
58.542,-3.90115
58.54203,-3.90152
58.54208,-3.90197
58.54213,-3.90234
58.54218,-3.90267
58.54226,-3.90309
58.54238,-3.90359
58.54248,-3.90398
58.54265,-3.90452
58.54276,-3.90484
58.5429,-3.90523
58.54303,-3.90555
58.54317,-3.90585
58.54329,-3.9061
58.54344,-3.90635
58.54371,-3.90672
58.54395,-3.90703
58.54423,-3.90734
58.54453,-3.90761
58.54596,-3.90867
58.54614,-3.90881
58.54645,-3.90904
58.54817,-3.91033
58.54822,-3.91036
58.54829,-3.91041
58.54865,-3.91073
58.54883,-3.91092
58.54897,-3.91108
58.54909,-3.91125
58.54921,-3.91142
58.54939,-3.91171
58.54954,-3.912
58.54966,-3.91228
58.54978,-3.91255
58.54984,-3.91268
58.55007,-3.91329
58.55009,-3.91335
58.55031,-3.91392
58.55048,-3.91432
58.5506,-3.91456
58.55069,-3.91473
58.55083,-3.91495
58.55099,-3.91518
58.55114,-3.91535
58.55119,-3.91541
58.55152,-3.91574
58.55183,-3.91609
58.5526,-3.91705
58.55304,-3.9176
58.55326,-3.91785
58.55348,-3.91808
58.55384,-3.91841
58.55403,-3.91859
58.5542,-3.91875
58.55423,-3.91878
58.55431,-3.91887
58.55442,-3.91901
58.55473,-3.91943
58.55489,-3.91968
58.55503,-3.91995
58.55513,-3.92019
58.55536,-3.9208
58.5559,-3.92234
58.55621,-3.92321
58.55628,-3.92342
58.55637,-3.92368
58.55646,-3.92394
58.55655,-3.92423
58.5566,-3.92439
58.55663,-3.92454
58.55668,-3.92478
58.55674,-3.92511
58.557,-3.92697
58.55706,-3.92735
58.55717,-3.92796
58.55726,-3.9284
58.55739,-3.92895
58.55757,-3.92966
58.55766,-3.93002
58.55774,-3.9303
58.55785,-3.93057
58.55797,-3.93084
58.55808,-3.93102
58.55816,-3.93115
58.55831,-3.93134
58.55852,-3.93158
58.55864,-3.93167
58.55879,-3.93179
58.55898,-3.93194
58.55901,-3.93197
58.55908,-3.93203
58.55915,-3.93212
58.55922,-3.9322
58.55929,-3.93232
58.55938,-3.93249
58.55944,-3.93264
58.5595,-3.93281
58.55956,-3.93304
58.5596,-3.93324
58.55964,-3.93347
58.55972,-3.93398
58.55977,-3.93442
58.55982,-3.93501
58.55986,-3.93566
58.55988,-3.93596
58.5599,-3.9366
58.5599,-3.93718
58.55989,-3.9378
58.55986,-3.93844
58.55981,-3.93904
58.55975,-3.93964
58.55969,-3.94012
58.5596,-3.94073
58.55955,-3.94115
58.55947,-3.94197
58.55945,-3.94237
58.55943,-3.94283
58.55944,-3.94327
58.55946,-3.94369
58.55949,-3.94408
58.55954,-3.94447
58.5596,-3.94486
58.55968,-3.94526
58.55976,-3.94564
58.5598,-3.9458
58.55995,-3.94646
58.56086,-3.95028
58.56157,-3.95321
58.56188,-3.95449
58.56201,-3.95508
58.56213,-3.95563
58.56218,-3.95595
58.56222,-3.95622
58.56225,-3.95663
58.56227,-3.95697
58.56227,-3.95735
58.56226,-3.95775
58.56223,-3.95808
58.56219,-3.95836
58.56218,-3.95847
58.56211,-3.95886
58.56204,-3.95918
58.56193,-3.95955
58.56182,-3.95987
58.56171,-3.96014
58.5616,-3.96039
58.56131,-3.96099
58.56073,-3.96211
58.56057,-3.96245
58.56046,-3.9627
58.56028,-3.96316
58.56015,-3.96354
58.56003,-3.96394
58.55988,-3.96449
58.55979,-3.96492
58.55973,-3.9652
58.55968,-3.9655
58.55963,-3.96585
58.55958,-3.96625
58.55956,-3.96654
58.55952,-3.96699
58.55948,-3.96782
58.55946,-3.96872
58.5593,-3.97387
58.55929,-3.97415
58.55925,-3.97556
58.5592,-3.97731
58.55917,-3.97843
58.55911,-3.98054
58.5591,-3.98108
58.5591,-3.98153
58.5591,-3.98197
58.55912,-3.98244
58.55916,-3.98291
58.55919,-3.98322
58.55922,-3.98349
58.55929,-3.98401
58.5594,-3.98472
58.55952,-3.98546
58.55959,-3.98593
58.55968,-3.98654
58.55972,-3.9869
58.55975,-3.98723
58.55978,-3.98767
58.5598,-3.98796
58.5598,-3.98814
58.55981,-3.98863
58.55981,-3.98901
58.5598,-3.98926
58.55977,-3.98949
58.55974,-3.98967
58.55969,-3.98987
58.5596,-3.99013
58.55952,-3.99029
58.55942,-3.99047
58.55929,-3.99067
58.55916,-3.99085
58.55904,-3.991
58.55894,-3.99111
58.55878,-3.99124
58.55856,-3.99141
58.55846,-3.99149
58.55838,-3.99158
58.55831,-3.99166
58.55827,-3.99174
58.55822,-3.99183
58.55815,-3.99202
58.55802,-3.9925
58.55794,-3.99282
58.55787,-3.99316
58.55781,-3.99342
58.55759,-3.99456
58.55751,-3.99499
58.55747,-3.99522
58.55745,-3.99541
58.55743,-3.99568
58.55742,-3.99594
58.55742,-3.99612
58.55743,-3.99619
58.55744,-3.99635
58.55748,-3.99657
58.55752,-3.99677
58.5579,-3.9982
58.55822,-3.99942
58.55835,-3.99986
58.5585,-4.00027
58.55866,-4.00067
58.55886,-4.00117
58.559,-4.00153
58.55908,-4.00171
58.55929,-4.00223
58.55934,-4.00237
58.55959,-4.00299
58.5596,-4.00303
58.55967,-4.00322
58.55971,-4.0033
58.55987,-4.00367
58.56007,-4.00411
58.56026,-4.00451
58.56043,-4.00483
58.5606,-4.0051
58.56083,-4.00541
58.56141,-4.00611
58.5615,-4.00625
58.56158,-4.00639
58.56165,-4.00655
58.5617,-4.00668
58.56175,-4.00682
58.56179,-4.00704
58.56186,-4.00737
58.56207,-4.00848
58.56211,-4.00875
58.56214,-4.00904
58.56217,-4.00946
58.56221,-4.01072
58.56223,-4.01106
58.56223,-4.01153
58.56223,-4.0117
58.56221,-4.01205
58.56219,-4.01234
58.56214,-4.01271
58.56203,-4.01339
58.56185,-4.01443
58.56179,-4.01471
58.56173,-4.015
58.56168,-4.01521
58.56161,-4.01544
58.56152,-4.01571
58.56138,-4.0161
58.56123,-4.01651
58.56106,-4.01693
58.56091,-4.01726
58.56003,-4.019
58.55936,-4.02032
58.55922,-4.02061
58.55912,-4.02084
58.55905,-4.02104
58.55896,-4.02135
58.55888,-4.02172
58.55851,-4.02363
58.55841,-4.02408
58.55832,-4.02441
58.5582,-4.02481
58.55806,-4.02521
58.55794,-4.02551
58.55779,-4.02584
58.55763,-4.02617
58.55729,-4.02684
58.55716,-4.02709
58.55703,-4.02738
58.55688,-4.02777
58.55678,-4.02807
58.55669,-4.02838
58.5566,-4.02871
58.55651,-4.0291
58.55643,-4.02957
58.55638,-4.02994
58.55634,-4.03032
58.55631,-4.03073
58.55629,-4.03112
58.55619,-4.03638
58.55617,-4.03749
58.55616,-4.03832
58.55615,-4.03891
58.55613,-4.03934
58.5561,-4.03991
58.55605,-4.04051
58.55599,-4.04099
58.55592,-4.04143
58.55584,-4.04186
58.55552,-4.04343
58.55497,-4.04612
58.55477,-4.04704
58.55447,-4.04855
58.55426,-4.04953
58.55404,-4.05055
58.55367,-4.05238
58.55349,-4.05325
58.55328,-4.05418
58.55308,-4.05517
58.55298,-4.05577
58.55289,-4.05637
58.55278,-4.05725
58.55272,-4.05767
58.55265,-4.05812
58.55255,-4.05857
58.55246,-4.05896
58.55233,-4.05939
58.5523,-4.05948
58.55216,-4.05985
58.55205,-4.0601
58.55195,-4.06032
58.55182,-4.06056
58.55166,-4.06084
58.5515,-4.06107
58.55147,-4.06112
58.55129,-4.06135
58.55113,-4.06153
58.55095,-4.06171
58.55068,-4.06193
58.55029,-4.06223
58.54939,-4.06286
58.549,-4.06313
58.54843,-4.06355
58.54823,-4.06372
58.54799,-4.06394
58.54782,-4.06415
58.54763,-4.06441
58.5475,-4.06461
58.54739,-4.06482
58.54727,-4.06506
58.54712,-4.0654
58.54701,-4.06571
58.54691,-4.06605
58.54681,-4.06646
58.54674,-4.06681
58.54669,-4.06713
58.54664,-4.0675
58.54662,-4.06778
58.54661,-4.06807
58.5466,-4.06846
58.54661,-4.06878
58.54663,-4.06914
58.54666,-4.06952
58.54671,-4.06989
58.54677,-4.07024
58.54691,-4.07088
58.54718,-4.07193
58.54729,-4.07246
58.54731,-4.07258
58.54735,-4.07288
58.5474,-4.07328
58.5474,-4.07333
58.54742,-4.07357
58.54742,-4.07384
58.54742,-4.07425
58.5474,-4.07481
58.54738,-4.07536
58.54733,-4.07642
58.54731,-4.07673
58.54729,-4.07691
58.54726,-4.07706
58.54721,-4.07721
58.54717,-4.07732
58.54709,-4.07746
58.547,-4.07759
58.54628,-4.07838
58.54614,-4.07854
58.54498,-4.07974
58.54494,-4.07978
58.54483,-4.07989
58.54477,-4.07996
58.5447,-4.08007
58.54465,-4.08017
58.5446,-4.08029
58.54456,-4.08042
58.54454,-4.08054
58.54452,-4.08067
58.54452,-4.0808
58.54453,-4.08099
58.54456,-4.08124
58.54456,-4.08127
58.54462,-4.0818
58.54463,-4.08193
58.54466,-4.08216
58.54468,-4.08244
58.54472,-4.08282
58.54475,-4.08318
58.54477,-4.08344
58.54476,-4.08373
58.54475,-4.08392
58.54473,-4.08407
58.5447,-4.08423
58.54466,-4.0844
58.54461,-4.08454
58.54457,-4.08465
58.54454,-4.08471
58.54445,-4.08488
58.54427,-4.08515
58.54409,-4.08541
58.54387,-4.08569
58.54363,-4.08598
58.54344,-4.08618
58.54326,-4.08635
58.54305,-4.08654
58.54283,-4.08673
58.54252,-4.08695
58.54231,-4.08706
58.54214,-4.08713
58.5419,-4.08719
58.5418,-4.08724
58.5417,-4.0873
58.54161,-4.08738
58.54155,-4.08745
58.54149,-4.08754
58.54142,-4.08766
58.54137,-4.08779
58.54131,-4.08796
58.54116,-4.08847
58.54109,-4.08871
58.54105,-4.08891
58.54103,-4.08909
58.54102,-4.08925
58.54102,-4.0894
58.54103,-4.08955
58.54105,-4.0897
58.54108,-4.08983
58.54111,-4.08996
58.54113,-4.09001
58.54118,-4.09015
58.5425,-4.09349
58.54264,-4.09382
58.54276,-4.09405
58.5429,-4.09429
58.5431,-4.09457
58.54347,-4.09505
58.54364,-4.09525
58.54376,-4.09538
58.54392,-4.09551
58.54424,-4.09573
58.54437,-4.09583
58.54446,-4.09592
58.54454,-4.09602
58.54462,-4.09613
58.5447,-4.09626
58.54476,-4.09639
58.54483,-4.09657
58.54496,-4.09692
58.54528,-4.09782
58.54539,-4.09816
58.54549,-4.09848
58.54558,-4.09882
58.54566,-4.09912
58.54572,-4.09945
58.54577,-4.0997
58.54578,-4.0999
58.54579,-4.1001
58.54579,-4.10031
58.54577,-4.10049
58.54574,-4.10068
58.5457,-4.10085
58.54563,-4.10105
58.54557,-4.10118
58.54551,-4.1013
58.54544,-4.10139
58.54536,-4.10148
58.54528,-4.10156
58.5452,-4.10161
58.54512,-4.10165
58.54497,-4.10168
58.5447,-4.1017
58.5445,-4.10171
58.54434,-4.10175
58.54421,-4.10178
58.54402,-4.10186
58.54386,-4.10193
58.54306,-4.10236
58.54287,-4.10248
58.54274,-4.10258
58.54265,-4.10266
58.54254,-4.10278
58.54243,-4.10295
58.54232,-4.10312
58.54221,-4.10334
58.54214,-4.10349
58.54207,-4.10367
58.54186,-4.10437
58.54179,-4.10459
58.54171,-4.1048
58.54165,-4.10493
58.54153,-4.10519
58.54132,-4.10569
58.5411,-4.10627
58.54088,-4.10693
58.54079,-4.10726
58.5407,-4.10756
58.54064,-4.10783
58.54062,-4.10798
58.54059,-4.10812
58.54058,-4.10825
58.54058,-4.1084
58.54058,-4.10854
58.54059,-4.10866
58.54059,-4.10872
58.54062,-4.10891
58.54065,-4.10907
58.54071,-4.10927
58.54077,-4.10945
58.5409,-4.10977
58.54102,-4.11004
58.54107,-4.11021
58.54112,-4.11035
58.54115,-4.11048
58.54117,-4.11065
58.54119,-4.11076
58.5412,-4.11092
58.5412,-4.11106
58.5412,-4.11118
58.54119,-4.11131
58.54117,-4.11143
58.54116,-4.11151
58.54114,-4.11162
58.54112,-4.11173
58.54109,-4.11184
58.54105,-4.11193
58.54102,-4.11203
58.54097,-4.11213
58.54087,-4.11229
58.54078,-4.11241
58.54065,-4.11257
58.54055,-4.11268
58.54046,-4.11279
58.54039,-4.11291
58.54034,-4.113
58.54028,-4.11311
58.54023,-4.11325
58.54018,-4.11341
58.54015,-4.11358
58.54012,-4.11373
58.5401,-4.11388
58.54006,-4.1142
58.54,-4.11499
58.5399,-4.11608
58.53986,-4.11646
58.53982,-4.1167
58.53977,-4.11692
58.53969,-4.11719
58.5396,-4.11746
58.53949,-4.11771
58.53933,-4.11806
58.5392,-4.11838
58.53912,-4.11863
58.53904,-4.1189
58.53897,-4.11917
58.5389,-4.11946
58.53883,-4.11992
58.53876,-4.1205
58.53872,-4.12081
58.53867,-4.12108
58.53861,-4.12134
58.53852,-4.12163
58.53844,-4.12185
58.53837,-4.122
58.53828,-4.12219
58.53816,-4.1224
58.53804,-4.12261
58.53792,-4.12277
58.53777,-4.12296
58.53763,-4.1231
58.53744,-4.12327
58.53728,-4.12339
58.53711,-4.1235
58.53696,-4.12357
58.5368,-4.12363
58.53648,-4.12372
58.53616,-4.1238
58.53601,-4.12385
58.53586,-4.12392
58.53572,-4.124
58.53561,-4.12411
58.53552,-4.12421
58.53543,-4.12435
58.53537,-4.12447
58.5353,-4.12461
58.53524,-4.12478
58.53516,-4.12503
58.535,-4.12562
58.53489,-4.12598
58.53478,-4.12627
58.53469,-4.12652
58.53422,-4.12769
58.53391,-4.12845
58.53384,-4.12865
58.53377,-4.12885
58.53371,-4.12909
58.53367,-4.12927
58.53364,-4.12944
58.53363,-4.12961
58.53361,-4.12981
58.53361,-4.13004
58.53362,-4.13025
58.53364,-4.13083
58.53364,-4.13109
58.53362,-4.13139
58.53361,-4.13158
58.53358,-4.13179
58.53354,-4.13197
58.53349,-4.13213
58.53344,-4.13229
58.53337,-4.13243
58.53329,-4.13259
58.53319,-4.13278
58.53306,-4.13297
58.53259,-4.13369
58.53249,-4.13387
58.53241,-4.13403
58.53236,-4.13419
58.53231,-4.13434
58.53228,-4.13451
58.53226,-4.1347
58.53224,-4.13486
58.53223,-4.13512
58.53221,-4.13606
58.5322,-4.13638
58.53218,-4.13661
58.53215,-4.13681
58.5321,-4.13701
58.53203,-4.13727
58.53192,-4.1376
58.53184,-4.13789
58.53179,-4.13809
58.53174,-4.13833
58.5317,-4.13859
58.53166,-4.13887
58.53165,-4.13917
58.53164,-4.13951
58.53166,-4.13982
58.53169,-4.14016
58.53176,-4.14081
58.53187,-4.14168
58.5319,-4.14208
58.53191,-4.14236
58.5319,-4.14262
58.53184,-4.14348
58.53174,-4.14497
58.53171,-4.14531
58.53166,-4.14558
58.53162,-4.14574
58.53157,-4.14593
58.53138,-4.14646
58.53125,-4.14685
58.53115,-4.14722
58.53093,-4.14802
58.53082,-4.14841
58.53077,-4.14858
58.5307,-4.14874
58.53061,-4.1489
58.53054,-4.149
58.53046,-4.14909
58.53038,-4.14915
58.53029,-4.14919
58.53018,-4.14921
58.53004,-4.14922
58.52877,-4.14911
58.52856,-4.1491
58.52841,-4.14911
58.52833,-4.14912
58.52827,-4.14913
58.52819,-4.14917
58.52813,-4.14922
58.52811,-4.14923
58.52804,-4.14932
58.52798,-4.14942
58.52792,-4.14954
58.52787,-4.14966
58.52781,-4.14987
58.5278,-4.1499
58.52775,-4.15011
58.5277,-4.15034
58.52767,-4.15048
58.52763,-4.15074
58.52762,-4.1508
58.52759,-4.151
58.52757,-4.15119
58.52755,-4.15138
58.52755,-4.15159
58.52755,-4.15181
58.52757,-4.15202
58.5276,-4.15226
58.5279,-4.15392
58.52793,-4.15416
58.52796,-4.15438
58.52796,-4.15457
58.52796,-4.15475
58.52794,-4.15494
58.52791,-4.15508
58.52787,-4.15528
58.52783,-4.15545
58.52776,-4.15564
58.52747,-4.15654
58.52736,-4.15689
58.52702,-4.158
58.52695,-4.15826
58.52688,-4.1585
58.52684,-4.15876
58.52681,-4.15902
58.52678,-4.15929
58.52677,-4.15958
58.52678,-4.15988
58.52679,-4.16013
58.52682,-4.16042
58.5269,-4.16097
58.52712,-4.16241
58.52721,-4.16298
58.52726,-4.16344
58.5273,-4.16377
58.52732,-4.16406
58.52734,-4.16446
58.52735,-4.16503
58.52734,-4.16588
58.52735,-4.16621
58.52736,-4.1665
58.52738,-4.16683
58.52741,-4.16726
58.52745,-4.16768
58.5275,-4.1681
58.52757,-4.16855
58.52764,-4.16891
58.52771,-4.16924
58.52784,-4.16978
58.52796,-4.1702
58.52812,-4.17069
58.52828,-4.17113
58.52859,-4.17191
58.52886,-4.17262
58.529,-4.17307
58.52912,-4.17351
58.52919,-4.1738
58.52925,-4.17411
58.52931,-4.17449
58.52938,-4.17508
58.52944,-4.17564
58.5296,-4.1773
58.52969,-4.17829
58.52982,-4.1797
58.52987,-4.1802
58.52989,-4.18057
58.52992,-4.18092
58.52993,-4.18113
58.52995,-4.18157
58.52996,-4.18195
58.52996,-4.18298
58.52995,-4.18381
58.52995,-4.18456
58.52995,-4.18489
58.52996,-4.18578
58.52997,-4.1866
58.52998,-4.18727
58.52999,-4.18771
58.53,-4.18864
58.52999,-4.18907
58.52997,-4.18977
58.52996,-4.1904
58.52996,-4.19053
58.52992,-4.19082
58.52989,-4.19104
58.52981,-4.19133
58.52958,-4.19225
58.52943,-4.19281
58.52934,-4.19315
58.5293,-4.19342
58.52927,-4.19371
58.52922,-4.19431
58.52919,-4.19467
58.52918,-4.19494
58.52917,-4.19524
58.52918,-4.19574
58.52917,-4.19595
58.52917,-4.19621
58.52915,-4.19643
58.52911,-4.19676
58.52908,-4.19705
58.52907,-4.19722
58.52907,-4.1974
58.52908,-4.19762
58.52909,-4.1978
58.52911,-4.19793
58.52914,-4.19809
58.52918,-4.19824
58.52924,-4.19844
58.52938,-4.19882
58.52944,-4.19899
58.52947,-4.19909
58.5295,-4.19923
58.52951,-4.19933
58.52952,-4.19943
58.52952,-4.19952
58.52952,-4.19961
58.52951,-4.19971
58.52949,-4.19979
58.52947,-4.19989
58.52944,-4.19998
58.52941,-4.20008
58.52937,-4.20017
58.52918,-4.20058
58.52911,-4.20074
58.52908,-4.20083
58.52906,-4.2009
58.52904,-4.20098
58.52903,-4.20106
58.52902,-4.20113
58.529,-4.20123
58.529,-4.20131
58.529,-4.20141
58.52901,-4.20155
58.52902,-4.20169
58.52905,-4.202
58.5291,-4.20239
58.52917,-4.20289
58.5292,-4.20318
58.52922,-4.20338
58.52922,-4.20356
58.52923,-4.20374
58.52923,-4.20384
58.52922,-4.20395
58.52921,-4.20406
58.5292,-4.20417
58.52917,-4.20433
58.52912,-4.20455
58.52907,-4.20472
58.52899,-4.205
58.52879,-4.20566
58.5287,-4.20599
58.52863,-4.20624
58.5286,-4.20636
58.52857,-4.20649
58.52857,-4.20652
58.52855,-4.20663
58.52853,-4.20678
58.52846,-4.20766
58.52843,-4.20807
58.52839,-4.20853
58.52825,-4.20975
58.5282,-4.21034
58.52809,-4.2113
58.52805,-4.21167
58.52804,-4.21196
58.52804,-4.21222
58.52805,-4.21245
58.52805,-4.2126
58.5281,-4.21304
58.52812,-4.2133
58.52813,-4.21351
58.52812,-4.2137
58.52811,-4.21383
58.52809,-4.21392
58.52805,-4.21412
58.52801,-4.21426
58.52797,-4.21435
58.52792,-4.21448
58.52784,-4.21462
58.52732,-4.2155
58.52682,-4.21634
58.52663,-4.21666
58.52655,-4.21681
58.52647,-4.21697
58.52639,-4.21717
58.52628,-4.21744
58.52608,-4.21809
58.52564,-4.2195
58.52558,-4.21969
58.5255,-4.21994
58.52547,-4.22007
58.52546,-4.22011
58.52544,-4.22019
58.52543,-4.22038
58.52541,-4.22073
58.52541,-4.22077
58.52539,-4.22124
58.52536,-4.22145
58.52535,-4.22149
58.52534,-4.22158
58.5253,-4.22171
58.52523,-4.22197
58.52514,-4.2223
58.52495,-4.22313
58.52493,-4.22322
58.5249,-4.22333
58.52489,-4.22337
58.52484,-4.22357
58.52478,-4.22374
58.52471,-4.22391
58.52463,-4.22405
58.52454,-4.22417
58.52446,-4.22427
58.52433,-4.22438
58.52416,-4.22451
58.52381,-4.22475
58.52338,-4.22504
58.52316,-4.2252
58.52305,-4.22526
58.52298,-4.22529
58.5229,-4.22531
58.52281,-4.2253
58.52275,-4.22529
58.52261,-4.22525
58.52246,-4.22519
58.52223,-4.22509
58.52206,-4.22499
58.52197,-4.22491
58.52191,-4.22485
58.52185,-4.2248
58.52147,-4.22442
58.52129,-4.22426
58.52114,-4.22414
58.52111,-4.22411
58.52071,-4.22382
58.52056,-4.22368
58.52041,-4.22353
58.52028,-4.22335
58.52016,-4.22318
58.51998,-4.22291
58.51969,-4.22245
58.51949,-4.22215
58.5194,-4.22203
58.51934,-4.22197
58.51927,-4.22191
58.5192,-4.22187
58.51913,-4.22184
58.51899,-4.2218
58.51814,-4.22163
58.5178,-4.22152
58.51733,-4.22133
58.51712,-4.22122
58.517,-4.22115
58.51689,-4.22107
58.51676,-4.22094
58.51623,-4.22034
58.51578,-4.21981
58.51562,-4.21965
58.51552,-4.21956
58.51541,-4.21946
58.51408,-4.21838
58.5136,-4.21801
58.51342,-4.21786
58.51308,-4.21753
58.51252,-4.21698
58.5124,-4.21684
58.51224,-4.21665
58.5121,-4.21646
58.5115,-4.2156
58.51122,-4.21517
58.51113,-4.21506
58.51108,-4.21501
58.51104,-4.21498
58.511,-4.21497
58.51096,-4.21496
58.51092,-4.21497
58.5109,-4.21498
58.51087,-4.215
58.51085,-4.21501
58.51082,-4.21504
58.51078,-4.21509
58.51076,-4.21514
58.51073,-4.21526
58.5107,-4.21537
58.51044,-4.21645
58.51037,-4.21677
58.51032,-4.21693
58.51031,-4.21696
58.51027,-4.21707
58.51021,-4.21717
58.51015,-4.21727
58.51007,-4.21736
58.50997,-4.21747
58.50942,-4.21796
58.50934,-4.21805
58.50926,-4.21816
58.50919,-4.21826
58.50905,-4.21857
58.50888,-4.21886
58.50874,-4.21914
58.50856,-4.21946
58.5085,-4.21955
58.50843,-4.21967
58.50831,-4.21982
58.50822,-4.21988
58.50813,-4.21995
58.50807,-4.21999
58.50796,-4.22003
58.50788,-4.22006
58.50781,-4.22008
58.50772,-4.22009
58.50766,-4.22009
58.50753,-4.22007
58.50731,-4.22007
58.50706,-4.22004
58.50686,-4.22
58.50672,-4.21995
58.50657,-4.21989
58.50586,-4.21957
58.50577,-4.21951
58.50562,-4.21941
58.50533,-4.21921
58.50514,-4.21907
58.50497,-4.21897
58.5048,-4.21889
58.50441,-4.21871
58.50439,-4.2187
58.50432,-4.21867
58.50344,-4.21831
58.50336,-4.21827
58.50323,-4.21817
58.503,-4.21796
58.50255,-4.21757
58.50239,-4.21747
58.50227,-4.21741
58.50197,-4.2173
58.50166,-4.2172
58.50152,-4.21717
58.50136,-4.21715
58.50122,-4.21716
58.50107,-4.21719
58.50039,-4.21742
58.50025,-4.21746
58.5001,-4.21747
58.49997,-4.21748
58.49987,-4.21747
58.49961,-4.21741
58.49947,-4.21738
58.49936,-4.21736
58.49904,-4.21733
58.49869,-4.21733
58.49804,-4.21732
58.49776,-4.21729
58.49748,-4.21724
58.49719,-4.21716
58.4968,-4.21706
58.49661,-4.21697
58.49593,-4.21657
58.49537,-4.21618
58.49469,-4.21566
58.4943,-4.21539
58.49397,-4.21521
58.49375,-4.21511
58.49345,-4.21501
58.4929,-4.21483
58.49226,-4.21459
58.49204,-4.21449
58.49181,-4.2143
58.49163,-4.21412
58.49144,-4.2139
58.49107,-4.21347
58.49098,-4.21337
58.49084,-4.21326
58.49072,-4.21317
58.49062,-4.21311
58.49048,-4.21304
58.48971,-4.21268
58.48951,-4.21257
58.4891,-4.21243
58.489,-4.21242
58.48887,-4.21239
58.48871,-4.21236
58.48851,-4.21235
58.48838,-4.21236
58.48815,-4.21239
58.48797,-4.21245
58.48772,-4.21255
58.48761,-4.21261
58.48748,-4.2127
58.48738,-4.21281
58.48726,-4.21295
58.48713,-4.21317
58.487,-4.21341
58.48546,-4.21639
58.48529,-4.21673
58.48521,-4.21695
58.48515,-4.21716
58.48508,-4.21741
58.48504,-4.21767
58.485,-4.21797
58.48498,-4.21829
58.48496,-4.21861
58.48493,-4.21913
58.4849,-4.2195
58.48485,-4.21995
58.48475,-4.22065
58.48458,-4.22202
58.48455,-4.22232
58.48453,-4.22261
58.48452,-4.22298
58.48451,-4.2233
58.48443,-4.22802
58.48443,-4.22854
58.48446,-4.23008
58.48447,-4.23082
58.48443,-4.23161
58.48445,-4.23227
58.48452,-4.23282
58.48454,-4.23363
58.48453,-4.23413
58.48439,-4.23566
58.48438,-4.23624
58.4844,-4.23688
58.48446,-4.23742
58.48446,-4.2381
58.48439,-4.23872
58.48417,-4.2401
58.48409,-4.24108
58.484,-4.24261
58.48396,-4.24307
58.48383,-4.24433
58.48381,-4.24499
58.48384,-4.24612
58.48381,-4.24697
58.48374,-4.24779
58.48372,-4.24883
58.48375,-4.24928
58.48382,-4.24972
58.48398,-4.25023
58.48413,-4.25055
58.48418,-4.25067
58.48431,-4.25083
58.48435,-4.25089
58.48492,-4.25168
58.4852,-4.25213
58.48533,-4.25245
58.48546,-4.25288
58.48557,-4.25353
58.48569,-4.25458
58.48579,-4.25562
58.48589,-4.25624
58.48617,-4.25722
58.48643,-4.25822
58.48651,-4.25882
58.48665,-4.25965
58.48686,-4.26058
58.48747,-4.26233
58.48796,-4.26385
58.48829,-4.26479
58.48879,-4.26571
58.48909,-4.26618
58.4893,-4.26636
58.48979,-4.26674
58.48987,-4.26681
58.49001,-4.26695
58.49041,-4.2675
58.4908,-4.26805
58.49142,-4.26884
58.49221,-4.26959
58.49269,-4.27001
58.49331,-4.27074
58.49437,-4.27214
58.49462,-4.27248
58.49498,-4.2734
58.49509,-4.27375
58.49525,-4.27439
58.49544,-4.27535
58.49573,-4.27695
58.49605,-4.27847
58.49647,-4.28029
58.49656,-4.28086
58.49662,-4.28215
58.49659,-4.28283
58.49642,-4.28514
58.4964,-4.28584
58.4964,-4.28601
58.4964,-4.28605
58.49638,-4.2869
58.49637,-4.28767
58.49635,-4.28815
58.49631,-4.28851
58.49624,-4.28896
58.49612,-4.28945
58.4959,-4.29023
58.49572,-4.29101
58.49566,-4.29167
58.49568,-4.29223
58.49576,-4.29309
58.49579,-4.29354
58.4958,-4.29397
58.49575,-4.29445
58.49569,-4.29492
58.49519,-4.29834
58.49521,-4.29969
58.49517,-4.30077
58.49486,-4.30295
58.49478,-4.30355
58.4948,-4.30426
58.49491,-4.30475
58.49508,-4.30538
58.496,-4.30747
58.49621,-4.30801
58.49638,-4.30866
58.49651,-4.30946
58.4967,-4.31147
58.4969,-4.31335
58.49695,-4.3137
58.49768,-4.31705
58.49839,-4.32105
58.49849,-4.32157
58.49862,-4.32209
58.49878,-4.32263
58.49896,-4.32309
58.49922,-4.32359
58.49961,-4.32439
58.49991,-4.3248
58.50024,-4.32523
58.50039,-4.32559
58.50065,-4.32677
58.50078,-4.32721
58.50104,-4.3277
58.50233,-4.32968
58.50247,-4.32999
58.50259,-4.33034
58.50276,-4.33098
58.50284,-4.33163
58.50312,-4.33438
58.50311,-4.33491
58.50308,-4.33535
58.50298,-4.33579
58.50244,-4.33739
58.50229,-4.33784
58.50223,-4.33808
58.50217,-4.3384
58.50213,-4.33873
58.50212,-4.3391
58.50215,-4.34
58.50216,-4.34032
58.50216,-4.34069
58.50213,-4.34105
58.50205,-4.34129
58.50195,-4.34153
58.50182,-4.34171
58.50164,-4.34191
58.50139,-4.34215
58.50111,-4.34248
58.501,-4.34263
58.50035,-4.34399
58.49931,-4.34624
58.49874,-4.3475
58.49872,-4.34756
58.49858,-4.34785
58.49802,-4.34923
58.4979,-4.3495
58.49781,-4.34979
58.49775,-4.35005
58.49771,-4.35037
58.49768,-4.35112
58.49773,-4.35222
58.49781,-4.35334
58.49798,-4.35412
58.49833,-4.35464
58.49963,-4.35583
58.50081,-4.35684
58.50122,-4.3573
58.50136,-4.35766
58.50143,-4.35795
58.50145,-4.35854
58.50147,-4.35959
58.50144,-4.36024
58.50148,-4.36086
58.5015,-4.36158
58.5016,-4.36277
58.50179,-4.36366
58.50195,-4.36453
58.50196,-4.36481
58.50195,-4.36506
58.50193,-4.36521
58.50185,-4.36553
58.5017,-4.36581
58.50146,-4.36599
58.50135,-4.36604
58.50114,-4.36612
58.50105,-4.36617
58.50077,-4.36633
58.50044,-4.36672
58.50027,-4.36719
58.50022,-4.36786
58.50032,-4.36841
58.50047,-4.36891
58.50141,-4.37103
58.5016,-4.37149
58.50234,-4.37324
58.50236,-4.37338
58.50278,-4.37538
58.50292,-4.37617
58.50301,-4.37636
58.50311,-4.37654
58.50372,-4.37716
58.5045,-4.37783
58.50498,-4.37803
58.50555,-4.37816
58.50584,-4.37844
58.50598,-4.37872
58.50605,-4.37889
58.50607,-4.37898
58.5061,-4.37918
58.50612,-4.37952
58.50612,-4.37962
58.50612,-4.38026
58.50611,-4.38089
58.50615,-4.38213
58.50617,-4.3827
58.50619,-4.38332
58.5062,-4.38383
58.50618,-4.384
58.50609,-4.38447
58.50602,-4.38485
58.50596,-4.38506
58.50597,-4.38531
58.506,-4.38557
58.5061,-4.38592
58.50621,-4.38628
58.50626,-4.38649
58.50634,-4.38686
58.50638,-4.38705
58.50644,-4.38753
58.50655,-4.38824
58.50661,-4.38869
58.50665,-4.38916
58.50665,-4.38944
58.50664,-4.38971
58.5066,-4.39003
58.50655,-4.39029
58.50653,-4.39037
58.50647,-4.39057
58.50639,-4.39076
58.5063,-4.39095
58.50602,-4.39144
58.50577,-4.39185
58.50545,-4.39235
58.50514,-4.39285
58.50499,-4.3931
58.50477,-4.39335
58.50448,-4.39357
58.50406,-4.39378
58.50366,-4.39397
58.50325,-4.39416
58.50273,-4.39449
58.50214,-4.39513
58.50163,-4.3958
58.50134,-4.39647
58.50064,-4.3986
58.50045,-4.39919
58.50025,-4.39959
58.4998,-4.40055
58.49941,-4.40135
58.49918,-4.40189
58.49888,-4.40252
58.49866,-4.40301
58.49838,-4.4038
58.49824,-4.40438
58.4981,-4.40502
58.49796,-4.40581
58.4979,-4.40606
58.49781,-4.40633
58.4976,-4.40683
58.49742,-4.4073
58.49712,-4.40799
58.49688,-4.40854
58.49662,-4.4091
58.49636,-4.40942
58.49612,-4.40965
58.49595,-4.40972
58.49587,-4.40976
58.49591,-4.4099
58.49602,-4.40995
58.49624,-4.40992
58.49637,-4.40981
58.49653,-4.40959
58.49673,-4.40939
58.49689,-4.40931
58.49703,-4.40926
58.49734,-4.40921
58.49811,-4.40919
58.49832,-4.40926
58.49838,-4.40939
58.49837,-4.4096
58.49815,-4.41038
58.49792,-4.41101
58.49732,-4.41228
58.49663,-4.41399
58.49644,-4.4144
58.4958,-4.41542
58.49533,-4.41642
58.49474,-4.41779
58.49442,-4.41872
58.49424,-4.41899
58.49386,-4.4194
58.49362,-4.41962
58.49348,-4.41978
58.49335,-4.42011
58.49334,-4.42027
58.4933,-4.42068
58.49326,-4.42135
58.49332,-4.42217
58.49334,-4.42264
58.49325,-4.42392
58.49315,-4.42481
58.49289,-4.42651
58.49281,-4.42761
58.49275,-4.42873
58.49272,-4.42907
58.49268,-4.42936
58.49268,-4.42943
58.49264,-4.42962
58.4926,-4.42972
58.49241,-4.4298
58.49245,-4.43039
58.49246,-4.43076
58.49246,-4.43106
58.49245,-4.43144
58.49231,-4.43348
58.49227,-4.43408
58.49218,-4.43565
58.49213,-4.43636
58.49213,-4.43771
58.49215,-4.43899
58.49223,-4.44013
58.49232,-4.44125
58.4926,-4.44316
58.493,-4.44504
58.49323,-4.44594
58.4935,-4.44688
58.49408,-4.44848
58.49468,-4.44981
58.4958,-4.45223
58.49656,-4.4538
58.49657,-4.45382
58.49697,-4.45471
58.49719,-4.4555
58.49729,-4.45588
58.49732,-4.45601
58.49739,-4.4563
58.49765,-4.45779
58.49774,-4.45872
58.49777,-4.45953
58.49778,-4.46002
58.49775,-4.46074
58.49765,-4.46195
58.49651,-4.46961
58.49617,-4.472
58.49608,-4.47324
58.49608,-4.4747
58.49615,-4.47605
58.49671,-4.48103
58.49678,-4.48157
58.49686,-4.48212
58.49697,-4.48269
58.49711,-4.48309
58.49733,-4.48354
58.49742,-4.48372
58.49749,-4.48381
58.49767,-4.48401
58.49795,-4.48418
58.49823,-4.48428
58.49883,-4.48448
58.49941,-4.4848
58.49997,-4.4852
58.50024,-4.48553
58.50053,-4.48586
58.50094,-4.4864
58.5011,-4.48673
58.50128,-4.48713
58.50169,-4.48808
58.50201,-4.48916
58.50231,-4.48999
58.50257,-4.49065
58.50285,-4.49137
58.5035,-4.49264
58.50378,-4.49342
58.50405,-4.49435
58.50423,-4.49519
58.50431,-4.49611
58.50433,-4.49684
58.50432,-4.50001
58.50421,-4.50578
58.50421,-4.50643
58.50414,-4.51101
58.50413,-4.51242
58.5041,-4.51354
58.50403,-4.51433
58.50399,-4.51476
58.50394,-4.51509
58.50388,-4.51544
58.50382,-4.51581
58.50369,-4.51645
58.50348,-4.51727
58.50289,-4.51901
58.50269,-4.51965
58.5025,-4.52034
58.50237,-4.52091
58.50219,-4.52185
58.50201,-4.52344
58.50187,-4.52553
58.50178,-4.52916
58.50185,-4.53248
58.50196,-4.53427
58.50212,-4.53577
58.50215,-4.53596
58.50225,-4.53669
58.50241,-4.53759
58.50265,-4.5387
58.50318,-4.54077
58.50432,-4.54522
58.50477,-4.54692
58.50532,-4.54903
58.50564,-4.55042
58.50584,-4.55178
58.50593,-4.55292
58.50597,-4.55413
58.50593,-4.55514
58.5059,-4.55606
58.50581,-4.55676
58.50571,-4.55746
58.50551,-4.5585
58.50529,-4.55942
58.50493,-4.56081
58.50475,-4.56195
58.50467,-4.56319
58.50469,-4.56422
58.50472,-4.56486
58.50482,-4.56647
58.50483,-4.56716
58.50476,-4.56829
58.50465,-4.56919
58.5045,-4.56998
58.50437,-4.57046
58.50405,-4.57137
58.50387,-4.57178
58.50366,-4.57216
58.503,-4.57316
58.50284,-4.57344
58.50237,-4.5744
58.50215,-4.57501
58.50196,-4.57567
58.50174,-4.57664
58.50164,-4.57747
58.50158,-4.57866
58.50156,-4.57992
58.50162,-4.58199
58.50169,-4.58385
58.5018,-4.58527
58.50195,-4.58703
58.50197,-4.58746
58.50197,-4.59013
58.50197,-4.5908
58.502,-4.5915
58.50201,-4.59164
58.50209,-4.59226
58.50222,-4.59279
58.5024,-4.59339
58.5026,-4.59387
58.50281,-4.5943
58.5037,-4.59533
58.50428,-4.59591
58.50482,-4.59632
58.5054,-4.59675
58.50566,-4.59709
58.50597,-4.59757
58.50615,-4.59814
58.50627,-4.59894
58.50632,-4.59997
58.50629,-4.6014
58.50622,-4.60254
58.50568,-4.60943
58.50552,-4.61029
58.50529,-4.61111
58.50514,-4.61158
58.50482,-4.61224
58.50456,-4.61269
58.50428,-4.61306
58.50331,-4.61406
58.50316,-4.61427
58.50304,-4.61458
58.50301,-4.61483
58.50301,-4.61489
58.50299,-4.61507
58.50302,-4.61546
58.50311,-4.61578
58.50337,-4.61638
58.50345,-4.61666
58.50353,-4.61694
58.50358,-4.61732
58.50358,-4.61767
58.50356,-4.61795
58.5035,-4.61821
58.50338,-4.61852
58.50327,-4.61873
58.50316,-4.61888
58.50296,-4.61904
58.50282,-4.61906
58.5027,-4.61908
58.50268,-4.61908
58.50251,-4.61908
58.50241,-4.61905
58.502,-4.61903
58.50184,-4.61912
58.50173,-4.6193
58.50167,-4.6195
58.50166,-4.61976
58.50167,-4.62
58.50172,-4.62022
58.50187,-4.62048
58.50226,-4.62105
58.50241,-4.62128
58.5026,-4.62145
58.5028,-4.62154
58.50299,-4.62149
58.50321,-4.6212
58.50333,-4.62105
58.50345,-4.62098
58.50356,-4.62097
58.50366,-4.62099
58.50374,-4.62104
58.50383,-4.62114
58.50418,-4.62196
58.50429,-4.6223
58.50435,-4.62268
58.50435,-4.62312
58.50429,-4.62361
58.50426,-4.62383
58.50418,-4.62408
58.50405,-4.62436
58.50387,-4.62465
58.50336,-4.62512
58.50316,-4.62536
58.49931,-4.63088
58.49919,-4.63119
58.49912,-4.63151
58.49908,-4.63185
58.49908,-4.63224
58.49913,-4.63273
58.49924,-4.63314
58.49941,-4.63347
58.49962,-4.63372
58.49981,-4.63386
58.50014,-4.63398
58.50053,-4.63413
58.50083,-4.63438
58.50108,-4.63469
58.50126,-4.63505
58.50162,-4.63634
58.50178,-4.63703
58.50189,-4.63763
58.50193,-4.63828
58.50191,-4.63887
58.50138,-4.64327
58.50135,-4.64369
58.50134,-4.64399
58.50137,-4.64429
58.50141,-4.64455
58.50146,-4.64482
58.50155,-4.64509
58.50168,-4.64541
58.5018,-4.64559
58.50194,-4.64575
58.50229,-4.64609
58.50265,-4.64648
58.50308,-4.64694
58.50346,-4.6475
58.50365,-4.64782
58.50377,-4.64829
58.50381,-4.64871
58.50381,-4.64915
58.50375,-4.65005
58.50375,-4.65038
58.50382,-4.65096
58.50402,-4.65184
58.50409,-4.65227
58.50409,-4.65273
58.50404,-4.65318
58.50392,-4.65365
58.50386,-4.65384
58.50376,-4.65407
58.5036,-4.65429
58.50031,-4.65757
58.50006,-4.65782
58.4999,-4.65795
58.49977,-4.65805
58.49945,-4.65816
58.49911,-4.65813
58.49853,-4.6579
58.49819,-4.65778
58.49799,-4.65775
58.49778,-4.6578
58.49756,-4.65788
58.49727,-4.65809
58.49644,-4.65887
58.49567,-4.6596
58.49555,-4.65972
58.49537,-4.6599
58.49523,-4.66002
58.49505,-4.66019
58.4946,-4.66045
58.49378,-4.66082
58.49351,-4.66094
58.49329,-4.66105
58.49306,-4.66117
58.49296,-4.66123
58.49285,-4.66129
58.49255,-4.66148
58.4923,-4.66163
58.49182,-4.66189
58.4911,-4.66211
58.4908,-4.66221
58.49064,-4.66224
58.4905,-4.66223
58.48938,-4.66189
58.48887,-4.66163
58.48839,-4.66149
58.48816,-4.66139
58.48793,-4.66128
58.48773,-4.66118
58.4876,-4.66113
58.4875,-4.66111
58.48741,-4.6611
58.48712,-4.66111
58.48698,-4.66111
58.48687,-4.6611
58.48676,-4.66108
58.48664,-4.66104
58.48653,-4.661
58.48642,-4.66094
58.48621,-4.66078
58.48608,-4.66067
58.48598,-4.66062
58.48589,-4.66057
58.4858,-4.66055
58.4857,-4.66055
58.48543,-4.66064
58.48481,-4.66096
58.48435,-4.66133
58.48351,-4.66213
58.48321,-4.66248
58.48227,-4.66368
58.48213,-4.66394
58.482,-4.6643
58.48185,-4.66456
58.4816,-4.6647
58.48138,-4.66488
58.48121,-4.66514
58.48114,-4.66542
58.48112,-4.66587
58.48115,-4.66637
58.48147,-4.66854
58.48152,-4.66872
58.48154,-4.66882
58.48157,-4.66889
58.48164,-4.66905
58.48176,-4.6693
58.48195,-4.66964
58.48211,-4.66992
58.48218,-4.67007
58.48224,-4.67026
58.48229,-4.67047
58.48239,-4.67095
58.48258,-4.67204
58.48264,-4.67239
58.48267,-4.67282
58.48256,-4.67339
58.48238,-4.67387
58.48222,-4.67415
58.48195,-4.67451
58.48151,-4.67492
58.4809,-4.67543
58.47999,-4.67599
58.47975,-4.67609
58.47957,-4.67609
58.47912,-4.67603
58.47877,-4.67596
58.47874,-4.67596
58.47843,-4.67604
58.4782,-4.67625
58.47769,-4.67685
58.47742,-4.67714
58.47709,-4.67753
58.47695,-4.6778
58.47681,-4.67819
58.47658,-4.67892
58.47638,-4.67943
58.47619,-4.67977
58.47592,-4.68017
58.47557,-4.68057
58.47541,-4.68073
58.47531,-4.68081
58.47512,-4.68087
58.47497,-4.68087
58.47482,-4.68084
58.47466,-4.6808
58.47447,-4.68075
58.47437,-4.68073
58.47427,-4.68074
58.47419,-4.68076
58.4741,-4.6808
58.47403,-4.68084
58.47397,-4.68089
58.47386,-4.681
58.47365,-4.68123
58.47342,-4.68147
58.47333,-4.68158
58.47323,-4.68169
58.47303,-4.68189
58.47284,-4.68193
58.47266,-4.68191
58.47174,-4.68142
58.47153,-4.68139
58.47139,-4.68142
58.47123,-4.68148
58.47102,-4.68166
58.47087,-4.6819
58.47074,-4.68214
58.47057,-4.68249
58.4704,-4.68274
58.46979,-4.6835
58.46953,-4.68378
58.46929,-4.68402
58.46884,-4.68467
58.46841,-4.68544
58.46794,-4.68626
58.4674,-4.68779
58.46693,-4.68905
58.46678,-4.6895
58.46678,-4.68952
58.46671,-4.68974
58.46669,-4.68983
58.46665,-4.68998
58.46661,-4.69021
58.46658,-4.69047
58.46657,-4.6907
58.46657,-4.69075
58.46656,-4.69078
58.46656,-4.69086
58.46656,-4.69104
58.46657,-4.69139
58.46658,-4.69202
58.4666,-4.69305
58.46661,-4.69346
58.46659,-4.69379
58.46656,-4.69401
58.46653,-4.69421
58.46647,-4.69449
58.4664,-4.69476
58.46629,-4.69508
58.46605,-4.69582
58.4659,-4.69626
58.4658,-4.69651
58.46571,-4.69666
58.46563,-4.69679
58.4656,-4.69683
58.46545,-4.69692
58.46529,-4.69696
58.46487,-4.69699
58.46447,-4.69702
58.46402,-4.69701
58.4637,-4.6971
58.46353,-4.69723
58.46339,-4.69747
58.46333,-4.69759
58.46327,-4.69773
58.46322,-4.69789
58.46317,-4.69812
58.46313,-4.69832
58.46306,-4.69868
58.46302,-4.69897
58.463,-4.6991
58.463,-4.69924
58.463,-4.69939
58.46301,-4.69955
58.46306,-4.69995
58.46308,-4.70021
58.46308,-4.70028
58.46308,-4.70045
58.46306,-4.70069
58.46302,-4.7009
58.46296,-4.70118
58.4629,-4.70142
58.46284,-4.70165
58.46278,-4.70182
58.46271,-4.70193
58.46236,-4.70244
58.46216,-4.70273
58.4619,-4.70285
58.46162,-4.70291
58.46142,-4.70308
58.46126,-4.7033
58.46114,-4.70359
58.46098,-4.70424
58.46087,-4.70464
58.46076,-4.70486
58.46062,-4.70508
58.46008,-4.70572
58.45995,-4.70591
58.45981,-4.70628
58.45962,-4.70679
58.45949,-4.70703
58.45934,-4.70719
58.45913,-4.70729
58.45865,-4.70742
58.45835,-4.70761
58.45819,-4.7078
58.45802,-4.70811
58.45785,-4.70853
58.45753,-4.70962
58.45734,-4.71059
58.45731,-4.71092
58.45732,-4.71117
58.45737,-4.71153
58.45749,-4.71193
58.45754,-4.7123
58.45754,-4.7127
58.45714,-4.71532
58.45701,-4.71616
58.45684,-4.71694
58.45668,-4.71748
58.45598,-4.71954
58.4557,-4.72046
58.45563,-4.72104
58.45561,-4.72164
58.45565,-4.72207
58.45571,-4.72236
58.45575,-4.72251
58.45586,-4.72289
58.45614,-4.72347
58.45675,-4.72463
58.45692,-4.72505
58.45699,-4.72527
58.457,-4.72552
58.45697,-4.72575
58.45694,-4.7259
58.45687,-4.72608
58.45673,-4.72623
58.45639,-4.72633
58.45609,-4.72649
58.45568,-4.72679
58.45556,-4.72693
58.45521,-4.72738
58.45473,-4.728
58.45444,-4.72831
58.45406,-4.72865
58.45379,-4.72896
58.45354,-4.72932
58.45328,-4.7298
58.45308,-4.73009
58.45181,-4.73115
58.45161,-4.7314
58.45103,-4.73237
58.45082,-4.73265
58.45068,-4.73278
58.45016,-4.73306
58.44766,-4.73492
58.44724,-4.73529
58.44671,-4.73588
58.44614,-4.73674
58.44583,-4.73717
58.44555,-4.73761
58.44532,-4.73805
58.44515,-4.73852
58.44501,-4.73908
58.4449,-4.73978
58.44487,-4.74041
58.4448,-4.74194
58.44479,-4.74259
58.44483,-4.74356
58.44483,-4.74424
58.44483,-4.74484
58.44482,-4.7454
58.44386,-4.75251
58.44385,-4.7529
58.4439,-4.75344
58.44399,-4.75371
58.44409,-4.75396
58.44421,-4.75413
58.44591,-4.75563
58.44602,-4.75577
58.44687,-4.75713
58.44725,-4.75778
58.44749,-4.75812
58.44764,-4.75845
58.44772,-4.75877
58.44779,-4.7591
58.44786,-4.75963
58.44809,-4.76124
58.44817,-4.76157
58.4483,-4.76191
58.44857,-4.76221
58.44878,-4.76233
58.449,-4.76233
58.44919,-4.76224
58.44938,-4.76201
58.44975,-4.76141
58.44992,-4.76111
58.45083,-4.7601
58.45098,-4.75993
58.4512,-4.75968
58.45133,-4.75954
58.45155,-4.75942
58.45199,-4.75924
58.4527,-4.75894
58.45307,-4.75882
58.45328,-4.75887
58.45392,-4.75911
58.45457,-4.75934
58.45483,-4.75941
58.45524,-4.75934
58.45541,-4.75934
58.45554,-4.75938
58.45643,-4.75963
58.45661,-4.75969
58.4568,-4.75961
58.45769,-4.7588
58.45806,-4.75854
58.45934,-4.75764
58.45976,-4.75734
58.46008,-4.75705
58.46037,-4.75662
58.46068,-4.75616
58.46101,-4.75566
58.46165,-4.75499
58.46198,-4.7546
58.46227,-4.75412
58.46256,-4.75352
58.46274,-4.75304
58.46307,-4.75211
58.4632,-4.75182
58.46359,-4.75122
58.46376,-4.75076
58.46393,-4.75029
58.46437,-4.74956
58.46465,-4.749
58.46494,-4.74814
58.46505,-4.7479
58.46517,-4.74774
58.4655,-4.7474
58.46669,-4.74648
58.46699,-4.74627
58.46721,-4.74605
58.46734,-4.74581
58.46759,-4.74539
58.46788,-4.74502
58.46832,-4.7447
58.46876,-4.74441
58.46915,-4.74416
58.4694,-4.74388
58.46958,-4.74351
58.46994,-4.74275
58.47031,-4.74191
58.47053,-4.74155
58.47116,-4.74085
58.47136,-4.7406
58.47161,-4.74018
58.473,-4.73727
58.4733,-4.73681
58.47361,-4.73648
58.47396,-4.73625
58.47412,-4.73613
58.47558,-4.73509
58.47665,-4.73429
58.47731,-4.7339
58.47767,-4.73365
58.47806,-4.73322
58.47827,-4.73305
58.47864,-4.73286
58.47891,-4.73271
58.47913,-4.73253
58.47934,-4.73221
58.47956,-4.73187
58.47972,-4.73168
58.48009,-4.73135
58.48026,-4.73121
58.48055,-4.73107
58.48088,-4.73096
58.48097,-4.73093
58.48135,-4.7308
58.48162,-4.73068
58.48187,-4.7305
58.48193,-4.73044
58.48267,-4.72972
58.48292,-4.72952
58.48315,-4.72936
58.48357,-4.72905
58.48385,-4.72884
58.48413,-4.72856
58.48433,-4.72834
58.48458,-4.72795
58.48482,-4.72765
58.48502,-4.72747
58.48522,-4.72738
58.48544,-4.72733
58.48558,-4.72731
58.48577,-4.72728
58.48595,-4.7272
58.48652,-4.72678
58.48669,-4.72668
58.48704,-4.72658
58.48727,-4.72652
58.48748,-4.72644
58.48792,-4.72607
58.48806,-4.72599
58.48822,-4.72595
58.48856,-4.72593
58.48878,-4.7259
58.4891,-4.72578
58.48929,-4.72566
58.4894,-4.72557
58.48946,-4.7255
58.48958,-4.72534
58.48972,-4.72509
58.4898,-4.72493
58.48984,-4.72486
58.48996,-4.72462
58.49006,-4.72444
58.49017,-4.7243
58.49029,-4.72419
58.49042,-4.72412
58.49056,-4.72408
58.49093,-4.72403
58.49102,-4.72403
58.49116,-4.72404
58.4913,-4.724
58.49152,-4.72397
58.49159,-4.72395
58.49178,-4.72384
58.4921,-4.72359
58.4924,-4.72326
58.49256,-4.72305
58.49266,-4.72287
58.49294,-4.72234
58.49304,-4.72214
58.49323,-4.72191
58.49325,-4.7219
58.49358,-4.72157
58.49387,-4.72135
58.49442,-4.7209
58.49475,-4.72058
58.49489,-4.72043
58.49506,-4.72014
58.49519,-4.71993
58.49549,-4.71945
58.49566,-4.71924
58.49601,-4.71896
58.49615,-4.71886
58.49633,-4.71875
58.49655,-4.7186
58.49681,-4.71832
58.49692,-4.71814
58.497,-4.71798
58.49706,-4.71787
58.49713,-4.71771
58.49716,-4.71763
58.49719,-4.71756
58.49752,-4.71666
58.49758,-4.71652
58.49767,-4.71634
58.49777,-4.71619
58.4979,-4.716
58.49803,-4.71581
58.49815,-4.71562
58.49829,-4.71541
58.49843,-4.71522
58.49854,-4.71506
58.49866,-4.71492
58.49895,-4.71465
58.49923,-4.71436
58.49939,-4.71419
58.4995,-4.714
58.49968,-4.71355
58.4997,-4.7135
58.49975,-4.71339
58.4999,-4.71301
58.50003,-4.71271
58.50006,-4.71264
58.50009,-4.71258
58.50019,-4.71239
58.50034,-4.71213
58.50064,-4.71163
58.50074,-4.71138
58.50112,-4.71074
58.50125,-4.71052
58.50128,-4.71049
58.5019,-4.70944
58.50211,-4.70912
58.50232,-4.70885
58.50271,-4.7086
58.50286,-4.7085
58.50328,-4.70821
58.50356,-4.70783
58.50381,-4.70746
58.50405,-4.70693
58.50421,-4.70672
58.50443,-4.70658
58.50496,-4.70642
58.50504,-4.70642
58.50519,-4.70643
58.50563,-4.70657
58.50584,-4.70655
58.5061,-4.70641
58.50621,-4.70633
58.50633,-4.70624
58.50644,-4.70609
58.50663,-4.70579
58.50679,-4.70542
58.50705,-4.70494
58.50717,-4.70478
58.50771,-4.70416
58.50784,-4.70397
58.50808,-4.70346
58.50845,-4.70253
58.50866,-4.70199
58.5088,-4.70171
58.50895,-4.70152
58.50908,-4.70141
58.50925,-4.70134
58.50944,-4.70134
58.50973,-4.70149
58.51008,-4.70161
58.5102,-4.70166
58.51026,-4.70166
58.51056,-4.70162
58.51075,-4.70149
58.51094,-4.70131
58.51109,-4.70109
58.51126,-4.70069
58.51157,-4.6993
58.51167,-4.69898
58.51181,-4.69867
58.51204,-4.69834
58.51246,-4.69778
58.51308,-4.69692
58.51327,-4.69668
58.51346,-4.69655
58.51402,-4.69636
58.51435,-4.69612
58.5146,-4.69575
58.51483,-4.69512
58.51503,-4.6945
58.51518,-4.69414
58.51549,-4.69371
58.5158,-4.69336
58.51598,-4.69323
58.51607,-4.69316
58.51789,-4.69216
58.51816,-4.69192
58.51842,-4.69153
58.51866,-4.69084
58.51883,-4.69047
58.51937,-4.68943
58.51981,-4.68858
58.52022,-4.6875
58.52061,-4.6863
58.52081,-4.68572
58.52104,-4.68536
58.52133,-4.68515
58.52173,-4.68509
58.52251,-4.68505
58.52306,-4.68491
58.52333,-4.68471
58.52357,-4.68445
58.52388,-4.68403
58.52407,-4.68387
58.52423,-4.68383
58.5244,-4.68381
58.52462,-4.68392
58.52482,-4.68403
58.52487,-4.68405
58.52492,-4.68406
58.52498,-4.68407
58.52504,-4.68408
58.52509,-4.68407
58.52517,-4.68405
58.52525,-4.68401
58.52531,-4.68397
58.52576,-4.68357
58.5269,-4.6824
58.52749,-4.68193
58.52839,-4.6808
58.52996,-4.67929
58.531,-4.67807
58.532,-4.67686
58.5323,-4.67653
58.53237,-4.6765
58.53252,-4.6764
58.53423,-4.67544
58.53445,-4.6754
58.53472,-4.67546
58.5353,-4.67578
58.53587,-4.67607
58.53616,-4.67615
58.53644,-4.67617
58.53711,-4.67601
58.53845,-4.67564
58.53885,-4.67555
58.5392,-4.67559
58.53956,-4.67567
58.54005,-4.67569
58.54048,-4.67557
58.54125,-4.67527
58.5415,-4.67509
58.54184,-4.67468
58.5425,-4.67367
58.5427,-4.67336
58.54294,-4.67318
58.54318,-4.67323
58.54418,-4.67361
58.54517,-4.67388
58.54601,-4.67402
58.54664,-4.67433
58.547,-4.67438
58.54731,-4.67445
58.54749,-4.6746
58.54762,-4.67479
58.54769,-4.67491
58.54776,-4.67519
58.54781,-4.67539
58.54795,-4.67594
58.54797,-4.67598
58.54814,-4.67663
58.5482,-4.67675
58.54833,-4.67688
58.54857,-4.67712
58.54878,-4.67733
58.54892,-4.6775
58.54902,-4.67766
58.54908,-4.67783
58.54913,-4.67799
58.54917,-4.67814
58.5492,-4.67842
58.54918,-4.67882
58.54913,-4.67932
58.54906,-4.6796
58.54886,-4.68015
58.54874,-4.68051
58.54872,-4.6808
58.54874,-4.68102
58.54878,-4.68112
58.54885,-4.68121
58.54896,-4.68126
58.54965,-4.68146
58.5499,-4.68152
58.54999,-4.68155
58.55007,-4.68162
58.55017,-4.68173
58.55024,-4.68185
58.55037,-4.6821
58.55071,-4.68262
58.55076,-4.68273
58.55081,-4.68285
58.55084,-4.68295
58.55089,-4.68316
58.55095,-4.6834
58.55107,-4.68392
58.5511,-4.68408
58.55111,-4.68423
58.55112,-4.68454
58.55117,-4.68506
58.55123,-4.68572
58.55128,-4.68614
58.55157,-4.68793
58.55164,-4.68867
58.55166,-4.68926
58.5517,-4.68979
58.5518,-4.6902
58.55205,-4.69065
58.55246,-4.69122
58.55282,-4.69169
58.55306,-4.692
58.55325,-4.69226
58.55337,-4.69246
58.5535,-4.69266
58.55357,-4.6928
58.55364,-4.693
58.55371,-4.6934
58.55374,-4.69423
58.55379,-4.69505
58.55381,-4.69521
58.55382,-4.69536
58.55408,-4.69663
58.55433,-4.698
58.55436,-4.69818
58.55439,-4.69839
58.55441,-4.69858
58.55441,-4.69872
58.55441,-4.69886
58.55441,-4.69902
58.5544,-4.69915
58.55438,-4.69937
58.55436,-4.69955
58.55434,-4.69973
58.55426,-4.70042
58.55425,-4.7006
58.55419,-4.7012
58.55418,-4.7013
58.55415,-4.70185
58.55414,-4.70203
58.55404,-4.70349
58.55404,-4.70376
58.55406,-4.70403
58.55407,-4.70414
58.55409,-4.70426
58.55413,-4.70444
58.55419,-4.7047
58.55429,-4.70496
58.55448,-4.70532
58.55465,-4.70567
58.5549,-4.70616
58.55499,-4.7063
58.55515,-4.70636
58.55531,-4.70632
58.55562,-4.70605
58.55578,-4.706
58.55595,-4.70602
58.5561,-4.70604
58.55645,-4.7062
58.55692,-4.70641
58.55717,-4.7065
58.55768,-4.70669
58.55789,-4.70684
58.55804,-4.70709
58.55819,-4.70748
58.55827,-4.70788
58.55829,-4.70825
58.55832,-4.70861
58.55836,-4.70954
58.55847,-4.71123
58.55842,-4.71366
58.55843,-4.71397
58.5585,-4.71435
58.55911,-4.71602
58.55956,-4.71705
58.55992,-4.71781
58.56009,-4.71807
58.56029,-4.71832
58.56041,-4.71848
58.5605,-4.71859
58.56066,-4.71877
58.56084,-4.71896
58.56132,-4.71934
58.56167,-4.71957
58.56192,-4.7197
58.56203,-4.71975
58.56213,-4.7198
58.56244,-4.71995
58.56269,-4.72004
58.56284,-4.7201
58.56295,-4.72018
58.56301,-4.72023
58.56307,-4.72032
58.56321,-4.72062
58.5633,-4.72097
58.56333,-4.72111
58.56336,-4.72143
58.56337,-4.72167
58.56343,-4.72241
58.56343,-4.72266
58.56343,-4.72283
58.5635,-4.72332
58.56351,-4.72338
58.56366,-4.72397
58.56381,-4.72445
58.56386,-4.72463
58.56392,-4.72486
58.56398,-4.72516
58.56409,-4.72579
58.56414,-4.7261
58.56419,-4.72644
58.56424,-4.72684
58.56429,-4.72738
58.56433,-4.72782
58.56434,-4.72812
58.56435,-4.72829
58.56434,-4.72866
58.56432,-4.72901
58.56428,-4.72949
58.56426,-4.72972
58.56425,-4.72999
58.56426,-4.73025
58.56429,-4.73058
58.56433,-4.73088
58.56454,-4.7317
58.56467,-4.73217
58.5648,-4.73273
58.56501,-4.7335
58.56506,-4.73386
58.56508,-4.73416
58.56511,-4.73421
58.56514,-4.7343
58.56515,-4.73434
58.56529,-4.73516
58.56532,-4.73527
58.56539,-4.73531
58.56555,-4.73526
58.56564,-4.7353
58.56581,-4.73553
58.5662,-4.73633
58.56627,-4.73649
58.56642,-4.7368
58.5666,-4.73708
58.56695,-4.7377
58.56716,-4.73812
58.5672,-4.73823
58.56733,-4.73854
58.56747,-4.73889
58.56767,-4.73964
58.56767,-4.73974
58.56764,-4.73985
58.56777,-4.74009
58.56785,-4.74028
58.56792,-4.74049
58.56804,-4.7409
58.56811,-4.74121
58.56818,-4.74154
58.56831,-4.74218
58.5684,-4.74278
58.56847,-4.7434
58.5685,-4.74408
58.56851,-4.74411
58.56852,-4.74476
58.56855,-4.74571
58.56857,-4.74611
58.56858,-4.74646
58.56858,-4.74663
58.56857,-4.7467
58.56855,-4.74673
58.56852,-4.7468
58.56827,-4.74701
58.56783,-4.74737
58.56776,-4.74743
58.56768,-4.74749
58.5674,-4.74772
58.56727,-4.74783
58.56712,-4.74807
58.56705,-4.74822
58.56699,-4.74838
58.56684,-4.74894
58.56663,-4.74973
58.56654,-4.75009
58.56634,-4.75089
58.56624,-4.75124
58.56607,-4.7518
58.56593,-4.75224
58.56579,-4.75267
58.56569,-4.75294
58.56555,-4.7533
58.5654,-4.75367
58.56523,-4.7541
58.56506,-4.75454
58.5647,-4.75536
58.56457,-4.75568
58.56444,-4.75599
58.56433,-4.75631
58.56402,-4.75722
58.56392,-4.75754
58.56391,-4.75757
58.56356,-4.75867
58.56345,-4.75899
58.56329,-4.75945
58.56326,-4.75952
58.56298,-4.76028
58.56288,-4.76055
58.56274,-4.76093
58.56265,-4.76115
58.56255,-4.7614
58.56246,-4.76163
58.56232,-4.76191
58.56215,-4.76227
58.56204,-4.76249
58.56195,-4.76266
58.5618,-4.76296
58.5617,-4.76315
58.5616,-4.76332
58.56146,-4.76353
58.56139,-4.76362
58.56117,-4.76388
58.5609,-4.76417
58.56043,-4.76473
58.56012,-4.76511
58.5598,-4.76531
58.55947,-4.7655
58.55899,-4.76577
58.5588,-4.7659
58.55866,-4.766
58.55852,-4.76614
58.55847,-4.76619
58.55824,-4.7665
58.55806,-4.76678
58.55783,-4.76715
58.55766,-4.76735
58.55746,-4.76747
58.55724,-4.76753
58.55708,-4.76763
58.55689,-4.76783
58.55657,-4.76823
58.55616,-4.76852
58.55589,-4.7687
58.55581,-4.76881
58.55572,-4.76894
58.55557,-4.76933
58.55542,-4.77
58.55535,-4.77024
58.55522,-4.77054
58.55438,-4.77183
58.55357,-4.77278
58.5533,-4.77311
58.55314,-4.7733
58.55295,-4.77352
58.55277,-4.7737
58.55257,-4.77383
58.55194,-4.77417
58.55161,-4.77436
58.5513,-4.77454
58.55068,-4.77504
58.55038,-4.77539
58.55009,-4.77586
58.54974,-4.77664
58.54973,-4.77667
58.54941,-4.77715
58.5491,-4.77746
58.54887,-4.77764
58.54878,-4.77771
58.54852,-4.77784
58.54822,-4.77792
58.54753,-4.77808
58.54722,-4.77816
58.5468,-4.77839
58.54625,-4.7787
58.54534,-4.77901
58.54453,-4.77921
58.54422,-4.77934
58.54341,-4.77996
58.54313,-4.78021
58.5429,-4.78054
58.54273,-4.78075
58.54257,-4.78092
58.54238,-4.78103
58.54219,-4.78107
58.5419,-4.78108
58.54127,-4.7811
58.54109,-4.78115
58.54033,-4.78156
58.53991,-4.78185
58.53943,-4.7823
58.53843,-4.78324
58.5378,-4.78379
58.53759,-4.78406
58.53737,-4.78458
58.53712,-4.78532
58.53691,-4.78593
58.53683,-4.78624
58.53672,-4.78671
58.53666,-4.78694
58.53655,-4.78722
58.53643,-4.78745
58.53588,-4.78826
58.53526,-4.78888
58.53482,-4.78935
58.53446,-4.78986
58.53435,-4.78998
58.53419,-4.79006
58.53256,-4.79033
58.53238,-4.79045
58.53117,-4.79203
58.53032,-4.79368
58.52922,-4.7955
58.52859,-4.79622
58.52784,-4.79699
58.5275,-4.7972
58.52716,-4.79734
58.52642,-4.79755
58.52579,-4.79755
58.52465,-4.79752
58.52374,-4.79745
58.5235,-4.79744
58.52328,-4.79747
58.52315,-4.79751
58.52308,-4.79755
58.52289,-4.79766
58.52277,-4.79776
58.52265,-4.79786
58.52248,-4.79808
58.52226,-4.79845
58.52196,-4.79912
58.52166,-4.79976
58.52131,-4.80045
58.52106,-4.8009
58.52069,-4.80148
58.52046,-4.80187
58.52018,-4.80229
58.51988,-4.80273
58.51947,-4.80314
58.51899,-4.80355
58.51824,-4.80411
58.5172,-4.80484
58.51545,-4.80614
58.51431,-4.80696
58.51347,-4.80756
58.51296,-4.8079
58.51292,-4.80793
58.51109,-4.80919
58.51073,-4.80937
58.51025,-4.80957
58.50984,-4.80968
58.50949,-4.80974
58.50896,-4.8098
58.50831,-4.80993
58.50788,-4.81009
58.50716,-4.81056
58.50631,-4.81112
58.50568,-4.8115
58.5052,-4.81179
58.50481,-4.81206
58.50438,-4.81242
58.50407,-4.81269
58.50377,-4.81309
58.50348,-4.81354
58.5021,-4.81592
58.50195,-4.81614
58.50178,-4.81627
58.5016,-4.81637
58.50144,-4.81637
58.50113,-4.81625
58.50104,-4.81621
58.50091,-4.8162
58.50074,-4.81623
58.50056,-4.81631
58.50038,-4.8165
58.50016,-4.81689
58.4995,-4.8183
58.49915,-4.81924
58.49888,-4.82017
58.49868,-4.82087
58.49853,-4.82127
58.49794,-4.82269
58.49732,-4.82454
58.4968,-4.82565
58.49634,-4.82767
58.49603,-4.82909
58.49573,-4.83187
58.49561,-4.83274
58.49533,-4.83404
58.49475,-4.83659
58.49427,-4.8402
58.49319,-4.84899
58.49241,-4.85223
58.49162,-4.85491
58.49067,-4.85798
58.49019,-4.85936
58.48937,-4.86144
58.48916,-4.86223
58.48878,-4.86354
58.48832,-4.86473
58.48784,-4.86554
58.48755,-4.86615
58.48741,-4.86648
58.48733,-4.86666
58.48599,-4.86971
58.48529,-4.87091
58.48464,-4.87174
58.48316,-4.87461
58.48159,-4.87699
58.48092,-4.87806
58.47933,-4.88109
58.47796,-4.88377
58.47627,-4.88615
58.47517,-4.8875
58.47339,-4.88917
58.47202,-4.89096
58.47099,-4.89192
58.47031,-4.89303
58.46956,-4.89486
58.46916,-4.89593
58.46898,-4.89681
58.46859,-4.89863
58.46855,-4.89877
58.46838,-4.8993
58.46833,-4.89944
58.46819,-4.89972
58.46809,-4.89989
58.46565,-4.90189
58.46512,-4.90266
58.46492,-4.90306
58.46458,-4.90404
58.46394,-4.90647
58.46348,-4.90768
58.46281,-4.90891
58.46244,-4.91013
58.4623,-4.91057
58.46194,-4.91233
58.46149,-4.91359
58.46034,-4.91711
58.45921,-4.92056
58.45791,-4.92239
58.45773,-4.92279
58.45589,-4.92694
58.45541,-4.92808
58.45379,-4.93055
58.45342,-4.93143
58.45318,-4.93234
58.45256,-4.93424
58.45085,-4.93747
58.44843,-4.9409
58.44827,-4.94127
58.44818,-4.9415
58.44762,-4.94289
58.44541,-4.94822
58.44423,-4.95048
58.4434,-4.9513
58.44069,-4.95771
58.43793,-4.96196
58.43671,-4.96463
58.43612,-4.96552
58.4343,-4.96863
58.43237,-4.971
58.43075,-4.97155
58.43042,-4.97177
58.43033,-4.97185
58.43025,-4.97195
58.42996,-4.97237
58.42908,-4.97564
58.42877,-4.97809
58.42859,-4.97957
58.42844,-4.98063
58.42835,-4.98129
58.42815,-4.98224
58.42796,-4.98291
58.42778,-4.9834
58.4274,-4.9842
58.42723,-4.98447
58.42697,-4.98465
58.42681,-4.98467
58.42664,-4.98463
58.4257,-4.98414
58.42547,-4.98412
58.42531,-4.98413
58.42515,-4.98422
58.42506,-4.98429
58.42493,-4.98444
58.42478,-4.98468
58.42465,-4.98507
58.42459,-4.98548
58.42456,-4.98593
58.42465,-4.98706
58.42475,-4.98792
58.42476,-4.98835
58.42476,-4.98866
58.42473,-4.9889
58.42464,-4.9891
58.4245,-4.98934
58.42431,-4.98985
58.42415,-4.99019
58.42405,-4.99038
58.42374,-4.99084
58.42342,-4.99144
58.42314,-4.99217
58.42294,-4.99302
58.42272,-4.99427
58.42264,-4.99479
58.42251,-4.99565
58.42243,-4.99631
58.42185,-5.00021
58.42137,-5.00206
58.42081,-5.00304
58.42026,-5.0038
58.41981,-5.00408
58.41956,-5.00418
58.41867,-5.00434
58.41691,-5.00402
58.41127,-5.00299
58.4103,-5.00279
58.40874,-5.00255
58.40812,-5.00253
58.40767,-5.00266
58.40729,-5.00287
58.40691,-5.0032
58.40655,-5.00359
58.4061,-5.00429
58.40589,-5.00468
58.40574,-5.00501
58.40569,-5.00511
58.40539,-5.00597
58.40485,-5.00771
58.40446,-5.00869
58.40406,-5.00937
58.40364,-5.00992
58.40276,-5.01072
58.40224,-5.01121
58.40172,-5.01169
58.40141,-5.01199
58.40109,-5.01226
58.39923,-5.01386
58.39792,-5.01522
58.39709,-5.01643
58.39576,-5.01899
58.39523,-5.02
58.39476,-5.02083
58.39432,-5.02145
58.39385,-5.022
58.3934,-5.02244
58.39296,-5.02283
58.3888,-5.02607
58.3883,-5.02661
58.38801,-5.02693
58.38777,-5.02725
58.38752,-5.02761
58.38566,-5.03041
58.38537,-5.03084
58.38463,-5.03196
58.38432,-5.03237
58.38417,-5.03252
58.38404,-5.03264
58.38384,-5.03279
58.38374,-5.03286
58.38345,-5.03302
58.38336,-5.03305
58.38316,-5.03312
58.38301,-5.03315
58.38283,-5.03317
58.38268,-5.03317
58.38246,-5.03314
58.38229,-5.03309
58.38218,-5.03305
58.38194,-5.03294
58.38164,-5.03276
58.38138,-5.03256
58.38116,-5.03234
58.38094,-5.03209
58.38076,-5.03186
58.3806,-5.03161
58.38039,-5.0312
58.3802,-5.03079
58.38005,-5.03035
58.37992,-5.02991
58.37978,-5.02936
58.37967,-5.02884
58.37947,-5.02789
58.37913,-5.02605
58.37881,-5.0246
58.37804,-5.02146
58.37753,-5.01946
58.3773,-5.01871
58.3772,-5.01845
58.37709,-5.01819
58.37686,-5.01779
58.37656,-5.01739
58.37627,-5.01712
58.37607,-5.01702
58.3759,-5.01694
58.37576,-5.01688
58.37566,-5.01684
58.37561,-5.01681
58.37557,-5.01679
58.3755,-5.01676
58.37537,-5.01675
58.37518,-5.01676
58.37488,-5.01679
58.37462,-5.0168
58.37448,-5.01682
58.3744,-5.01685
58.37423,-5.0169
58.37409,-5.01696
58.37392,-5.0171
58.37383,-5.01716
58.37365,-5.01736
58.37353,-5.01755
58.37339,-5.01779
58.37329,-5.01802
58.37318,-5.01832
58.37294,-5.01916
58.37281,-5.01951
58.37268,-5.01985
58.3725,-5.02025
58.37231,-5.0206
58.3721,-5.02094
58.37195,-5.02116
58.37179,-5.02138
58.37142,-5.02185
58.37114,-5.02223
58.37103,-5.02246
58.37094,-5.02262
58.37085,-5.02285
58.37075,-5.02319
58.37068,-5.02348
58.37065,-5.0237
58.37063,-5.02398
58.37062,-5.02418
58.37061,-5.02436
58.37063,-5.0247
58.37065,-5.02495
58.37068,-5.0252
58.37073,-5.02545
58.37079,-5.02574
58.37225,-5.03229
58.37237,-5.0329
58.37243,-5.03328
58.37247,-5.03359
58.37248,-5.03386
58.37249,-5.03416
58.37247,-5.03444
58.37245,-5.03466
58.37244,-5.03475
58.37241,-5.03491
58.37235,-5.03521
58.37226,-5.03549
58.37202,-5.03622
58.37193,-5.03651
58.37186,-5.0368
58.37182,-5.03704
58.37179,-5.03729
58.37177,-5.03748
58.37176,-5.03773
58.37176,-5.03798
58.37177,-5.03817
58.37179,-5.03837
58.37182,-5.03865
58.37189,-5.03904
58.3729,-5.0438
58.37303,-5.04439
58.37306,-5.04456
58.37331,-5.04575
58.37352,-5.04679
58.37372,-5.04781
58.37413,-5.04996
58.37455,-5.05219
58.37467,-5.05276
58.3748,-5.05333
58.37495,-5.05396
58.37513,-5.05458
58.37533,-5.05522
58.37555,-5.05587
58.37576,-5.05641
58.37604,-5.05709
58.37632,-5.05773
58.37663,-5.05836
58.37719,-5.05948
58.37728,-5.05967
58.37792,-5.06093
58.3783,-5.0617
58.37867,-5.06244
58.3789,-5.0629
58.37905,-5.06323
58.37911,-5.06339
58.37917,-5.06358
58.37926,-5.06389
58.37932,-5.06417
58.37941,-5.0646
58.37942,-5.06492
58.37941,-5.06543
58.37938,-5.06577
58.37928,-5.06645
58.3791,-5.0674
58.3787,-5.06879
58.37837,-5.06935
58.37798,-5.06982
58.37616,-5.07113
58.37535,-5.07162
58.37451,-5.07235
58.37369,-5.07352
58.3731,-5.0739
58.37243,-5.07418
58.37152,-5.07515
58.37063,-5.07645
58.36959,-5.07927
58.36909,-5.08038
58.36735,-5.08194
58.36697,-5.08232
58.36629,-5.08301
58.36584,-5.08346
58.36548,-5.08393
58.36517,-5.08448
58.36463,-5.08556
58.36443,-5.08618
58.36433,-5.08677
58.36431,-5.08757
58.3644,-5.08827
58.36485,-5.09023
58.36486,-5.09076
58.36479,-5.09118
58.36464,-5.0916
58.36451,-5.09196
58.36415,-5.09212
58.36391,-5.09219
58.36301,-5.09201
58.36236,-5.09174
58.36205,-5.0917
58.3617,-5.09181
58.3613,-5.09208
58.3609,-5.09257
58.36046,-5.09329
58.35991,-5.09462
58.3595,-5.09559
58.35859,-5.09692
58.35838,-5.09736
58.35797,-5.09878
58.35775,-5.09928
58.35698,-5.10048
58.35667,-5.10126
58.35651,-5.10205
58.35622,-5.10453
58.35586,-5.10635
58.35459,-5.11073
58.35388,-5.11319
58.35333,-5.11456
58.35241,-5.11604
58.35188,-5.1165
58.35091,-5.11635
58.35056,-5.11628
58.35013,-5.11652
58.3498,-5.11695
58.3495,-5.11749
58.3491,-5.1183
58.34895,-5.11884
58.34888,-5.11951
58.34883,-5.12145
58.34873,-5.12583
58.34856,-5.12906
58.34856,-5.12954
58.34864,-5.13063
58.34865,-5.13151
58.34855,-5.13305
58.34859,-5.13377
58.34889,-5.1358
58.34919,-5.13669
58.3493,-5.13702
58.35052,-5.13961
58.35086,-5.14048
58.35132,-5.14234
58.35212,-5.14683
58.35218,-5.14732
58.35221,-5.14774
58.35222,-5.14805
58.35221,-5.14841
58.35218,-5.14875
58.35216,-5.14896
58.35214,-5.14908
58.35205,-5.14974
58.35201,-5.15006
58.35195,-5.15051
58.35185,-5.15123
58.35182,-5.15148
58.35176,-5.15189
58.35175,-5.15197
58.35174,-5.15204
58.35167,-5.15259
58.35162,-5.153
58.35157,-5.15337
58.3514,-5.15515
58.35135,-5.15567
58.35133,-5.1558
58.35126,-5.15624
58.35116,-5.15664
58.35105,-5.15706
58.35083,-5.15771
58.35068,-5.15804
58.35064,-5.15814
58.35054,-5.15835
58.35031,-5.15874
58.35026,-5.15882
58.34992,-5.15929
58.34976,-5.15944
58.3494,-5.15976
58.34842,-5.16023
58.34835,-5.16026
58.34804,-5.16041
58.34738,-5.16074
58.34714,-5.16081
58.34702,-5.16084
58.34678,-5.16086
58.34651,-5.16078
58.34626,-5.16063
58.34598,-5.16039
58.34544,-5.15962
58.34508,-5.15907
58.34481,-5.15883
58.34465,-5.15876
58.34448,-5.15872
58.34412,-5.15873
58.34368,-5.15878
58.34337,-5.15877
58.34333,-5.15877
58.34306,-5.15872
58.34279,-5.1585
58.34257,-5.1582
58.3425,-5.15811
58.3423,-5.15767
58.34211,-5.157
58.3421,-5.15692
58.34206,-5.15649
58.34207,-5.15594
58.34213,-5.15539
58.34226,-5.1547
58.34245,-5.15381
58.34254,-5.15308
58.34258,-5.15247
58.34257,-5.1519
58.34253,-5.15145
58.34247,-5.151
58.34236,-5.15045
58.34213,-5.14972
58.34202,-5.14948
58.3418,-5.14899
58.34145,-5.14858
58.3411,-5.148
58.34076,-5.14728
58.34035,-5.14626
58.34003,-5.14583
58.33988,-5.14566
58.33967,-5.14549
58.33926,-5.14537
58.33867,-5.14523
58.33814,-5.14492
58.33761,-5.14419
58.33733,-5.14362
58.33725,-5.14342
58.33706,-5.14272
58.33696,-5.14199
58.33691,-5.14141
58.33695,-5.14044
58.33704,-5.13976
58.33715,-5.13888
58.33713,-5.13802
58.33706,-5.13751
58.33698,-5.13711
58.3369,-5.1368
58.33686,-5.13668
58.33667,-5.1362
58.33636,-5.13573
58.33599,-5.13524
58.33476,-5.13407
58.3341,-5.13368
58.33374,-5.13364
58.33201,-5.13376
58.33052,-5.13387
58.32969,-5.13397
58.32909,-5.13428
58.32856,-5.13473
58.32816,-5.13507
58.32813,-5.1351
58.32731,-5.13539
58.32706,-5.13543
58.32676,-5.13542
58.32649,-5.13526
58.32617,-5.1349
58.32586,-5.13433
58.32548,-5.13343
58.32452,-5.1316
58.32441,-5.1314
58.32336,-5.12955
58.32264,-5.12828
58.32234,-5.12764
58.32174,-5.12621
58.32137,-5.12553
58.32092,-5.1249
58.32042,-5.12421
58.32008,-5.12376
58.31956,-5.12322
58.31873,-5.12288
58.31708,-5.12335
58.31414,-5.12425
58.31326,-5.12447
58.31242,-5.12448
58.31191,-5.12431
58.31168,-5.12415
58.31116,-5.12387
58.31077,-5.12354
58.31015,-5.12306
58.30992,-5.12292
58.30965,-5.12277
58.30913,-5.12253
58.30882,-5.12244
58.30846,-5.12235
58.30775,-5.12223
58.30734,-5.12209
58.30699,-5.1218
58.30669,-5.12143
58.30644,-5.12101
58.30625,-5.12054
58.30591,-5.11963
58.30563,-5.11899
58.30526,-5.11833
58.30499,-5.11791
58.30468,-5.11744
58.304,-5.11677
58.30347,-5.11642
58.30278,-5.11614
58.30118,-5.11555
58.30007,-5.11516
58.29976,-5.11497
58.29948,-5.11472
58.2992,-5.1144
58.29892,-5.11401
58.29868,-5.11356
58.29846,-5.1131
58.29825,-5.11245
58.2981,-5.11184
58.29801,-5.11136
58.29793,-5.11076
58.29788,-5.11021
58.29787,-5.10963
58.29792,-5.10867
58.29803,-5.10768
58.29811,-5.10676
58.29811,-5.10607
58.29799,-5.10515
58.29768,-5.10407
58.29734,-5.10341
58.29665,-5.10226
58.29474,-5.09752
58.29398,-5.09586
58.29349,-5.095
58.29253,-5.09329
58.29182,-5.09222
58.29148,-5.09152
58.29112,-5.09047
58.29088,-5.08931
58.29081,-5.08876
58.29075,-5.08824
58.2907,-5.08752
58.2907,-5.08649
58.2907,-5.08586
58.29066,-5.08533
58.2905,-5.08422
58.29025,-5.08312
58.2899,-5.08227
58.28949,-5.08152
58.28886,-5.08067
58.28855,-5.08021
58.28835,-5.07991
58.2879,-5.07912
58.28706,-5.07738
58.28612,-5.07584
58.28544,-5.075
58.28531,-5.07486
58.28446,-5.07391
58.28304,-5.07235
58.28223,-5.07169
58.28179,-5.07137
58.28083,-5.07046
58.27989,-5.06936
58.27933,-5.06854
58.27892,-5.06783
58.27844,-5.0669
58.27808,-5.06618
58.27741,-5.06489
58.27619,-5.06291
58.27593,-5.06256
58.27514,-5.06144
58.27403,-5.06009
58.27262,-5.05844
58.27213,-5.05794
58.27163,-5.05742
58.26989,-5.05594
58.26928,-5.05518
58.26868,-5.05423
58.26807,-5.05278
58.26798,-5.05255
58.2676,-5.05115
58.2672,-5.0492
58.26708,-5.04775
58.267,-5.04622
58.26693,-5.04529
58.26672,-5.04406
58.26641,-5.04309
58.26608,-5.04243
58.26592,-5.04218
58.26547,-5.04164
58.26492,-5.04117
58.26439,-5.04079
58.26404,-5.04064
58.26376,-5.04066
58.2632,-5.04076
58.26299,-5.04076
58.26279,-5.04069
58.26267,-5.04061
58.26253,-5.04047
58.26228,-5.04017
58.2619,-5.03959
58.26158,-5.03923
58.26142,-5.03909
58.26116,-5.039
58.26067,-5.03881
58.26035,-5.03859
58.2601,-5.03831
58.25952,-5.03726
58.25927,-5.03693
58.25899,-5.03672
58.25842,-5.03642
58.25812,-5.03616
58.25785,-5.03571
58.2576,-5.03502
58.25735,-5.03369
58.25714,-5.03281
58.25689,-5.0321
58.25662,-5.0311
58.25658,-5.03088
58.25654,-5.03045
58.25655,-5.03013
58.25657,-5.02987
58.25663,-5.02954
58.25669,-5.02928
58.2569,-5.02874
58.25716,-5.02826
58.25747,-5.02769
58.25759,-5.02743
58.25768,-5.02719
58.25774,-5.02697
58.2578,-5.02665
58.25783,-5.02644
58.25785,-5.02625
58.25786,-5.02611
58.25787,-5.02595
58.25787,-5.02577
58.25786,-5.02559
58.25785,-5.02543
58.25784,-5.02528
58.25782,-5.02513
58.2578,-5.02498
58.25777,-5.02482
58.25773,-5.02469
58.25769,-5.02454
58.25765,-5.0244
58.25759,-5.02426
58.25754,-5.02412
58.25748,-5.024
58.2574,-5.02386
58.25734,-5.02375
58.25725,-5.02361
58.25715,-5.02347
58.25708,-5.02338
58.25701,-5.02327
58.2569,-5.02315
58.25677,-5.023
58.25663,-5.02287
58.25653,-5.02278
58.25644,-5.0227
58.25631,-5.02261
58.25618,-5.02252
58.25607,-5.02246
58.25591,-5.02237
58.25582,-5.02233
58.25574,-5.02231
58.25568,-5.02229
58.25558,-5.02227
58.25549,-5.02225
58.25537,-5.02225
58.25523,-5.02226
58.25498,-5.02233
58.25436,-5.02254
58.25408,-5.02256
58.25375,-5.0225
58.25355,-5.02241
58.25324,-5.02217
58.25292,-5.02186
58.2528,-5.02174
58.25257,-5.02141
58.2524,-5.0211
58.25191,-5.01983
58.25171,-5.01921
58.25143,-5.01814
58.25128,-5.01769
58.25092,-5.01677
58.25079,-5.01633
58.25073,-5.01606
58.2507,-5.0158
58.25046,-5.01441
58.25011,-5.01228
58.25002,-5.01124
58.24994,-5.00962
58.24993,-5.00929
58.24982,-5.0088
58.24944,-5.00785
58.24918,-5.00743
58.24875,-5.00677
58.24858,-5.00653
58.24834,-5.00618
58.24785,-5.00552
58.24744,-5.00507
58.24711,-5.00482
58.24685,-5.00471
58.24664,-5.00471
58.24641,-5.0048
58.24594,-5.00506
58.2457,-5.0051
58.24549,-5.00497
58.24516,-5.00455
58.24478,-5.00402
58.2446,-5.00388
58.24443,-5.00386
58.24429,-5.00389
58.24411,-5.00402
58.24359,-5.00466
58.24318,-5.00516
58.24304,-5.00541
58.24298,-5.00553
58.24268,-5.0063
58.24233,-5.00719
58.24205,-5.00771
58.2415,-5.00841
58.24095,-5.00911
58.24049,-5.00966
58.24028,-5.00991
58.24,-5.01018
58.23889,-5.01065
58.23846,-5.01076
58.23825,-5.01073
58.23764,-5.01043
58.23748,-5.01043
58.23735,-5.01051
58.23717,-5.0107
58.2366,-5.01172
58.23639,-5.01219
58.23619,-5.01272
58.23604,-5.01306
58.23596,-5.01319
58.23483,-5.01469
58.23459,-5.01491
58.2344,-5.015
58.2342,-5.01504
58.23398,-5.01498
58.23375,-5.01475
58.23333,-5.01403
58.23303,-5.01345
58.23272,-5.01221
58.23256,-5.01172
58.23225,-5.01119
58.23199,-5.01078
58.23171,-5.01041
58.23158,-5.01034
58.2311,-5.01008
58.23083,-5.00993
58.23059,-5.00963
58.23013,-5.00895
58.22996,-5.00869
58.22976,-5.00851
58.22956,-5.00842
58.22922,-5.00831
58.22892,-5.00817
58.2283,-5.00765
58.22745,-5.00694
58.22697,-5.00652
58.22687,-5.00643
58.22675,-5.00631
58.22656,-5.00601
58.22643,-5.00575
58.22623,-5.00526
58.22608,-5.00477
58.22589,-5.00416
58.22569,-5.00361
58.22528,-5.00281
58.22508,-5.00246
58.22494,-5.00231
58.22482,-5.00225
58.22466,-5.00224
58.22453,-5.00232
58.22382,-5.0028
58.22368,-5.0028
58.22356,-5.00272
58.22336,-5.00238
58.22275,-5.00027
58.22259,-4.99991
58.22233,-4.99955
58.22188,-4.99924
58.22083,-4.99862
58.21995,-4.99783
58.21976,-4.99765
58.21965,-4.99756
58.21959,-4.99754
58.21946,-4.99748
58.21932,-4.99746
58.21921,-4.99746
58.21907,-4.9975
58.21885,-4.99767
58.21868,-4.99786
58.21816,-4.99858
58.21798,-4.99872
58.21776,-4.99883
58.21728,-4.99888
58.21703,-4.99899
58.21684,-4.99932
58.21673,-4.99985
58.21661,-5.00048
58.21643,-5.00075
58.21625,-5.00076
58.21611,-5.00055
58.21608,-5.00032
58.21609,-5.00001
58.21629,-4.99868
58.21636,-4.99816
58.21637,-4.99796
58.21637,-4.99776
58.21635,-4.99753
58.2163,-4.99735
58.21622,-4.99724
58.21611,-4.99715
58.21598,-4.99712
58.21571,-4.99717
58.2155,-4.99724
58.2152,-4.99735
58.21418,-4.99765
58.21272,-4.99822
58.21234,-4.99842
58.21132,-4.99896
58.20971,-4.99999
58.20964,-5.00009
58.20953,-5.00023
58.20915,-5.00073
58.20843,-5.00177
58.2082,-5.00198
58.20777,-5.00223
58.20749,-5.00246
58.2073,-5.00274
58.20662,-5.00414
58.20651,-5.00435
58.20633,-5.00456
58.20606,-5.00471
58.20537,-5.00494
58.20467,-5.00533
58.20347,-5.00674
58.20332,-5.00687
58.20309,-5.00695
58.20281,-5.0069
58.20238,-5.00683
58.2021,-5.00682
58.20145,-5.00717
58.20125,-5.00723
58.20088,-5.00736
58.20068,-5.00746
58.20054,-5.00758
58.20036,-5.00784
58.19984,-5.00926
58.19973,-5.00954
58.19957,-5.00984
58.19941,-5.00999
58.1992,-5.01012
58.19894,-5.0102
58.1979,-5.0102
58.19659,-5.01037
58.1959,-5.01061
58.19518,-5.01097
58.19452,-5.0112
58.19425,-5.01138
58.19334,-5.01244
58.19258,-5.01309
58.19112,-5.01365
58.18995,-5.01443
58.18964,-5.01442
58.1894,-5.01425
58.18874,-5.01332
58.18804,-5.01263
58.18735,-5.01171
58.18657,-5.01099
58.18615,-5.01058
58.18578,-5.0101
58.18551,-5.00968
58.18531,-5.00927
58.18482,-5.008
58.18472,-5.00757
58.18452,-5.00646
58.18446,-5.00625
58.18437,-5.00599
58.18411,-5.00551
58.18395,-5.0053
58.18379,-5.00522
58.18359,-5.0052
58.18131,-5.00549
58.18103,-5.00548
58.18087,-5.00537
58.1807,-5.00518
58.18054,-5.0049
58.18008,-5.00387
58.17994,-5.00363
58.17985,-5.00351
58.17979,-5.00343
58.17957,-5.00325
58.17941,-5.00318
58.17875,-5.00292
58.17847,-5.00292
58.17827,-5.00299
58.1781,-5.0031
58.17739,-5.00392
58.17712,-5.00408
58.17698,-5.00409
58.17684,-5.00405
58.17665,-5.00395
58.17634,-5.00363
58.17542,-5.00262
58.17523,-5.00246
58.17503,-5.00235
58.1748,-5.00231
58.17426,-5.00235
58.17389,-5.00243
58.17284,-5.00298
58.17262,-5.00257
58.17248,-5.00233
58.17235,-5.00212
58.17211,-5.00181
58.17186,-5.0015
58.17155,-5.00107
58.17139,-5.00083
58.17121,-5.00056
58.17101,-5.00021
58.17048,-4.99931
58.17025,-4.99891
58.17014,-4.9987
58.17009,-4.99861
58.17005,-4.99853
58.17001,-4.99842
58.16996,-4.9983
58.16992,-4.99816
58.16987,-4.99797
58.16983,-4.99778
58.16979,-4.99754
58.16974,-4.9971
58.16967,-4.99629
58.16958,-4.99543
58.16954,-4.99519
58.16951,-4.99501
58.16948,-4.9949
58.16943,-4.99474
58.16938,-4.99457
58.16933,-4.99443
58.16927,-4.99432
58.16922,-4.99421
58.16914,-4.99406
58.16906,-4.99393
58.16898,-4.9938
58.16887,-4.99362
58.16872,-4.99337
58.16854,-4.99301
58.16841,-4.99269
58.16802,-4.99104
58.16791,-4.99072
58.16768,-4.99036
58.16721,-4.98998
58.16687,-4.9897
58.16657,-4.9894
58.16619,-4.98888
58.16581,-4.9883
58.16523,-4.98735
58.16509,-4.98713
58.16494,-4.98689
58.16478,-4.9867
58.16466,-4.98657
58.16452,-4.98648
58.16439,-4.98642
58.16425,-4.98641
58.16412,-4.98642
58.16399,-4.98646
58.16361,-4.98664
58.16327,-4.9868
58.16315,-4.98684
58.16303,-4.98685
58.16296,-4.98685
58.16288,-4.98685
58.16281,-4.98682
58.16274,-4.98679
58.16266,-4.98674
58.16258,-4.98668
58.16247,-4.98656
58.16235,-4.9864
58.16223,-4.98622
58.162,-4.98578
58.16158,-4.98493
58.16145,-4.98469
58.16132,-4.98445
58.16121,-4.98429
58.1611,-4.98415
58.16097,-4.98403
58.16083,-4.98391
58.16056,-4.98371
58.16045,-4.98361
58.16037,-4.98353
58.16029,-4.98343
58.1602,-4.9833
58.16013,-4.98318
58.16003,-4.98298
58.15989,-4.98263
58.15937,-4.98134
58.15921,-4.98095
58.15906,-4.98059
58.15826,-4.97888
58.15807,-4.97854
58.15786,-4.97831
58.15761,-4.97814
58.157,-4.97779
58.15616,-4.97735
58.15592,-4.97712
58.15558,-4.97666
58.15532,-4.97634
58.15506,-4.97607
58.1546,-4.97581
58.15397,-4.9755
58.15357,-4.9753
58.15293,-4.975
58.15268,-4.9749
58.15242,-4.97483
58.15187,-4.9747
58.15141,-4.97458
58.15129,-4.97455
58.15071,-4.97438
58.15043,-4.9743
58.1502,-4.97416
58.14998,-4.97401
58.14955,-4.97376
58.1493,-4.97369
58.14913,-4.97368
58.14895,-4.97371
58.14876,-4.97379
58.14792,-4.9742
58.14762,-4.97437
58.14733,-4.97455
58.14713,-4.97473
58.14653,-4.97529
58.14591,-4.97583
58.14571,-4.97594
58.14548,-4.97598
58.1453,-4.97597
58.14507,-4.97593
58.14485,-4.9759
58.14466,-4.9759
58.14446,-4.97596
58.14424,-4.97606
58.14385,-4.97627
58.14354,-4.97646
58.14226,-4.97673
58.14184,-4.97673
58.14158,-4.97661
58.14123,-4.97643
58.141,-4.97626
58.14074,-4.97611
58.1405,-4.97605
58.14021,-4.97606
58.13935,-4.97631
58.13728,-4.97689
58.13658,-4.97706
58.13623,-4.97712
58.13597,-4.9771
58.13523,-4.97696
58.1351,-4.97696
58.13493,-4.97696
58.13485,-4.97697
58.13431,-4.97704
58.13416,-4.97705
58.13394,-4.9771
58.13373,-4.97719
58.13289,-4.97767
58.13269,-4.9778
58.13255,-4.9778
58.13048,-4.97723
58.13005,-4.97707
58.12954,-4.97689
58.12899,-4.97668
58.12856,-4.97651
58.12836,-4.97648
58.12817,-4.97648
58.12797,-4.97648
58.12759,-4.97646
58.12723,-4.97642
58.12715,-4.97638
58.12669,-4.97612
58.12651,-4.97601
58.12545,-4.97578
58.12526,-4.97567
58.12502,-4.97543
58.12476,-4.97498
58.12451,-4.97448
58.124,-4.97344
58.12366,-4.97295
58.12284,-4.97201
58.12219,-4.97137
58.12176,-4.97105
58.12118,-4.97063
58.12061,-4.97016
58.12011,-4.96976
58.11977,-4.96956
58.11932,-4.9694
58.1188,-4.9692
58.11826,-4.969
58.11781,-4.96878
58.11732,-4.96851
58.11699,-4.96838
58.11661,-4.9683
58.11628,-4.96823
58.11596,-4.96814
58.11576,-4.96801
58.11556,-4.96781
58.1154,-4.96758
58.11523,-4.96731
58.11521,-4.96726
58.11503,-4.967
58.11483,-4.96666
58.11459,-4.96631
58.11428,-4.96596
58.11391,-4.96576
58.1129,-4.96559
58.11249,-4.96559
58.11047,-4.96584
58.10818,-4.96681
58.10803,-4.96687
58.10774,-4.96694
58.10687,-4.96698
58.10658,-4.96709
58.10527,-4.96782
58.10474,-4.96818
58.10407,-4.96843
58.10281,-4.96881
58.10045,-4.97033
58.10011,-4.97048
58.09975,-4.97059
58.09956,-4.97063
58.09843,-4.9709
58.09737,-4.97118
58.09654,-4.97124
58.09643,-4.97125
58.09631,-4.97126
58.09619,-4.97126
58.09596,-4.97135
58.09565,-4.97154
58.09505,-4.97206
58.09392,-4.97284
58.0937,-4.97288
58.09336,-4.97288
58.09194,-4.97271
58.09158,-4.97267
58.08963,-4.97307
58.08896,-4.9729
58.08487,-4.97174
58.08309,-4.97102
58.08294,-4.97095
58.08271,-4.97094
58.0824,-4.97099
58.08205,-4.9711
58.08171,-4.97136
58.0813,-4.97166
58.07989,-4.97312
58.07942,-4.97342
58.07893,-4.97365
58.07689,-4.97521
58.0764,-4.97566
58.07575,-4.97628
58.07546,-4.97659
58.07485,-4.97758
58.07441,-4.9781
58.07388,-4.97861
58.0732,-4.97913
58.07275,-4.97936
58.0725,-4.97936
58.07223,-4.97928
58.07192,-4.97904
58.0716,-4.97872
58.07128,-4.97816
58.07032,-4.97627
58.06981,-4.97537
58.06974,-4.97525
58.06942,-4.97477
58.06896,-4.97425
58.06665,-4.97197
58.06638,-4.97326
58.06632,-4.97368
58.06628,-4.97437
58.06613,-4.97768
58.06617,-4.97911
58.06618,-4.97941
58.06616,-4.97986
58.06612,-4.98035
58.06601,-4.98084
58.06498,-4.98271
58.06414,-4.98439
58.06387,-4.98524
58.06375,-4.98608
58.06383,-4.99035
58.0639,-4.99195
58.06376,-4.99324
58.06332,-4.99495
58.06323,-4.99568
58.06298,-4.99818
58.06274,-5.00065
58.06267,-5.00131
58.06256,-5.002
58.06215,-5.00331
58.06202,-5.00371
58.06188,-5.00414
58.06179,-5.00485
58.06176,-5.00546
58.0618,-5.00616
58.06192,-5.00701
58.06219,-5.00811
58.06251,-5.01065
58.06286,-5.0132
58.06289,-5.01361
58.06288,-5.01401
58.06281,-5.0148
58.06276,-5.01543
58.06263,-5.01615
58.06201,-5.019
58.06191,-5.01982
58.06181,-5.02118
58.06172,-5.0224
58.06157,-5.02306
58.06093,-5.02532
58.06092,-5.02535
58.06073,-5.02594
58.06064,-5.02624
58.06034,-5.02722
58.0603,-5.02733
58.06024,-5.02755
58.06016,-5.02778
58.06,-5.0281
58.05982,-5.02837
58.05959,-5.02866
58.05921,-5.02899
58.059,-5.02916
58.05874,-5.02925
58.05843,-5.0293
58.05795,-5.02936
58.05675,-5.02948
58.05625,-5.02955
58.05589,-5.02965
58.05562,-5.02972
58.05501,-5.02997
58.05448,-5.03022
58.05359,-5.03057
58.0534,-5.03062
58.05308,-5.03067
58.05292,-5.03069
58.05283,-5.03072
58.05274,-5.03076
58.05265,-5.03083
58.05258,-5.03092
58.0525,-5.03103
58.0522,-5.03162
58.05203,-5.03197
58.05191,-5.0322
58.05179,-5.03239
58.0516,-5.0326
58.05155,-5.03263
58.05147,-5.03269
58.05129,-5.03276
58.05111,-5.03276
58.05092,-5.03269
58.05066,-5.03252
58.05047,-5.03229
58.05012,-5.03149
58.04996,-5.03104
58.04991,-5.0309
58.04985,-5.03077
58.04978,-5.03064
58.04971,-5.03052
58.04964,-5.03042
58.04954,-5.03032
58.04944,-5.03023
58.04935,-5.03017
58.04926,-5.03012
58.04913,-5.03009
58.04899,-5.0301
58.04884,-5.03014
58.04876,-5.03018
58.04867,-5.03024
58.04859,-5.03031
58.0485,-5.03042
58.04841,-5.03056
58.0483,-5.03077
58.0482,-5.03101
58.04784,-5.0322
58.0473,-5.03398
58.04714,-5.03438
58.04694,-5.03475
58.046,-5.03625
58.0459,-5.0365
58.04584,-5.03664
58.0458,-5.0369
58.04579,-5.0371
58.04579,-5.03729
58.04584,-5.03756
58.04592,-5.03788
58.04597,-5.03803
58.04599,-5.0381
58.04616,-5.0386
58.04621,-5.03879
58.04639,-5.03938
58.04643,-5.03994
58.0464,-5.04059
58.04617,-5.04238
58.04589,-5.04409
58.04559,-5.04679
58.0454,-5.04801
58.04526,-5.04858
58.04509,-5.04919
58.04394,-5.05255
58.04244,-5.05651
58.04217,-5.05715
58.04096,-5.05949
58.0401,-5.06114
58.03991,-5.06162
58.03925,-5.0635
58.03909,-5.06384
58.03839,-5.06507
58.03817,-5.06554
58.03681,-5.06882
58.03665,-5.06918
58.03661,-5.06927
58.03641,-5.06961
58.03628,-5.06981
58.03604,-5.07012
58.03566,-5.0706
58.0353,-5.07092
58.0347,-5.07136
58.03391,-5.07195
58.03187,-5.07337
58.03157,-5.07353
58.03128,-5.07364
58.03101,-5.07368
58.03074,-5.07364
58.03058,-5.07362
58.03015,-5.0735
58.02884,-5.07314
58.02852,-5.07309
58.0282,-5.07312
58.02775,-5.07329
58.02728,-5.07352
58.02696,-5.07367
58.02304,-5.07577
58.02296,-5.07581
58.02113,-5.07673
58.02052,-5.07704
58.01845,-5.07815
58.01755,-5.07859
58.01644,-5.07893
58.01604,-5.07909
58.01557,-5.07948
58.01524,-5.07995
58.01397,-5.08182
58.013,-5.08296
58.01223,-5.08379
58.01202,-5.08406
58.0115,-5.0846
58.00982,-5.08604
58.00945,-5.08638
58.00913,-5.08677
58.00782,-5.08852
58.00768,-5.08872
58.00722,-5.08925
58.00593,-5.09041
58.00563,-5.09076
58.00538,-5.09126
58.00498,-5.09242
58.00334,-5.09555
58.00284,-5.09666
58.00241,-5.09784
58.00227,-5.09841
58.00205,-5.10012
58.00195,-5.10054
58.0018,-5.10089
58.00156,-5.10126
58.00113,-5.10175
57.99974,-5.10332
57.99941,-5.10374
57.99934,-5.10387
57.99897,-5.10444
57.99877,-5.10475
57.9983,-5.10547
57.99744,-5.1066
57.99654,-5.10767
57.99555,-5.10859
57.99454,-5.10941
57.99262,-5.11061
57.99174,-5.11127
57.99085,-5.11205
57.9903,-5.11268
57.98969,-5.11321
57.98817,-5.1141
57.98701,-5.11501
57.98633,-5.11557
57.98364,-5.11777
57.98225,-5.11889
57.98195,-5.11905
57.98163,-5.11916
57.98121,-5.11914
57.98021,-5.11894
57.97956,-5.11895
57.97911,-5.11908
57.97845,-5.11943
57.97782,-5.11989
57.9766,-5.12097
57.97619,-5.12136
57.9752,-5.12229
57.97478,-5.12264
57.97459,-5.1228
57.97253,-5.12419
57.97157,-5.12495
57.97077,-5.12584
57.97058,-5.1261
57.97023,-5.12651
57.96926,-5.12765
57.96859,-5.12845
57.96808,-5.12915
57.9678,-5.12956
57.96701,-5.13073
57.96627,-5.13175
57.96589,-5.13224
57.96565,-5.13254
57.96465,-5.13376
57.96454,-5.13389
57.96392,-5.13468
57.96345,-5.13523
57.96333,-5.13537
57.96298,-5.13569
57.96277,-5.13584
57.96242,-5.13597
57.96212,-5.13595
57.96193,-5.1359
57.96164,-5.13583
57.95956,-5.1346
57.95915,-5.13439
57.95868,-5.13424
57.95812,-5.13424
57.9576,-5.13436
57.9573,-5.13456
57.95695,-5.13498
57.95674,-5.13538
57.9565,-5.13584
57.95537,-5.13791
57.95454,-5.13948
57.95191,-5.14391
57.95065,-5.1473
57.94968,-5.14977
57.94942,-5.15055
57.94867,-5.15348
57.94807,-5.15565
57.94745,-5.15782
57.94567,-5.16316
57.94511,-5.16483
57.94485,-5.16557
57.94453,-5.16627
57.9442,-5.16678
57.94373,-5.16742
57.94269,-5.16873
57.94238,-5.16933
57.94194,-5.17018
57.94171,-5.17072
57.94159,-5.17122
57.94134,-5.17209
57.94114,-5.17291
57.94098,-5.17377
57.94075,-5.17537
57.9404,-5.17716
57.94023,-5.17774
57.9401,-5.17838
57.93994,-5.17947
57.93981,-5.18008
57.93945,-5.18116
57.93855,-5.18365
57.93819,-5.18408
57.93784,-5.18422
57.93746,-5.18441
57.93719,-5.18466
57.93699,-5.185
57.93671,-5.18577
57.93641,-5.18679
57.93627,-5.1875
57.93615,-5.18827
57.93606,-5.18868
57.93584,-5.18926
57.9351,-5.19211
57.93496,-5.19273
57.9349,-5.19295
57.93485,-5.19317
57.9346,-5.19409
57.93424,-5.19546
57.93414,-5.19577
57.93403,-5.19603
57.93393,-5.19618
57.93384,-5.19629
57.93369,-5.19637
57.93361,-5.1964
57.93346,-5.19641
57.93326,-5.19639
57.93291,-5.19629
57.93271,-5.19622
57.93252,-5.19621
57.93227,-5.19621
57.93203,-5.19623
57.93167,-5.19628
57.93157,-5.19629
57.93125,-5.19637
57.93108,-5.19643
57.93089,-5.19652
57.93033,-5.19682
57.93013,-5.19696
57.93,-5.19707
57.92972,-5.19733
57.92939,-5.1976
57.92914,-5.19771
57.92902,-5.19772
57.92889,-5.19767
57.92872,-5.19758
57.92856,-5.1974
57.92844,-5.19721
57.92834,-5.19702
57.92823,-5.19677
57.92783,-5.19577
57.92755,-5.19505
57.92742,-5.19481
57.92727,-5.19462
57.92712,-5.1945
57.92555,-5.19392
57.92515,-5.19378
57.92496,-5.19368
57.92472,-5.19352
57.92444,-5.1932
57.92413,-5.19279
57.92328,-5.19166
57.92291,-5.19117
57.92277,-5.19102
57.92249,-5.19082
57.92228,-5.19073
57.92211,-5.1907
57.92175,-5.19068
57.9212,-5.19067
57.92102,-5.19069
57.92085,-5.19072
57.92068,-5.19082
57.92048,-5.19097
57.92018,-5.19131
57.91987,-5.19174
57.91979,-5.19186
57.91968,-5.19201
57.91953,-5.19222
57.91935,-5.19248
57.91921,-5.19263
57.91907,-5.19275
57.91886,-5.19287
57.9187,-5.1929
57.91857,-5.19289
57.91846,-5.19286
57.91836,-5.1928
57.91821,-5.19266
57.91811,-5.19252
57.91802,-5.19237
57.91791,-5.19215
57.91782,-5.19193
57.91771,-5.19162
57.91677,-5.18845
57.91637,-5.18707
57.91619,-5.18657
57.91595,-5.18589
57.91564,-5.18506
57.91552,-5.18483
57.91539,-5.18463
57.91526,-5.18451
57.91513,-5.18443
57.91495,-5.18439
57.91478,-5.18438
57.91456,-5.18444
57.91412,-5.18462
57.91397,-5.18465
57.91386,-5.18465
57.91373,-5.18464
57.91363,-5.1846
57.91349,-5.18452
57.91334,-5.18439
57.91322,-5.18425
57.91266,-5.18343
57.9123,-5.18285
57.91216,-5.18263
57.91087,-5.1806
57.90983,-5.17863
57.90955,-5.17811
57.9094,-5.17783
57.90881,-5.17672
57.90863,-5.17639
57.90816,-5.17539
57.90806,-5.1751
57.90797,-5.17477
57.90782,-5.1741
57.90775,-5.17363
57.90769,-5.17314
57.90764,-5.17258
57.9076,-5.17193
57.90761,-5.17074
57.9076,-5.17041
57.90755,-5.17001
57.90749,-5.16977
57.90741,-5.16949
57.90712,-5.16858
57.90673,-5.16724
57.90613,-5.16507
57.90605,-5.16477
57.90587,-5.16413
57.90579,-5.16383
57.90539,-5.1623
57.90496,-5.16076
57.90478,-5.16009
57.90461,-5.1596
57.90447,-5.1593
57.90434,-5.1591
57.90416,-5.15886
57.90395,-5.15868
57.90368,-5.15857
57.90359,-5.15853
57.90297,-5.15844
57.90272,-5.15832
57.90249,-5.15816
57.90239,-5.15808
57.90208,-5.15782
57.90191,-5.1577
57.90171,-5.15755
57.90138,-5.15738
57.90103,-5.15729
57.90073,-5.15726
57.90041,-5.15725
57.89979,-5.1572
57.89945,-5.15713
57.8994,-5.1571
57.89921,-5.157
57.89906,-5.15689
57.89902,-5.15687
57.89884,-5.15671
57.89877,-5.15665
57.89851,-5.15643
57.8982,-5.15615
57.89804,-5.15602
57.89752,-5.15556
57.89739,-5.15546
57.89716,-5.15527
57.89681,-5.15503
57.89671,-5.15495
57.89667,-5.1549
57.89665,-5.15483
57.89664,-5.15478
57.89663,-5.15472
57.89663,-5.15464
57.89671,-5.15386
57.89672,-5.15369
57.89677,-5.15321
57.89678,-5.15304
57.89682,-5.15267
57.89685,-5.1523
57.89683,-5.15185
57.89682,-5.15163
57.89681,-5.15149
57.89671,-5.15104
57.8967,-5.15101
57.89657,-5.1506
57.89646,-5.15037
57.89617,-5.14978
57.896,-5.14922
57.89593,-5.14886
57.89582,-5.14834
57.89563,-5.14741
57.89558,-5.1472
57.89546,-5.14662
57.89541,-5.14641
57.89527,-5.14574
57.89518,-5.14531
57.89513,-5.1451
57.89503,-5.14476
57.89495,-5.14454
57.89482,-5.14428
57.89463,-5.14385
57.89426,-5.14328
57.89371,-5.14269
57.89354,-5.1426
57.89317,-5.14239
57.89276,-5.14219
57.8923,-5.14197
57.89192,-5.14167
57.89172,-5.14139
57.89166,-5.1413
57.89125,-5.14059
57.8909,-5.13979
57.89073,-5.13951
57.89062,-5.13932
57.89049,-5.13916
57.89024,-5.13888
57.88997,-5.13861
57.88965,-5.13836
57.88928,-5.13785
57.88892,-5.13705
57.88888,-5.13696
57.88858,-5.13625
57.88848,-5.13607
57.88835,-5.13582
57.88814,-5.1356
57.88784,-5.13536
57.88722,-5.13495
57.88661,-5.13424
57.88636,-5.13372
57.88619,-5.13338
57.88594,-5.13252
57.88565,-5.13149
57.88535,-5.13074
57.88485,-5.12997
57.88429,-5.12934
57.88328,-5.12789
57.88322,-5.1278
57.88232,-5.12603
57.88201,-5.12544
57.88166,-5.12493
57.88118,-5.12415
57.8807,-5.12336
57.8802,-5.12215
57.87924,-5.11947
57.87858,-5.11767
57.87721,-5.1138
57.87712,-5.11353
57.87656,-5.11175
57.87587,-5.1096
57.87541,-5.10825
57.8752,-5.10764
57.87499,-5.10701
57.87472,-5.10618
57.87458,-5.10576
57.87443,-5.10534
57.87381,-5.10351
57.87324,-5.10187
57.87247,-5.10003
57.87225,-5.09951
57.87221,-5.09942
57.87182,-5.09854
57.8713,-5.09732
57.87106,-5.0969
57.87075,-5.09647
57.87053,-5.09626
57.87012,-5.09587
57.86926,-5.09566
57.86915,-5.09564
57.86861,-5.09557
57.86825,-5.09551
57.86781,-5.09532
57.86728,-5.09473
57.86718,-5.09458
57.86651,-5.09349
57.8663,-5.09315
57.86555,-5.09196
57.86487,-5.09106
57.86419,-5.09012
57.86323,-5.089
57.86254,-5.08833
57.86245,-5.08825
57.86202,-5.08784
57.86182,-5.08765
57.86142,-5.08726
57.86102,-5.08706
57.86092,-5.08701
57.86046,-5.08692
57.86003,-5.08696
57.85932,-5.08711
57.85802,-5.08725
57.85753,-5.08724
57.85746,-5.08723
57.85689,-5.08716
57.8566,-5.087
57.85627,-5.08662
57.85618,-5.0864
57.85576,-5.08531
57.85538,-5.08466
57.85483,-5.08383
57.85436,-5.08314
57.85378,-5.08237
57.85317,-5.08153
57.85306,-5.08142
57.8527,-5.08102
57.8525,-5.08082
57.85199,-5.08022
57.8519,-5.08012
57.85101,-5.07918
57.85031,-5.07873
57.85026,-5.07871
57.84976,-5.07844
57.84944,-5.07827
57.84907,-5.07807
57.84898,-5.07802
57.84853,-5.07783
57.84816,-5.07767
57.84793,-5.07758
57.84741,-5.07745
57.8467,-5.07732
57.84606,-5.07724
57.84528,-5.07716
57.84464,-5.07699
57.84429,-5.07694
57.84334,-5.07682
57.84292,-5.07673
57.84268,-5.07663
57.84234,-5.07649
57.84146,-5.07592
57.84055,-5.07532
57.83975,-5.07476
57.83884,-5.07407
57.83794,-5.07359
57.83596,-5.07233
57.83497,-5.07168
57.83424,-5.07123
57.83383,-5.07092
57.83334,-5.07047
57.83252,-5.06967
57.83179,-5.06887
57.8311,-5.06817
57.83052,-5.06747
57.82961,-5.0666
57.82865,-5.06592
57.82787,-5.06545
57.82689,-5.06502
57.82659,-5.06489
57.82606,-5.06467
57.82576,-5.06457
57.82518,-5.06437
57.82412,-5.06394
57.82331,-5.06359
57.82257,-5.06341
57.82171,-5.06317
57.82147,-5.06311
57.82097,-5.06298
57.8197,-5.06267
57.81966,-5.06266
57.81935,-5.06253
57.81914,-5.06243
57.81891,-5.06228
57.81873,-5.06213
57.81856,-5.06195
57.81821,-5.06147
57.81757,-5.06052
57.81714,-5.05988
57.81689,-5.05954
57.81661,-5.05928
57.81629,-5.05909
57.81593,-5.05902
57.81505,-5.05918
57.81462,-5.05924
57.81435,-5.05925
57.81409,-5.05923
57.81375,-5.05909
57.81351,-5.05895
57.81304,-5.0586
57.81279,-5.05845
57.81215,-5.05808
57.81129,-5.05778
57.80999,-5.05741
57.80945,-5.05723
57.80821,-5.05682
57.80725,-5.05656
57.80648,-5.0563
57.80583,-5.05609
57.80544,-5.05597
57.80513,-5.05591
57.80479,-5.05591
57.80447,-5.056
57.80426,-5.05609
57.80409,-5.05616
57.8038,-5.05627
57.80344,-5.05633
57.80314,-5.05634
57.80278,-5.05625
57.80211,-5.056
57.80146,-5.05576
57.80109,-5.05559
57.80078,-5.05541
57.79965,-5.05453
57.79865,-5.05361
57.79746,-5.05256
57.79595,-5.05114
57.79495,-5.05007
57.79422,-5.04918
57.79361,-5.04846
57.79302,-5.0469
57.79266,-5.0461
57.79252,-5.04579
57.79233,-5.04551
57.79198,-5.04497
57.79144,-5.04432
57.79134,-5.0442
57.7904,-5.04339
57.78913,-5.04251
57.78781,-5.04144
57.78655,-5.04044
57.78591,-5.03999
57.78571,-5.03985
57.78556,-5.03974
57.78525,-5.0395
57.78454,-5.03895
57.78408,-5.03852
57.78382,-5.03827
57.78282,-5.03752
57.78244,-5.03736
57.78198,-5.03714
57.78194,-5.03713
57.78115,-5.03685
57.77983,-5.03642
57.77886,-5.03618
57.77863,-5.0361
57.77784,-5.03583
57.77623,-5.03582
57.77536,-5.03596
57.77399,-5.0362
57.77321,-5.03628
57.77293,-5.0363
57.7725,-5.03633
57.77235,-5.03634
57.77202,-5.03636
57.77194,-5.03636
57.77113,-5.03643
57.77101,-5.03643
57.76999,-5.03651
57.76901,-5.03655
57.76823,-5.03622
57.76784,-5.03605
57.76723,-5.03577
57.76614,-5.03538
57.76565,-5.03513
57.76516,-5.0347
57.7644,-5.03384
57.76353,-5.03273
57.76252,-5.03125
57.76219,-5.03072
57.76132,-5.02971
57.76072,-5.02868
57.76019,-5.02749
57.75939,-5.02554
57.75897,-5.02495
57.75842,-5.02444
57.75808,-5.02407
57.75775,-5.02351
57.7575,-5.02316
57.75712,-5.02245
57.75696,-5.02214
57.75593,-5.01994
57.75487,-5.01747
57.75385,-5.0148
57.75319,-5.01293
57.75312,-5.01271
57.75306,-5.01248
57.75299,-5.01215
57.7529,-5.01161
57.75277,-5.01077
57.75273,-5.01051
57.75261,-5.00972
57.75257,-5.00939
57.75244,-5.00851
57.75233,-5.00759
57.75205,-5.00531
57.75191,-5.0042
57.75147,-5.00161
57.75098,-4.99877
57.75058,-4.99612
57.75006,-4.99327
57.74962,-4.99066
57.74907,-4.98839
57.74843,-4.98644
57.7476,-4.9841
57.747,-4.98247
57.74641,-4.98101
57.7459,-4.98007
57.7454,-4.9793
57.74504,-4.97883
57.74431,-4.97792
57.74345,-4.97686
57.74282,-4.97611
57.74266,-4.97592
57.74191,-4.9749
57.74108,-4.97371
57.74043,-4.97236
57.74028,-4.97202
57.74017,-4.97177
57.7399,-4.97097
57.73933,-4.96873
57.73835,-4.96453
57.7382,-4.96383
57.73812,-4.96333
57.73805,-4.96264
57.73777,-4.95963
57.73747,-4.95663
57.73711,-4.95346
57.73677,-4.95036
57.73644,-4.94741
57.73604,-4.94375
57.73583,-4.94153
57.7356,-4.93981
57.73547,-4.93798
57.73548,-4.93744
57.7355,-4.93635
57.73555,-4.93478
57.73554,-4.93357
57.73552,-4.93305
57.73548,-4.93229
57.73536,-4.9313
57.73495,-4.92879
57.7346,-4.92661
57.73421,-4.92413
57.73376,-4.92144
57.73335,-4.91938
57.73298,-4.91749
57.73257,-4.91594
57.73203,-4.9144
57.73113,-4.91228
57.73072,-4.91129
57.73032,-4.91053
57.72959,-4.90927
57.72922,-4.90829
57.72868,-4.90664
57.72808,-4.90476
57.72762,-4.90305
57.72712,-4.90085
57.72657,-4.89861
57.72588,-4.89647
57.72565,-4.89579
57.72534,-4.89489
57.72502,-4.89402
57.725,-4.89397
57.72455,-4.8928
57.72434,-4.89227
57.72365,-4.89066
57.7236,-4.89054
57.72355,-4.89042
57.72347,-4.89023
57.72309,-4.88883
57.72278,-4.88698
57.72251,-4.88501
57.7222,-4.88274
57.72192,-4.88095
57.72184,-4.88053
57.72173,-4.88009
57.7216,-4.87965
57.72146,-4.87924
57.72129,-4.87882
57.7212,-4.87861
57.72105,-4.8783
57.72082,-4.8779
57.72023,-4.87687
57.71998,-4.87639
57.71972,-4.87584
57.71952,-4.87538
57.71887,-4.87385
57.71865,-4.87325
57.71839,-4.8724
57.71788,-4.87062
57.71762,-4.86974
57.71749,-4.86928
57.71734,-4.8688
57.71721,-4.86842
57.717,-4.86786
57.71669,-4.86705
57.71656,-4.86663
57.71646,-4.86624
57.7164,-4.86595
57.71628,-4.86537
57.71621,-4.86482
57.71615,-4.86424
57.71612,-4.8637
57.71611,-4.86309
57.71613,-4.86259
57.71616,-4.86212
57.71624,-4.86135
57.71637,-4.86025
57.71653,-4.85895
57.71658,-4.85845
57.71659,-4.85803
57.71659,-4.85768
57.71656,-4.85732
57.71652,-4.85697
57.71646,-4.85661
57.71635,-4.85615
57.71625,-4.8558
57.71612,-4.85548
57.71601,-4.85522
57.7156,-4.85443
57.71535,-4.85392
57.7151,-4.85333
57.71501,-4.85311
57.7148,-4.85257
57.71463,-4.8521
57.71418,-4.85092
57.71394,-4.85024
57.71371,-4.84951
57.71353,-4.84889
57.71338,-4.84829
57.7133,-4.84796
57.71282,-4.846
57.71234,-4.84417
57.71179,-4.84246
57.71063,-4.83946
57.71007,-4.8381
57.70952,-4.8369
57.7094,-4.83659
57.70899,-4.83553
57.70888,-4.83525
57.70879,-4.83494
57.70861,-4.83426
57.70856,-4.83408
57.70809,-4.83225
57.70793,-4.83174
57.70774,-4.83128
57.70727,-4.83047
57.70672,-4.82961
57.70631,-4.82894
57.70599,-4.82823
57.70561,-4.82707
57.70519,-4.82561
57.70483,-4.82441
57.70412,-4.8226
57.70356,-4.82077
57.70301,-4.81931
57.70218,-4.81673
57.70179,-4.81557
57.70135,-4.81433
57.70094,-4.81313
57.70048,-4.81184
57.70037,-4.81153
57.70021,-4.81108
57.70017,-4.81099
57.7,-4.81042
57.69965,-4.80875
57.69897,-4.80678
57.69804,-4.80327
57.69733,-4.80122
57.69688,-4.79969
57.69659,-4.79818
57.69636,-4.79691
57.69594,-4.79563
57.69576,-4.79501
57.69563,-4.79424
57.69552,-4.79312
57.6955,-4.79295
57.6953,-4.79107
57.69519,-4.7897
57.69498,-4.78853
57.69478,-4.78758
57.69475,-4.78708
57.69474,-4.78657
57.69472,-4.78535
57.69465,-4.78474
57.69453,-4.78413
57.6942,-4.78307
57.69389,-4.78188
57.69371,-4.78077
57.69332,-4.77941
57.69328,-4.7792
57.69321,-4.77881
57.6932,-4.7787
57.69317,-4.77832
57.69317,-4.77803
57.69318,-4.77778
57.69319,-4.77647
57.69314,-4.77571
57.69299,-4.77493
57.69273,-4.77407
57.69254,-4.77308
57.69249,-4.77222
57.69255,-4.77137
57.69264,-4.77082
57.69296,-4.76953
57.69305,-4.76903
57.69309,-4.7687
57.69311,-4.76836
57.69313,-4.7681
57.69313,-4.76785
57.69311,-4.76744
57.69307,-4.76706
57.69302,-4.76669
57.69296,-4.76629
57.69246,-4.76292
57.69174,-4.75864
57.6916,-4.75774
57.69156,-4.75744
57.69143,-4.75611
57.69141,-4.75458
57.69163,-4.75124
57.69167,-4.75093
57.69186,-4.74953
57.69223,-4.74781
57.69246,-4.74652
57.69259,-4.74541
57.69267,-4.74349
57.69281,-4.74239
57.69302,-4.74127
57.69332,-4.74018
57.69349,-4.73979
57.69354,-4.73968
57.6938,-4.73925
57.69452,-4.73817
57.6959,-4.73623
57.69607,-4.73595
57.69622,-4.73567
57.69638,-4.73522
57.69698,-4.73303
57.69733,-4.73152
57.69739,-4.73125
57.69748,-4.73079
57.69752,-4.73058
57.69756,-4.7303
57.69768,-4.72915
57.69776,-4.72781
57.69779,-4.72616
57.69771,-4.72471
57.69752,-4.72318
57.69718,-4.7216
57.69682,-4.7202
57.69631,-4.71898
57.6957,-4.71789
57.69507,-4.71676
57.69402,-4.71501
57.69375,-4.71453
57.69347,-4.71391
57.69323,-4.71327
57.69303,-4.7126
57.69255,-4.71102
57.69233,-4.71035
57.69208,-4.70965
57.6914,-4.70822
57.69073,-4.70713
57.69012,-4.70627
57.68947,-4.7052
57.68896,-4.70429
57.6883,-4.70301
57.68786,-4.70195
57.68742,-4.70052
57.68709,-4.69923
57.68695,-4.69834
57.68693,-4.69652
57.68695,-4.69505
57.68706,-4.69332
57.68713,-4.69168
57.68705,-4.69002
57.68692,-4.68913
57.68674,-4.68821
57.68665,-4.68774
57.68643,-4.68668
57.68624,-4.68581
57.68612,-4.68521
57.6858,-4.68363
57.68529,-4.68138
57.68518,-4.68098
57.68504,-4.6806
57.68446,-4.67941
57.68431,-4.67914
57.68353,-4.67754
57.68205,-4.67423
57.6819,-4.67387
57.68099,-4.67185
57.68055,-4.67088
57.68052,-4.67081
57.68047,-4.67069
57.67948,-4.66849
57.67897,-4.6675
57.67832,-4.66653
57.67777,-4.66589
57.67732,-4.66547
57.6772,-4.66537
57.67705,-4.66523
57.67608,-4.66446
57.67535,-4.66394
57.67454,-4.66388
57.67414,-4.66388
57.67384,-4.66394
57.67374,-4.66396
57.67359,-4.664
57.67311,-4.66415
57.6728,-4.66424
57.67251,-4.6643
57.67215,-4.66439
57.67208,-4.6644
57.67173,-4.66438
57.67117,-4.66427
57.66967,-4.66381
57.66915,-4.6637
57.66859,-4.66378
57.66793,-4.6641
57.66767,-4.66436
57.66741,-4.6647
57.66689,-4.66548
57.66614,-4.66683
57.66582,-4.66733
57.66529,-4.66817
57.66459,-4.6694
57.66393,-4.67082
57.66337,-4.67232
57.66269,-4.67377
57.66222,-4.67448
57.66169,-4.67498
57.66111,-4.67541
57.65995,-4.67604
57.65675,-4.67769
57.65639,-4.67788
57.65281,-4.6798
57.65242,-4.68001
57.65134,-4.68055
57.64912,-4.68167
57.64731,-4.68188
57.64659,-4.6818
57.64597,-4.68163
57.64398,-4.68071
57.6437,-4.68052
57.642,-4.67941
57.63892,-4.67702
57.63843,-4.67677
57.63797,-4.67669
57.63778,-4.67667
57.63746,-4.67672
57.63741,-4.67674
57.63725,-4.6768
57.63713,-4.67685
57.63695,-4.67696
57.63681,-4.67707
57.63667,-4.67719
57.63652,-4.67735
57.63633,-4.67756
57.63608,-4.67787
57.63539,-4.67887
57.63462,-4.68001
57.6339,-4.68133
57.63344,-4.68238
57.63303,-4.68337
57.63231,-4.68521
57.63141,-4.68742
57.62995,-4.69113
57.62883,-4.69406
57.62831,-4.69536
57.62791,-4.6965
57.62784,-4.69668
57.62766,-4.69713
57.62731,-4.69787
57.62709,-4.69828
57.62682,-4.69871
57.62655,-4.69906
57.62624,-4.69938
57.62602,-4.69958
57.62581,-4.69972
57.62556,-4.69987
57.62531,-4.69998
57.62502,-4.70007
57.62479,-4.70009
57.62455,-4.7001
57.62433,-4.7001
57.62407,-4.70005
57.62384,-4.69997
57.62301,-4.69944
57.62264,-4.69903
57.62242,-4.69877
57.62187,-4.69794
57.6217,-4.69762
57.62142,-4.69708
57.62131,-4.69685
57.62112,-4.69646
57.62108,-4.69639
57.62091,-4.69601
57.62073,-4.69555
57.62057,-4.6952
57.62042,-4.69491
57.6203,-4.69475
57.62016,-4.69461
57.62002,-4.69452
57.61989,-4.69448
57.61976,-4.69448
57.6195,-4.69452
57.61932,-4.69451
57.6192,-4.69447
57.61906,-4.6944
57.61893,-4.6943
57.61877,-4.69411
57.61855,-4.69385
57.61836,-4.69357
57.6181,-4.69311
57.61783,-4.69261
57.61762,-4.69217
57.61743,-4.69172
57.61731,-4.6914
57.61721,-4.69115
57.61715,-4.69101
57.61707,-4.69088
57.6169,-4.69065
57.61671,-4.69046
57.61647,-4.69019
57.61641,-4.69013
57.6157,-4.68951
57.61547,-4.68936
57.61529,-4.68924
57.61507,-4.68912
57.61493,-4.68906
57.61471,-4.68898
57.61447,-4.68894
57.61425,-4.68895
57.61383,-4.68892
57.61323,-4.68892
57.61306,-4.68891
57.61282,-4.68888
57.61261,-4.68882
57.61241,-4.68877
57.61222,-4.68869
57.61191,-4.68852
57.61177,-4.68843
57.61153,-4.68822
57.61132,-4.68799
57.61114,-4.68773
57.61061,-4.6868
57.61045,-4.68658
57.61,-4.68616
57.60946,-4.68566
57.60907,-4.68527
57.60883,-4.68499
57.6087,-4.68477
57.60805,-4.68396
57.60723,-4.68295
57.60687,-4.68256
57.60654,-4.68219
57.60625,-4.6819
57.60564,-4.68129
57.60528,-4.68097
57.60525,-4.68094
57.60497,-4.68076
57.60454,-4.68061
57.60327,-4.68038
57.6024,-4.68019
57.60223,-4.6801
57.60192,-4.67994
57.60146,-4.6795
57.60107,-4.67876
57.60041,-4.67705
57.59946,-4.67436
57.59833,-4.67147
57.59777,-4.67004
57.5973,-4.66897
57.59688,-4.66822
57.59651,-4.66766
57.59617,-4.66702
57.5957,-4.66569
57.59519,-4.66426
57.59492,-4.66354
57.59439,-4.66245
57.59414,-4.66181
57.59393,-4.66115
57.59379,-4.6603
57.59374,-4.65954
57.59372,-4.6584
57.59366,-4.65782
57.59353,-4.65731
57.59332,-4.6566
57.59299,-4.65569
57.59279,-4.65486
57.59269,-4.65352
57.59267,-4.65231
57.59279,-4.65066
57.59286,-4.64975
57.59295,-4.64901
57.59305,-4.64834
57.59341,-4.64614
57.59362,-4.64511
57.5937,-4.64454
57.5937,-4.64412
57.5936,-4.64359
57.59347,-4.64301
57.5932,-4.64217
57.59298,-4.64124
57.59296,-4.64076
57.59299,-4.63984
57.59314,-4.63799
57.59339,-4.63637
57.59346,-4.63571
57.5935,-4.63515
57.59344,-4.63457
57.59328,-4.6335
57.59303,-4.63188
57.59287,-4.63013
57.59282,-4.62934
57.59277,-4.62844
57.59266,-4.62586
57.59251,-4.62335
57.59236,-4.62145
57.59226,-4.61995
57.59218,-4.61917
57.59218,-4.61844
57.59228,-4.61732
57.59243,-4.61586
57.59242,-4.61515
57.59235,-4.61444
57.59215,-4.61305
57.59188,-4.61159
57.59156,-4.61024
57.59138,-4.60968
57.59114,-4.60917
57.59069,-4.60856
57.59054,-4.60836
57.59028,-4.608
57.59017,-4.60788
57.58955,-4.60714
57.58877,-4.60619
57.58821,-4.60581
57.58743,-4.60535
57.58643,-4.60468
57.58592,-4.60417
57.58553,-4.60363
57.58509,-4.60276
57.58486,-4.60216
57.58444,-4.60102
57.58411,-4.60037
57.58368,-4.5998
57.58309,-4.59922
57.58231,-4.59853
57.58168,-4.59794
57.58139,-4.59767
57.58114,-4.59752
57.58096,-4.59747
57.58053,-4.59763
57.58016,-4.59775
57.57987,-4.59777
57.57954,-4.5976
57.57897,-4.59728
57.57785,-4.59665
57.57783,-4.59664
57.57698,-4.59619
57.57625,-4.59579
57.57567,-4.59547
57.57522,-4.59522
57.57453,-4.59487
57.57436,-4.59476
57.57425,-4.59466
57.57419,-4.59461
57.57405,-4.59445
57.57388,-4.59422
57.57374,-4.59399
57.57362,-4.59375
57.57351,-4.59348
57.57344,-4.59324
57.57332,-4.59267
57.57327,-4.59188
57.57327,-4.59066
57.57327,-4.59005
57.57327,-4.58895
57.57327,-4.5879
57.57326,-4.58764
57.57326,-4.58743
57.57324,-4.58724
57.57322,-4.58706
57.57318,-4.58685
57.57314,-4.58666
57.57309,-4.58645
57.57303,-4.58625
57.57292,-4.58597
57.57271,-4.58561
57.57263,-4.5855
57.57253,-4.58539
57.57194,-4.58492
57.57182,-4.58482
57.57132,-4.58439
57.57094,-4.58398
57.5707,-4.58363
57.57058,-4.58343
57.57048,-4.58322
57.57041,-4.58306
57.57028,-4.58269
57.57023,-4.58259
57.57019,-4.58245
57.57011,-4.58218
57.56993,-4.58164
57.56988,-4.58151
57.56982,-4.58138
57.5695,-4.5809
57.56942,-4.58077
57.56911,-4.58026
57.56882,-4.57978
57.56874,-4.57966
57.56856,-4.57937
57.56842,-4.57923
57.5681,-4.57902
57.56793,-4.57897
57.5678,-4.57893
57.5675,-4.57889
57.56727,-4.57896
57.56703,-4.57903
57.56665,-4.57899
57.56649,-4.57896
57.56618,-4.57884
57.56615,-4.57883
57.56585,-4.57866
57.56556,-4.57845
57.56535,-4.5783
57.5645,-4.57724
57.56399,-4.57647
57.56356,-4.57577
57.56336,-4.57529
57.56323,-4.57492
57.56313,-4.57455
57.56286,-4.57335
57.56246,-4.5708
57.56138,-4.56426
57.56122,-4.56306
57.5611,-4.56194
57.56107,-4.56169
57.56101,-4.56033
57.56103,-4.55906
57.56104,-4.55778
57.56103,-4.5564
57.56092,-4.55511
57.56069,-4.5537
57.56044,-4.55262
57.56041,-4.55249
57.56005,-4.55129
57.55996,-4.55101
57.5593,-4.54867
57.55863,-4.54633
57.55838,-4.54514
57.55832,-4.54475
57.55828,-4.54449
57.55811,-4.54348
57.55802,-4.54181
57.55797,-4.54018
57.55797,-4.53896
57.55797,-4.5387
57.55791,-4.53872
57.55782,-4.53874
57.55773,-4.5388
57.55741,-4.53879
57.55704,-4.53882
57.55618,-4.53902
57.55593,-4.53908
57.55337,-4.53933
57.55167,-4.53949
57.5496,-4.53969
57.54882,-4.53978
57.54839,-4.53982
57.54804,-4.53986
57.54789,-4.53982
57.5478,-4.53973
57.54774,-4.53958
57.54767,-4.53931
57.54756,-4.53817
57.54752,-4.5377
57.54734,-4.5355
57.54728,-4.53486
57.54724,-4.53437
57.54715,-4.53335
57.54695,-4.5311
57.54687,-4.53012
57.54684,-4.52963
57.54662,-4.52706
57.54585,-4.51825
57.54495,-4.50799
57.54493,-4.50734
57.54494,-4.50713
57.545,-4.50676
57.5452,-4.5062
57.54565,-4.50529
57.54576,-4.50471
57.54577,-4.50395
57.54528,-4.50165
57.54519,-4.50126
57.54502,-4.50048
57.54498,-4.50031
57.54495,-4.50016
57.54491,-4.5
57.54485,-4.4998
57.5448,-4.49966
57.54475,-4.49957
57.5447,-4.49946
57.54465,-4.49937
57.54441,-4.49904
57.54414,-4.49894
57.54395,-4.49889
57.54385,-4.49886
57.54351,-4.49898
57.54344,-4.499
57.54283,-4.49912
57.54247,-4.49923
57.54214,-4.49917
57.54194,-4.499
57.54095,-4.49774
57.54014,-4.49671
57.5401,-4.49665
57.53904,-4.49526
57.53786,-4.49371
57.5373,-4.49297
57.53724,-4.4929
57.53717,-4.49285
57.5371,-4.49282
57.53694,-4.49276
57.53666,-4.49274
57.53643,-4.49271
57.53615,-4.49267
57.536,-4.49259
57.5357,-4.49234
57.53471,-4.49118
57.53467,-4.49113
57.53465,-4.49112
57.53295,-4.48929
57.53257,-4.4889
57.53172,-4.48772
57.53123,-4.487
57.53088,-4.48649
57.5307,-4.4862
57.53036,-4.4857
57.52999,-4.48517
57.52987,-4.48499
57.52961,-4.48461
57.52818,-4.48251
57.52813,-4.48239
57.52798,-4.48184
57.52776,-4.48102
57.52765,-4.48073
57.5275,-4.48045
57.52701,-4.47961
57.52684,-4.47915
57.52678,-4.479
57.52667,-4.47884
57.52656,-4.47869
57.52635,-4.47849
57.52589,-4.47824
57.52553,-4.47801
57.52515,-4.47775
57.52486,-4.47754
57.52473,-4.4774
57.5246,-4.47716
57.52429,-4.47656
57.52416,-4.47641
57.52384,-4.47605
57.52372,-4.47589
57.52366,-4.4758
57.52363,-4.47569
57.52362,-4.47559
57.52364,-4.47455
57.5237,-4.47408
57.52371,-4.47386
57.5237,-4.47366
57.52365,-4.47349
57.52362,-4.47338
57.52317,-4.47219
57.52294,-4.47185
57.52228,-4.47122
57.52219,-4.47115
57.52205,-4.47084
57.52183,-4.47028
57.5217,-4.46996
57.52156,-4.46967
57.52145,-4.46948
57.52132,-4.46929
57.52108,-4.46898
57.52073,-4.46851
57.5205,-4.46819
57.51977,-4.4672
57.5195,-4.46678
57.51944,-4.46667
57.51932,-4.46641
57.51913,-4.46563
57.51909,-4.46545
57.51886,-4.46425
57.51882,-4.46403
57.51877,-4.46378
57.51873,-4.4636
57.51872,-4.46352
57.51863,-4.46305
57.5186,-4.46293
57.51846,-4.46219
57.51844,-4.46195
57.51843,-4.46171
57.51845,-4.4615
57.51848,-4.46124
57.5185,-4.46113
57.51854,-4.461
57.51843,-4.46078
57.51835,-4.46063
57.51827,-4.46037
57.51818,-4.46012
57.51814,-4.46002
57.51807,-4.45984
57.51788,-4.45925
57.51781,-4.45901
57.51777,-4.45885
57.51773,-4.45874
57.51768,-4.45854
57.51762,-4.45844
57.51744,-4.45838
57.51735,-4.45835
57.51708,-4.45825
57.51629,-4.45797
57.51607,-4.45789
57.51593,-4.45784
57.51561,-4.45771
57.51485,-4.45745
57.5147,-4.45739
57.51395,-4.45712
57.51345,-4.45695
57.51339,-4.45692
57.51317,-4.45685
57.51315,-4.45684
57.51302,-4.45679
57.51274,-4.45668
57.5122,-4.4565
57.51186,-4.45637
57.51179,-4.45634
57.51153,-4.45626
57.5107,-4.45592
57.50983,-4.45559
57.50817,-4.45506
57.50785,-4.45494
57.50758,-4.45484
57.50736,-4.45476
57.50563,-4.45416
57.50539,-4.45407
57.50493,-4.45391
57.5047,-4.45382
57.50447,-4.45374
57.5043,-4.45367
57.50279,-4.45313
57.50208,-4.45281
57.50112,-4.45238
57.50063,-4.45217
57.5004,-4.45207
57.50002,-4.45194
57.49958,-4.45188
57.49934,-4.45189
57.49907,-4.45195
57.49874,-4.45209
57.49784,-4.45248
57.49754,-4.45259
57.49748,-4.45262
57.49727,-4.45271
57.49698,-4.45282
57.49668,-4.45296
57.49458,-4.45405
57.49412,-4.45429
57.49337,-4.45466
57.49208,-4.45532
57.49012,-4.45633
57.48967,-4.45655
57.4886,-4.45708
57.48742,-4.45768
57.48678,-4.45803
57.48625,-4.45829
57.48589,-4.45849
57.48554,-4.45865
57.48506,-4.45892
57.48478,-4.45906
57.48465,-4.45912
57.48437,-4.45926
57.48413,-4.45938
57.48405,-4.45944
57.48374,-4.45962
57.48358,-4.45977
57.4835,-4.45987
57.48345,-4.45991
57.48329,-4.46011
57.48311,-4.46037
57.48305,-4.46046
57.48293,-4.46072
57.48288,-4.46082
57.48256,-4.46148
57.48247,-4.46169
57.48225,-4.46217
57.48221,-4.46226
57.48218,-4.46232
57.48203,-4.46265
57.48191,-4.46292
57.48183,-4.46309
57.48146,-4.4639
57.48113,-4.46465
57.48085,-4.46525
57.48082,-4.46531
57.48068,-4.46561
57.48043,-4.46613
57.48034,-4.4663
57.48019,-4.46662
57.48016,-4.46668
57.48003,-4.46694
57.47993,-4.46715
57.47966,-4.4677
57.47944,-4.46812
57.47886,-4.46931
57.47863,-4.46978
57.47831,-4.47046
57.47822,-4.47064
57.4779,-4.47129
57.4777,-4.47175
57.47753,-4.47215
57.47596,-4.47542
57.47561,-4.476
57.47501,-4.47665
57.47427,-4.47746
57.47399,-4.47777
57.47356,-4.47813
57.47306,-4.47838
57.47209,-4.47887
57.47131,-4.47925
57.47116,-4.47932
57.4709,-4.47939
57.47077,-4.47938
57.47067,-4.47932
57.47061,-4.47927
57.47055,-4.47918
57.4705,-4.47907
57.47048,-4.47902
57.47045,-4.47894
57.47044,-4.4789
57.47043,-4.47886
57.47041,-4.47875
57.4704,-4.47859
57.4704,-4.47834
57.47041,-4.47814
57.47044,-4.47774
57.47047,-4.47731
57.47051,-4.47679
57.47052,-4.47666
57.47067,-4.475
57.47067,-4.47494
57.47067,-4.47477
57.47067,-4.47449
57.47066,-4.47432
57.47064,-4.47412
57.47058,-4.47366
57.47044,-4.47247
57.4703,-4.47112
57.46988,-4.46671
57.46979,-4.46588
57.46964,-4.46512
57.4693,-4.46362
57.46892,-4.46195
57.46883,-4.46162
57.46879,-4.46149
57.46874,-4.46132
57.46864,-4.46101
57.46862,-4.46096
57.46855,-4.46076
57.46845,-4.46047
57.46837,-4.46031
57.46826,-4.46009
57.46815,-4.45989
57.46793,-4.45964
57.46768,-4.45947
57.46736,-4.45928
57.46708,-4.45914
57.46648,-4.45888
57.46589,-4.45865
57.46528,-4.45846
57.46357,-4.45761
57.46313,-4.45728
57.46281,-4.45691
57.46274,-4.45681
57.46254,-4.45649
57.46239,-4.45626
57.4621,-4.45581
57.46178,-4.45527
57.4617,-4.45509
57.46164,-4.45489
57.4616,-4.45466
57.46157,-4.45439
57.46155,-4.45415
57.46155,-4.45395
57.46157,-4.45371
57.46161,-4.45347
57.46165,-4.45326
57.46173,-4.45296
57.46232,-4.45097
57.4631,-4.44841
57.4656,-4.4416
57.46679,-4.43737
57.46732,-4.43556
57.4675,-4.43489
57.46757,-4.43462
57.46766,-4.43425
57.46809,-4.43243
57.46854,-4.43066
57.46883,-4.42951
57.46894,-4.42893
57.46902,-4.42838
57.46907,-4.42775
57.46907,-4.42741
57.46906,-4.42708
57.46892,-4.42583
57.4687,-4.42445
57.46761,-4.41932
57.4666,-4.41473
57.46644,-4.41394
57.46634,-4.41351
57.46633,-4.41345
57.46628,-4.41319
57.46618,-4.41272
57.46608,-4.41211
57.466,-4.41145
57.46594,-4.41076
57.46591,-4.40994
57.4659,-4.40909
57.46593,-4.40832
57.466,-4.40736
57.4661,-4.40656
57.46617,-4.40616
57.46626,-4.40569
57.46636,-4.40524
57.46652,-4.40448
57.46723,-4.40145
57.46732,-4.40111
57.46735,-4.40098
57.4675,-4.40055
57.46766,-4.40009
57.46782,-4.39966
57.46843,-4.39792
57.46888,-4.39663
57.46932,-4.39537
57.4695,-4.39495
57.46971,-4.39456
57.47016,-4.39376
57.47051,-4.39316
57.47096,-4.39234
57.47111,-4.39206
57.47125,-4.39174
57.47135,-4.39146
57.47147,-4.39113
57.47153,-4.39095
57.47157,-4.3908
57.47159,-4.39069
57.47161,-4.39058
57.47165,-4.3904
57.47181,-4.38955
57.47199,-4.38871
57.47206,-4.38832
57.47228,-4.38727
57.4724,-4.38664
57.47247,-4.38631
57.47248,-4.38621
57.47254,-4.38593
57.47259,-4.38556
57.47264,-4.38504
57.47266,-4.38481
57.4727,-4.38403
57.47276,-4.3833
57.47296,-4.38048
57.47299,-4.38023
57.47304,-4.38002
57.47307,-4.37991
57.47311,-4.37979
57.47322,-4.37951
57.47373,-4.37839
57.47421,-4.37712
57.47513,-4.37465
57.47533,-4.37422
57.47565,-4.37362
57.476,-4.37301
57.47628,-4.37255
57.47674,-4.3718
57.47722,-4.37096
57.47756,-4.37028
57.47786,-4.36951
57.47821,-4.3685
57.47852,-4.36742
57.47862,-4.36702
57.4787,-4.36663
57.4788,-4.36604
57.479,-4.36491
57.47916,-4.36413
57.47927,-4.36364
57.47948,-4.36265
57.47961,-4.3621
57.47976,-4.36158
57.47983,-4.36128
57.48023,-4.35983
57.48043,-4.35902
57.4806,-4.3581
57.48068,-4.3576
57.48074,-4.35705
57.48084,-4.35582
57.48101,-4.35318
57.48104,-4.35254
57.48103,-4.3519
57.48092,-4.35025
57.48092,-4.34995
57.48094,-4.34963
57.48102,-4.34911
57.48114,-4.34842
57.48154,-4.34628
57.48165,-4.34587
57.48178,-4.34548
57.48217,-4.34461
57.4825,-4.3437
57.48267,-4.3432
57.48282,-4.34269
57.48292,-4.34227
57.48299,-4.34183
57.4833,-4.3397
57.48341,-4.33892
57.48346,-4.33833
57.48347,-4.33789
57.48345,-4.33746
57.48342,-4.33698
57.48339,-4.3366
57.48339,-4.33619
57.48341,-4.33579
57.48345,-4.33536
57.48354,-4.33491
57.48381,-4.33381
57.48424,-4.33214
57.48435,-4.33168
57.48443,-4.33125
57.48449,-4.33084
57.48453,-4.33046
57.48456,-4.33009
57.48457,-4.32968
57.48455,-4.32933
57.48453,-4.329
57.48448,-4.32865
57.48439,-4.32821
57.48431,-4.32786
57.4842,-4.32751
57.48406,-4.32714
57.48393,-4.32683
57.48387,-4.32669
57.48368,-4.32627
57.48137,-4.32161
57.48026,-4.31941
57.47945,-4.31774
57.47924,-4.31734
57.47893,-4.31665
57.47873,-4.31618
57.47857,-4.31571
57.47844,-4.31522
57.47838,-4.31488
57.47828,-4.3143
57.47821,-4.31369
57.47818,-4.31315
57.47818,-4.31275
57.47819,-4.31221
57.47821,-4.31192
57.47825,-4.31153
57.47831,-4.31111
57.47838,-4.31069
57.47868,-4.30937
57.47881,-4.30882
57.47899,-4.30789
57.47911,-4.30707
57.47915,-4.30683
57.47919,-4.30651
57.47929,-4.30557
57.47935,-4.30495
57.47936,-4.30461
57.47937,-4.30442
57.47938,-4.3041
57.47941,-4.30259
57.47945,-4.30138
57.47952,-4.30025
57.47957,-4.29984
57.4796,-4.29964
57.47975,-4.29884
57.48006,-4.29723
57.48037,-4.29559
57.48069,-4.2938
57.48075,-4.29337
57.4808,-4.29292
57.48081,-4.29286
57.48084,-4.29243
57.48087,-4.29133
57.48094,-4.29027
57.48112,-4.28871
57.48132,-4.28716
57.48133,-4.28707
57.48137,-4.28677
57.48144,-4.28639
57.48158,-4.2857
57.48189,-4.28435
57.48195,-4.28412
57.48228,-4.28302
57.48255,-4.28209
57.48341,-4.27912
57.48411,-4.27664
57.48484,-4.27425
57.48503,-4.27356
57.4852,-4.27292
57.48554,-4.27153
57.48579,-4.2705
57.48594,-4.26995
57.48623,-4.26913
57.48637,-4.26863
57.48653,-4.26796
57.4867,-4.26719
57.48683,-4.26649
57.48692,-4.26617
57.48701,-4.26588
57.48718,-4.2655
57.48753,-4.26482
57.48771,-4.26447
57.48789,-4.26397
57.48808,-4.26319
57.48832,-4.26205
57.48842,-4.26159
57.48845,-4.26139
57.48846,-4.26124
57.48846,-4.2611
57.48842,-4.26091
57.4884,-4.26085
57.4883,-4.26048
57.48828,-4.26041
57.48825,-4.26027
57.48824,-4.26012
57.48825,-4.26
57.48826,-4.25986
57.48834,-4.25943
57.48838,-4.25916
57.48849,-4.2583
57.4885,-4.25815
57.48852,-4.25792
57.48853,-4.25753
57.48855,-4.25721
57.48858,-4.25671
57.48861,-4.25621
57.48863,-4.25594
57.48864,-4.25567
57.48863,-4.25557
57.48861,-4.25548
57.48856,-4.25524
57.48851,-4.25508
57.48843,-4.25494
57.48835,-4.25478
57.48821,-4.25461
57.48806,-4.25445
57.488,-4.2544
57.48789,-4.2543
57.48764,-4.25414
57.48738,-4.25399
57.48702,-4.25379
57.48671,-4.25363
57.4863,-4.25341
57.48623,-4.25369
57.48608,-4.25417
57.48601,-4.25439
57.48575,-4.25509
57.48569,-4.25524
57.48532,-4.25621
57.48529,-4.2563
57.48462,-4.25804
57.48447,-4.25832
57.48437,-4.25844
57.48427,-4.25855
57.48413,-4.25865
57.48398,-4.25872
57.48388,-4.25876
57.48376,-4.25877
57.48357,-4.25875
57.48342,-4.25872
57.48332,-4.25869
57.48321,-4.25863
57.4831,-4.25856
57.48299,-4.25848
57.48287,-4.25837
57.48275,-4.25825
57.4825,-4.25798
57.48228,-4.2577
57.48211,-4.25747
57.48194,-4.25715
57.48187,-4.25698
57.48179,-4.2568
57.48151,-4.25604
57.48144,-4.25586
57.48136,-4.25568
57.48126,-4.2555
57.48115,-4.25529
57.48102,-4.25509
57.48086,-4.25489
57.48074,-4.25475
57.48068,-4.25467
57.48057,-4.2545
57.48049,-4.25431
57.48044,-4.25412
57.48039,-4.25391
57.48037,-4.25374
57.4796,-4.25416
57.47937,-4.25429
57.47913,-4.25442
57.47887,-4.25456
57.47842,-4.25479
57.47756,-4.25525
57.47729,-4.2554
57.47708,-4.2555
57.47672,-4.25569
57.47664,-4.25573
57.47636,-4.25588
57.47598,-4.25605
57.47559,-4.25622
57.47522,-4.25636
57.47477,-4.25651
57.47445,-4.25662
57.4741,-4.25671
57.4735,-4.25686
57.47289,-4.257
57.47232,-4.25716
57.47173,-4.2573
57.4711,-4.25746
57.47047,-4.25762
57.47022,-4.25766
57.47007,-4.25767
57.46973,-4.25764
57.46963,-4.25762
57.46947,-4.25757
57.46934,-4.25753
57.46908,-4.25741
57.46892,-4.25731
57.46876,-4.25719
57.46858,-4.25705
57.46845,-4.25693
57.4684,-4.25689
57.46819,-4.25666
57.46804,-4.25645
57.46789,-4.25624
57.46768,-4.25591
57.46759,-4.25573
57.46747,-4.25548
57.46734,-4.25519
57.46727,-4.25502
57.46724,-4.25496
57.46709,-4.25452
57.46692,-4.25393
57.46655,-4.25265
57.46627,-4.25172
57.4662,-4.25149
57.46613,-4.25124
57.46602,-4.2509
57.46598,-4.25072
57.46571,-4.24986
57.46549,-4.24933
57.46525,-4.24884
57.46496,-4.2484
57.46442,-4.24777
57.46425,-4.24758
57.46415,-4.24737
57.46407,-4.24722
57.46407,-4.2471
57.46406,-4.24698
57.46404,-4.24686
57.46399,-4.24676
57.46393,-4.2467
57.46388,-4.24667
57.46382,-4.24666
57.46377,-4.24668
57.46376,-4.24668
57.46371,-4.24673
57.46366,-4.2468
57.46363,-4.24688
57.46361,-4.24696
57.4636,-4.24707
57.4636,-4.24718
57.46362,-4.24728
57.46364,-4.24735
57.46367,-4.24741
57.46368,-4.24754
57.4637,-4.24768
57.46369,-4.24787
57.46368,-4.24805
57.46361,-4.24858
57.46356,-4.24895
57.46349,-4.24948
57.46343,-4.24995
57.46337,-4.25041
57.46334,-4.25079
57.46331,-4.2511
57.46329,-4.25155
57.46325,-4.25241
57.46319,-4.25306
57.46313,-4.25354
57.46304,-4.25398
57.46293,-4.2544
57.46283,-4.25474
57.46266,-4.25523
57.46242,-4.25572
57.46211,-4.2562
57.46176,-4.25661
57.46141,-4.25699
57.46113,-4.25733
57.46072,-4.25788
57.46047,-4.25828
57.46023,-4.25873
57.45998,-4.25925
57.45978,-4.25971
57.45954,-4.26037
57.45937,-4.26095
57.45924,-4.26155
57.45916,-4.26198
57.4591,-4.26245
57.45903,-4.26318
57.45896,-4.26389
57.45882,-4.26505
57.45868,-4.26596
57.45853,-4.26665
57.4584,-4.26724
57.45821,-4.26803
57.45805,-4.26864
57.45775,-4.26963
57.4577,-4.26981
57.45767,-4.26989
57.45748,-4.27047
57.45713,-4.27139
57.45692,-4.27185
57.45677,-4.27218
57.45661,-4.2725
57.45645,-4.2728
57.4563,-4.27309
57.45614,-4.27337
57.45598,-4.27364
57.45577,-4.27398
57.45554,-4.27432
57.45524,-4.27474
57.45485,-4.27523
57.45445,-4.27573
57.45408,-4.27624
57.45383,-4.2766
57.45359,-4.27696
57.45316,-4.27768
57.45281,-4.2783
57.45262,-4.27865
57.45243,-4.279
57.45208,-4.27969
57.45183,-4.28018
57.45182,-4.2802
57.4517,-4.28044
57.45124,-4.28133
57.45115,-4.2815
57.45102,-4.28174
57.45088,-4.282
57.45081,-4.28214
57.45061,-4.28249
57.45042,-4.28284
57.45015,-4.28335
57.45013,-4.28339
57.44981,-4.28398
57.4496,-4.28438
57.44939,-4.28478
57.44921,-4.28513
57.44903,-4.28551
57.4488,-4.28602
57.44856,-4.2865
57.44804,-4.28754
57.44773,-4.28812
57.44748,-4.28859
57.44635,-4.29079
57.44488,-4.29364
57.44479,-4.29384
57.44462,-4.29417
57.44439,-4.29451
57.44411,-4.29479
57.44376,-4.29507
57.44317,-4.29558
57.44232,-4.29627
57.44169,-4.2968
57.44138,-4.29707
57.44109,-4.29731
57.44056,-4.29781
57.44006,-4.29823
57.43953,-4.29856
57.43927,-4.29874
57.43907,-4.2989
57.43892,-4.29907
57.43863,-4.29946
57.43841,-4.29975
57.43819,-4.30009
57.43802,-4.30039
57.43788,-4.30069
57.43777,-4.30093
57.4377,-4.30105
57.43762,-4.30116
57.43738,-4.3014
57.43621,-4.3026
57.43576,-4.30308
57.4356,-4.30326
57.43531,-4.30359
57.43506,-4.30396
57.43466,-4.30453
57.43372,-4.30593
57.43338,-4.30648
57.43311,-4.30686
57.43278,-4.30726
57.43225,-4.30783
57.43194,-4.30813
57.43183,-4.30821
57.43174,-4.30825
57.43148,-4.30834
57.43085,-4.30842
57.43001,-4.30842
57.42984,-4.30846
57.42966,-4.30853
57.42928,-4.30873
57.42881,-4.30898
57.42866,-4.30909
57.42851,-4.30922
57.42822,-4.3095
57.42817,-4.30955
57.42765,-4.31015
57.42726,-4.31068
57.427,-4.31106
57.42684,-4.31132
57.4266,-4.31175
57.42572,-4.31349
57.42498,-4.31502
57.42467,-4.31556
57.42438,-4.31598
57.42417,-4.3163
57.42388,-4.31685
57.42347,-4.31766
57.42295,-4.31872
57.42245,-4.31983
57.42215,-4.32058
57.42165,-4.32186
57.42142,-4.3224
57.4211,-4.32306
57.42061,-4.3239
57.4204,-4.32429
57.42024,-4.32461
57.41984,-4.32551
57.41962,-4.32605
57.41954,-4.3262
57.41945,-4.32637
57.41907,-4.32682
57.41857,-4.32731
57.41811,-4.32766
57.41766,-4.32792
57.41704,-4.32821
57.41683,-4.32831
57.41663,-4.32843
57.41645,-4.32856
57.4164,-4.32861
57.41626,-4.32875
57.41613,-4.32891
57.41601,-4.32907
57.41567,-4.32969
57.41546,-4.33012
57.41462,-4.33182
57.41396,-4.33317
57.41359,-4.33394
57.41346,-4.33419
57.41332,-4.3344
57.41317,-4.33459
57.41278,-4.33501
57.41184,-4.33598
57.41113,-4.33669
57.41042,-4.33733
57.41017,-4.33756
57.40965,-4.33801
57.40914,-4.33848
57.40891,-4.33868
57.4086,-4.33896
57.40822,-4.33929
57.40783,-4.33965
57.40759,-4.33989
57.40733,-4.34022
57.40724,-4.34035
57.4068,-4.34095
57.40667,-4.34112
57.40651,-4.3413
57.40625,-4.34157
57.40583,-4.34195
57.40556,-4.34228
57.40523,-4.34277
57.4049,-4.34329
57.40429,-4.34425
57.40408,-4.34462
57.40387,-4.34506
57.4036,-4.34567
57.40335,-4.34619
57.40323,-4.34641
57.40311,-4.3466
57.40295,-4.34686
57.40262,-4.34745
57.402,-4.34875
57.40169,-4.34939
57.40117,-4.35026
57.40048,-4.35141
57.40023,-4.35184
57.39966,-4.35273
57.39917,-4.35345
57.39871,-4.3541
57.39841,-4.35453
57.39818,-4.35494
57.39798,-4.35532
57.39761,-4.3561
57.39733,-4.3566
57.39645,-4.35807
57.3959,-4.35895
57.39563,-4.35936
57.39545,-4.3596
57.39487,-4.36032
57.39448,-4.36079
57.39385,-4.36155
57.39366,-4.36176
57.39347,-4.36197
57.39333,-4.36214
57.3929,-4.36275
57.3924,-4.36342
57.39151,-4.36448
57.3908,-4.36532
57.3906,-4.36556
57.39039,-4.36581
57.39013,-4.36616
57.38981,-4.36664
57.38967,-4.36681
57.38956,-4.36694
57.38946,-4.36705
57.38928,-4.36721
57.38818,-4.36824
57.38722,-4.36918
57.38702,-4.3694
57.3868,-4.36967
57.38664,-4.36991
57.38643,-4.3702
57.38615,-4.37052
57.38581,-4.37089
57.38524,-4.37143
57.38495,-4.37172
57.38468,-4.37208
57.38339,-4.37387
57.38325,-4.37406
57.38308,-4.37429
57.38278,-4.37466
57.38269,-4.37477
57.3825,-4.37496
57.38227,-4.37516
57.38183,-4.37546
57.38041,-4.37624
57.38022,-4.37639
57.38011,-4.37651
57.37999,-4.37667
57.37987,-4.37687
57.37974,-4.3771
57.37961,-4.37745
57.3795,-4.37777
57.37948,-4.37783
57.37936,-4.37809
57.37928,-4.37824
57.37924,-4.37831
57.37907,-4.37858
57.37861,-4.3792
57.37785,-4.38007
57.37711,-4.38103
57.37568,-4.38291
57.37547,-4.3831
57.3752,-4.38329
57.37391,-4.384
57.37184,-4.38567
57.37053,-4.38678
57.37015,-4.38715
57.36979,-4.38753
57.36892,-4.38857
57.36865,-4.38886
57.36846,-4.38904
57.36823,-4.38922
57.36729,-4.38976
57.3671,-4.38989
57.36688,-4.39006
57.36657,-4.39038
57.36544,-4.39164
57.365,-4.39211
57.36451,-4.39259
57.36438,-4.39272
57.36408,-4.39303
57.36325,-4.39386
57.36201,-4.39495
57.36143,-4.39559
57.36104,-4.39607
57.36081,-4.39636
57.36073,-4.39647
57.36066,-4.39659
57.36006,-4.39779
57.35993,-4.39802
57.35975,-4.39829
57.35877,-4.39927
57.35765,-4.4007
57.3568,-4.40178
57.35654,-4.40215
57.35494,-4.40468
57.35473,-4.40499
57.35453,-4.40524
57.35396,-4.40565
57.35382,-4.40579
57.35368,-4.40594
57.35349,-4.4062
57.35224,-4.40797
57.35202,-4.40826
57.35156,-4.40875
57.35145,-4.40888
57.35134,-4.40909
57.35128,-4.40925
57.3512,-4.4095
57.35103,-4.41015
57.35098,-4.41036
57.35091,-4.41054
57.35082,-4.41072
57.35062,-4.41103
57.34969,-4.41211
57.34934,-4.41257
57.34921,-4.41277
57.34909,-4.41299
57.34863,-4.41404
57.34848,-4.41433
57.34836,-4.41452
57.34795,-4.41496
57.3478,-4.41511
57.34768,-4.41527
57.34755,-4.41553
57.3474,-4.41588
57.34693,-4.4172
57.34672,-4.41766
57.34655,-4.41796
57.34637,-4.41821
57.3452,-4.41973
57.34485,-4.42014
57.34452,-4.42051
57.34441,-4.42065
57.34427,-4.42086
57.34413,-4.42112
57.34384,-4.42166
57.34376,-4.42183
57.34366,-4.42202
57.34353,-4.42235
57.34333,-4.42304
57.34326,-4.42329
57.34316,-4.42356
57.34307,-4.42374
57.34297,-4.4239
57.34213,-4.42486
57.34187,-4.42518
57.3417,-4.42542
57.3416,-4.42561
57.34151,-4.42579
57.34098,-4.42713
57.3408,-4.42763
57.34041,-4.42882
57.33978,-4.43088
57.33823,-4.43595
57.33805,-4.43664
57.33789,-4.43728
57.33777,-4.43788
57.33768,-4.43839
57.33748,-4.43971
57.33722,-4.44177
57.33716,-4.44232
57.33705,-4.44328
57.33692,-4.44428
57.33686,-4.44488
57.33684,-4.44529
57.3368,-4.44625
57.33679,-4.44682
57.33677,-4.44716
57.33677,-4.4474
57.33675,-4.44806
57.33671,-4.44901
57.33668,-4.44943
57.33663,-4.44998
57.33651,-4.4509
57.33649,-4.45122
57.33649,-4.45163
57.33649,-4.45186
57.33653,-4.45272
57.33664,-4.45414
57.33666,-4.45455
57.33666,-4.45491
57.33661,-4.45583
57.33657,-4.45646
57.33658,-4.45714
57.33659,-4.45802
57.33662,-4.45847
57.33666,-4.45889
57.33681,-4.45972
57.33701,-4.46082
57.33716,-4.46169
57.33722,-4.46211
57.33725,-4.46242
57.33727,-4.46272
57.33735,-4.4661
57.33735,-4.46616
57.33735,-4.46621
57.33734,-4.46632
57.33734,-4.46638
57.33736,-4.46727
57.33737,-4.46773
57.33736,-4.46826
57.33722,-4.47175
57.3371,-4.4745
57.33708,-4.47527
57.33706,-4.47595
57.33708,-4.47664
57.33711,-4.47744
57.33713,-4.47773
57.33717,-4.47819
57.33718,-4.47828
57.33721,-4.47865
57.33727,-4.47908
57.33734,-4.47958
57.33736,-4.47977
57.33736,-4.4799
57.33733,-4.48
57.33731,-4.48003
57.33728,-4.48007
57.33708,-4.48025
57.33701,-4.48029
57.33695,-4.48031
57.33688,-4.48032
57.33681,-4.48032
57.33667,-4.48029
57.33626,-4.48014
57.33624,-4.48013
57.33569,-4.48
57.33558,-4.47998
57.33542,-4.47994
57.33492,-4.47982
57.33476,-4.4798
57.33469,-4.47979
57.33448,-4.47983
57.33439,-4.47985
57.33423,-4.47992
57.3341,-4.48001
57.33391,-4.48014
57.3337,-4.48029
57.33362,-4.48036
57.33295,-4.4809
57.33272,-4.48109
57.33249,-4.48122
57.33238,-4.48125
57.33228,-4.48126
57.33219,-4.48126
57.33206,-4.48123
57.33186,-4.48116
57.3316,-4.48103
57.33124,-4.48078
57.331,-4.48059
57.3308,-4.48041
57.33056,-4.48022
57.33027,-4.47995
57.33009,-4.47978
57.32982,-4.47953
57.32967,-4.47938
57.32955,-4.47925
57.32945,-4.47908
57.3294,-4.47898
57.32937,-4.47893
57.32932,-4.47884
57.32918,-4.47851
57.329,-4.47802
57.32897,-4.47794
57.329,-4.47789
57.32903,-4.47782
57.32904,-4.47774
57.32904,-4.47766
57.32903,-4.47759
57.329,-4.47751
57.32896,-4.47745
57.32891,-4.47742
57.32886,-4.47743
57.32881,-4.47747
57.32875,-4.47729
57.32866,-4.47692
57.32859,-4.47657
57.32851,-4.47592
57.32841,-4.47506
57.32837,-4.47469
57.32835,-4.47456
57.32829,-4.474
57.32819,-4.47314
57.32809,-4.47213
57.32802,-4.47154
57.32799,-4.47128
57.32798,-4.47109
57.32798,-4.47088
57.328,-4.47068
57.32803,-4.47044
57.32808,-4.47025
57.32817,-4.47003
57.32827,-4.46979
57.32901,-4.46816
57.32911,-4.46792
57.3292,-4.46763
57.32928,-4.46736
57.32935,-4.46707
57.32941,-4.46674
57.32947,-4.46631
57.32949,-4.46614
57.3295,-4.46603
57.32951,-4.46575
57.32951,-4.46554
57.32951,-4.46352
57.3295,-4.46319
57.32949,-4.46292
57.32946,-4.46268
57.32942,-4.46244
57.32937,-4.46221
57.32932,-4.46201
57.32924,-4.4618
57.32916,-4.4616
57.32905,-4.4614
57.32864,-4.46076
57.32856,-4.46063
57.32846,-4.46044
57.3284,-4.46031
57.32836,-4.46018
57.32831,-4.46004
57.32826,-4.45983
57.32819,-4.45951
57.32788,-4.45782
57.32784,-4.45755
57.3278,-4.45726
57.32777,-4.45697
57.32769,-4.4558
57.3276,-4.45469
57.32749,-4.45311
57.32743,-4.4523
57.32736,-4.4515
57.3273,-4.45061
57.32728,-4.45024
57.32727,-4.44986
57.32729,-4.44862
57.32729,-4.44825
57.32731,-4.44686
57.32731,-4.44661
57.32729,-4.44644
57.32727,-4.44625
57.32723,-4.44607
57.32719,-4.44592
57.32713,-4.44578
57.32705,-4.44561
57.32697,-4.44549
57.3269,-4.44538
57.32682,-4.4453
57.32675,-4.44526
57.32667,-4.44521
57.32656,-4.44518
57.32644,-4.44518
57.32634,-4.44518
57.32624,-4.4452
57.32607,-4.44527
57.32596,-4.44532
57.32585,-4.44535
57.32573,-4.4454
57.32553,-4.44543
57.32531,-4.44545
57.32499,-4.44545
57.32475,-4.44545
57.32458,-4.44544
57.32446,-4.44542
57.32437,-4.4454
57.32408,-4.44529
57.3239,-4.44522
57.32319,-4.44511
57.32302,-4.4451
57.3229,-4.44509
57.32279,-4.4451
57.32267,-4.44513
57.32256,-4.44519
57.32244,-4.44527
57.32234,-4.44536
57.32222,-4.44549
57.3221,-4.44565
57.32196,-4.44588
57.32185,-4.44606
57.32174,-4.44621
57.32162,-4.44636
57.32152,-4.44646
57.32142,-4.44655
57.32119,-4.44672
57.32109,-4.44681
57.32101,-4.44691
57.32091,-4.44704
57.32083,-4.44718
57.32074,-4.44736
57.32064,-4.44754
57.32056,-4.44767
57.32047,-4.44778
57.32037,-4.44788
57.32027,-4.44794
57.32016,-4.44801
57.32003,-4.44809
57.31989,-4.44821
57.3198,-4.44832
57.3197,-4.44848
57.31954,-4.4488
57.31911,-4.44978
57.319,-4.45004
57.31888,-4.45024
57.31875,-4.4504
57.31862,-4.45053
57.31779,-4.45137
57.31767,-4.45147
57.31755,-4.45155
57.31742,-4.45159
57.31727,-4.45163
57.31716,-4.45165
57.31704,-4.45171
57.31694,-4.45179
57.31682,-4.45191
57.31672,-4.45207
57.31662,-4.45226
57.31652,-4.45249
57.31642,-4.4527
57.31631,-4.45289
57.3162,-4.45303
57.31607,-4.45316
57.31593,-4.45328
57.3158,-4.45337
57.31566,-4.45343
57.3149,-4.45377
57.31473,-4.45385
57.31457,-4.45393
57.31443,-4.45401
57.31433,-4.45409
57.31424,-4.45421
57.31416,-4.45435
57.31405,-4.45457
57.31375,-4.45523
57.31367,-4.45539
57.31357,-4.45556
57.31346,-4.45572
57.3132,-4.45608
57.31306,-4.45629
57.31295,-4.45648
57.31281,-4.45672
57.31257,-4.45721
57.31238,-4.45756
57.31209,-4.45805
57.31199,-4.45824
57.31186,-4.45846
57.31174,-4.45863
57.31162,-4.45879
57.31146,-4.45897
57.31087,-4.45954
57.31073,-4.45972
57.31049,-4.46
57.31025,-4.46033
57.3101,-4.46054
57.30996,-4.46075
57.30981,-4.46104
57.30963,-4.46136
57.30948,-4.46162
57.30934,-4.46182
57.30918,-4.46201
57.30899,-4.4622
57.30854,-4.46267
57.30821,-4.46297
57.30781,-4.46337
57.30755,-4.46363
57.30742,-4.46377
57.30694,-4.46425
57.30633,-4.46487
57.30601,-4.46522
57.30574,-4.46554
57.30493,-4.46651
57.30477,-4.46669
57.30461,-4.46684
57.30389,-4.4674
57.30364,-4.46765
57.30329,-4.46799
57.30298,-4.46827
57.3026,-4.46859
57.30236,-4.46881
57.30208,-4.46911
57.30185,-4.46937
57.3016,-4.46964
57.30114,-4.47021
57.30081,-4.47063
57.30067,-4.47079
57.30051,-4.47096
57.30033,-4.47113
57.29986,-4.47148
57.29874,-4.47233
57.298,-4.47289
57.2975,-4.47323
57.29726,-4.47339
57.29712,-4.47347
57.29694,-4.47351
57.29566,-4.47368
57.29503,-4.47374
57.2948,-4.47377
57.29466,-4.47382
57.29454,-4.4739
57.29438,-4.47404
57.29424,-4.47421
57.29411,-4.47441
57.29398,-4.47462
57.2938,-4.47489
57.29358,-4.47518
57.2934,-4.47539
57.2932,-4.47562
57.29289,-4.47601
57.29257,-4.47646
57.29237,-4.47673
57.29214,-4.47701
57.29192,-4.47728
57.29179,-4.47746
57.29166,-4.47768
57.2915,-4.47798
57.29138,-4.47818
57.29121,-4.47844
57.2908,-4.47892
57.29061,-4.47916
57.29049,-4.47938
57.29039,-4.4796
57.29029,-4.47985
57.29021,-4.48004
57.29012,-4.48023
57.29002,-4.48039
57.28967,-4.48089
57.28957,-4.48104
57.28948,-4.48121
57.2893,-4.48161
57.28827,-4.4842
57.2882,-4.48435
57.28812,-4.48448
57.28803,-4.48462
57.28791,-4.48476
57.28781,-4.48484
57.28769,-4.48492
57.28756,-4.48499
57.28744,-4.48506
57.28729,-4.48514
57.28716,-4.48523
57.28703,-4.48535
57.2869,-4.48549
57.28668,-4.48572
57.28654,-4.48586
57.28642,-4.48601
57.28632,-4.48615
57.28622,-4.48633
57.28611,-4.48656
57.28599,-4.48681
57.28587,-4.48709
57.28578,-4.48728
57.28571,-4.48741
57.28563,-4.48755
57.28554,-4.48767
57.28546,-4.48777
57.28536,-4.48788
57.28524,-4.48797
57.28511,-4.48808
57.28499,-4.48818
57.28489,-4.48829
57.28479,-4.48843
57.28471,-4.48858
57.28466,-4.48869
57.28459,-4.48882
57.2845,-4.48893
57.28438,-4.48904
57.28427,-4.48913
57.28418,-4.48918
57.28406,-4.48922
57.28381,-4.48929
57.28365,-4.48935
57.28351,-4.48943
57.28333,-4.48958
57.28281,-4.49002
57.28232,-4.49042
57.28222,-4.49051
57.28212,-4.49062
57.28202,-4.49078
57.28192,-4.49098
57.28174,-4.49136
57.28167,-4.49149
57.28159,-4.49162
57.2815,-4.49172
57.28141,-4.49181
57.2813,-4.49187
57.28118,-4.49192
57.28096,-4.49197
57.28085,-4.49201
57.28075,-4.49208
57.28066,-4.49215
57.28056,-4.49226
57.28048,-4.49238
57.28038,-4.49256
57.28014,-4.49303
57.28007,-4.49316
57.27997,-4.49332
57.27945,-4.49415
57.27927,-4.49441
57.2791,-4.49464
57.279,-4.49478
57.27891,-4.49492
57.27882,-4.49508
57.27872,-4.49528
57.27858,-4.49554
57.27849,-4.49571
57.27837,-4.49591
57.27825,-4.49607
57.27813,-4.49623
57.27799,-4.49637
57.27785,-4.4965
57.27761,-4.4967
57.27744,-4.49682
57.27711,-4.49704
57.27699,-4.49711
57.27689,-4.49719
57.27678,-4.49729
57.27668,-4.49743
57.27656,-4.49758
57.27628,-4.49804
57.27617,-4.49821
57.27609,-4.49832
57.27601,-4.49844
57.27592,-4.49854
57.27581,-4.49865
57.2757,-4.49875
57.27536,-4.49902
57.27525,-4.49912
57.27513,-4.49923
57.27495,-4.49942
57.27473,-4.49968
57.2746,-4.49984
57.27445,-4.50005
57.2743,-4.50025
57.27416,-4.50043
57.27404,-4.50056
57.27392,-4.50068
57.27378,-4.50078
57.27341,-4.50106
57.27322,-4.50121
57.27304,-4.50136
57.27287,-4.5015
57.27272,-4.50165
57.27259,-4.50178
57.27246,-4.50194
57.27229,-4.50216
57.2721,-4.50242
57.27195,-4.50264
57.27178,-4.50288
57.27164,-4.50308
57.27151,-4.50327
57.27135,-4.50346
57.27067,-4.50425
57.27049,-4.50448
57.27031,-4.50472
57.26994,-4.50527
57.26977,-4.50553
57.26958,-4.50582
57.26943,-4.50606
57.26924,-4.50632
57.26904,-4.50656
57.26883,-4.5068
57.26872,-4.50694
57.26859,-4.50713
57.26842,-4.50741
57.26808,-4.50801
57.26761,-4.50886
57.26738,-4.50937
57.26676,-4.51088
57.26654,-4.5114
57.26633,-4.51185
57.26611,-4.51229
57.26585,-4.51287
57.26564,-4.51336
57.26544,-4.5138
57.2652,-4.51429
57.26496,-4.51478
57.26474,-4.5152
57.26444,-4.51574
57.26425,-4.5161
57.26413,-4.51633
57.26397,-4.51668
57.26373,-4.51719
57.26348,-4.51773
57.26336,-4.51797
57.26319,-4.51827
57.26218,-4.51973
57.26125,-4.52108
57.26067,-4.52183
57.2604,-4.52219
57.26017,-4.52251
57.25993,-4.52287
57.25942,-4.52361
57.25928,-4.52381
57.25911,-4.524
57.25885,-4.52428
57.25877,-4.52438
57.25869,-4.52449
57.25852,-4.52471
57.25805,-4.52542
57.2574,-4.52644
57.2571,-4.52682
57.25677,-4.52717
57.25624,-4.52756
57.25563,-4.52803
57.25531,-4.52831
57.2549,-4.52874
57.25448,-4.52928
57.25403,-4.52996
57.25313,-4.53155
57.25266,-4.53228
57.25184,-4.53345
57.25141,-4.53393
57.25048,-4.5349
57.25023,-4.53517
57.24998,-4.53528
57.24953,-4.53542
57.24933,-4.53548
57.24914,-4.53562
57.24895,-4.53583
57.2483,-4.53689
57.24759,-4.53816
57.24729,-4.53892
57.24709,-4.53931
57.24681,-4.53971
57.24663,-4.54003
57.24635,-4.5406
57.24596,-4.54147
57.24545,-4.54262
57.24508,-4.54343
57.24483,-4.5438
57.24439,-4.54434
57.24422,-4.54465
57.24364,-4.54578
57.24337,-4.54611
57.24312,-4.54648
57.24296,-4.54684
57.24246,-4.54828
57.24219,-4.54894
57.24195,-4.54938
57.24064,-4.55136
57.24043,-4.55176
57.24023,-4.55224
57.23988,-4.55315
57.23969,-4.55355
57.23894,-4.55461
57.23878,-4.55494
57.23861,-4.55541
57.23832,-4.55604
57.23813,-4.55634
57.23793,-4.55655
57.23769,-4.55676
57.23694,-4.55713
57.23626,-4.55745
57.23611,-4.55756
57.23583,-4.55786
57.23567,-4.55806
57.23548,-4.55844
57.23519,-4.55919
57.23504,-4.55956
57.23495,-4.55978
57.2348,-4.56008
57.23462,-4.56036
57.23443,-4.56061
57.23374,-4.56126
57.2335,-4.5615
57.23337,-4.56167
57.23307,-4.5622
57.23274,-4.56281
57.23242,-4.56322
57.23157,-4.56413
57.23066,-4.56533
57.23007,-4.56613
57.22944,-4.56716
57.22892,-4.56797
57.22668,-4.57135
57.2259,-4.57246
57.22564,-4.5728
57.2254,-4.57305
57.22435,-4.57397
57.22416,-4.57421
57.22401,-4.5745
57.22373,-4.5752
57.2235,-4.57571
57.22329,-4.57608
57.22299,-4.57653
57.22268,-4.57689
57.22239,-4.57724
57.22208,-4.57768
57.22186,-4.57804
57.22164,-4.57851
57.22135,-4.5791
57.22119,-4.57933
57.22101,-4.57955
57.22061,-4.57992
57.2204,-4.5801
57.22025,-4.58032
57.22009,-4.58067
57.21976,-4.5815
57.21945,-4.58227
57.21924,-4.58262
57.21911,-4.58281
57.21896,-4.58303
57.2188,-4.5832
57.21828,-4.58353
57.21813,-4.58369
57.21799,-4.58392
57.21775,-4.58455
57.21739,-4.58557
57.21667,-4.58695
57.21653,-4.58733
57.21632,-4.58812
57.21603,-4.58897
57.21551,-4.59056
57.21532,-4.59123
57.21505,-4.59228
57.21459,-4.59413
57.21432,-4.59496
57.21405,-4.59584
57.21404,-4.59589
57.21384,-4.59644
57.21355,-4.59715
57.21337,-4.59777
57.21328,-4.59817
57.21321,-4.59855
57.21307,-4.59943
57.21298,-4.59985
57.21279,-4.60064
57.21245,-4.60209
57.21228,-4.60279
57.21222,-4.60317
57.21218,-4.60356
57.21215,-4.60402
57.21213,-4.6045
57.21214,-4.60489
57.21215,-4.60531
57.21217,-4.60571
57.2122,-4.60604
57.21225,-4.60635
57.21231,-4.60663
57.21236,-4.60688
57.21242,-4.60712
57.21249,-4.60734
57.21264,-4.60782
57.21285,-4.60843
57.21305,-4.60903
57.21322,-4.60957
57.21334,-4.60998
57.21347,-4.6105
57.21373,-4.61158
57.2138,-4.61189
57.21384,-4.61212
57.21387,-4.61235
57.2139,-4.61273
57.21393,-4.61315
57.21396,-4.61345
57.21398,-4.61372
57.21402,-4.61399
57.21406,-4.61426
57.21432,-4.61568
57.2144,-4.61613
57.21442,-4.61627
57.21452,-4.61679
57.21456,-4.61701
57.21457,-4.61718
57.21455,-4.6173
57.21448,-4.61742
57.21443,-4.61747
57.21439,-4.61749
57.21426,-4.61746
57.21416,-4.61745
57.21398,-4.61742
57.21388,-4.61742
57.21377,-4.61744
57.21367,-4.61746
57.21314,-4.61765
57.21279,-4.61777
57.21264,-4.61781
57.21237,-4.6179
57.21213,-4.61799
57.21198,-4.61805
57.21182,-4.61809
57.21169,-4.61806
57.21157,-4.618
57.21144,-4.61789
57.21131,-4.61777
57.21117,-4.61755
57.21099,-4.61721
57.21078,-4.6167
57.2107,-4.61642
57.21063,-4.61609
57.21051,-4.61527
57.21034,-4.61415
57.21025,-4.61376
57.21012,-4.61343
57.20987,-4.61302
57.20907,-4.61208
57.20856,-4.61143
57.20822,-4.61086
57.20801,-4.61045
57.20785,-4.61022
57.20765,-4.60996
57.20737,-4.60972
57.20686,-4.60936
57.20679,-4.60932
57.20653,-4.60916
57.20631,-4.60907
57.20599,-4.60899
57.20586,-4.60893
57.20566,-4.60882
57.20538,-4.60862
57.20483,-4.60824
57.20464,-4.60814
57.20445,-4.60808
57.20428,-4.60805
57.20423,-4.60804
57.20407,-4.60805
57.2036,-4.6081
57.20323,-4.6081
57.20299,-4.60804
57.20249,-4.60782
57.20214,-4.60773
57.20184,-4.60773
57.20151,-4.6078
57.20045,-4.60837
57.19989,-4.60866
57.19955,-4.60891
57.19915,-4.60937
57.19858,-4.61009
57.19779,-4.61108
57.1971,-4.6118
57.19696,-4.61193
57.1967,-4.61217
57.19643,-4.61237
57.19572,-4.61283
57.19534,-4.6131
57.19468,-4.61372
57.1937,-4.61464
57.19326,-4.61506
57.1929,-4.61545
57.19271,-4.61569
57.19259,-4.6159
57.19209,-4.61688
57.19195,-4.61711
57.19184,-4.61725
57.19173,-4.61738
57.19125,-4.61777
57.18985,-4.61903
57.18974,-4.61908
57.18963,-4.61913
57.18956,-4.61915
57.18908,-4.61921
57.18787,-4.61921
57.18761,-4.61928
57.18735,-4.61943
57.18708,-4.61969
57.18701,-4.6198
57.18684,-4.62004
57.18663,-4.62053
57.18647,-4.62096
57.1863,-4.62136
57.18599,-4.62195
57.18542,-4.62275
57.18507,-4.62324
57.18434,-4.62429
57.18406,-4.62479
57.18383,-4.62529
57.1827,-4.62811
57.18257,-4.62853
57.18246,-4.62897
57.18234,-4.62942
57.1822,-4.62984
57.18213,-4.63005
57.18157,-4.63132
57.18141,-4.63166
57.18118,-4.63209
57.1809,-4.63254
57.18032,-4.6334
57.17976,-4.63412
57.17954,-4.63453
57.17937,-4.6349
57.1791,-4.63559
57.17892,-4.63601
57.17879,-4.63624
57.17868,-4.63644
57.17835,-4.63682
57.17825,-4.63693
57.17796,-4.63723
57.17775,-4.63751
57.17759,-4.63778
57.1773,-4.63837
57.17717,-4.63861
57.17703,-4.63882
57.17684,-4.63904
57.17651,-4.63938
57.17621,-4.63965
57.17586,-4.63992
57.1756,-4.64004
57.17529,-4.64013
57.1747,-4.64024
57.17448,-4.64033
57.17426,-4.64048
57.17404,-4.64068
57.17367,-4.64104
57.1733,-4.64147
57.17305,-4.64181
57.17276,-4.64228
57.1723,-4.64335
57.17204,-4.64381
57.1718,-4.64412
57.17156,-4.64438
57.17086,-4.64489
57.1707,-4.645
57.17045,-4.64524
57.16924,-4.6465
57.1681,-4.64797
57.16692,-4.64959
57.16577,-4.65128
57.16499,-4.65252
57.16475,-4.653
57.16401,-4.65481
57.16357,-4.65583
57.1633,-4.65629
57.16303,-4.65666
57.16273,-4.65704
57.16254,-4.6572
57.16233,-4.65726
57.16172,-4.65715
57.16148,-4.65717
57.1613,-4.65726
57.16104,-4.65752
57.16064,-4.65799
57.15998,-4.65888
57.15947,-4.65974
57.15932,-4.66016
57.15924,-4.66061
57.15907,-4.66234
57.15901,-4.66284
57.15894,-4.66321
57.15886,-4.66356
57.15878,-4.66387
57.15868,-4.66417
57.15812,-4.66572
57.15744,-4.66767
57.15728,-4.66807
57.15714,-4.66836
57.15682,-4.66898
57.15559,-4.67118
57.1554,-4.67166
57.15531,-4.67205
57.15522,-4.67256
57.15509,-4.67349
57.15504,-4.67376
57.15491,-4.67422
57.15475,-4.67463
57.15472,-4.67471
57.15451,-4.67524
57.15391,-4.67684
57.15342,-4.6781
57.15332,-4.6783
57.15321,-4.67847
57.15311,-4.6786
57.15302,-4.67868
57.1529,-4.67878
57.15277,-4.67885
57.15265,-4.67887
57.1525,-4.67889
57.15237,-4.67887
57.15224,-4.67881
57.15211,-4.67873
57.15199,-4.67862
57.15166,-4.67815
57.15083,-4.67697
57.15049,-4.67663
57.15032,-4.67648
57.15009,-4.67636
57.14987,-4.67634
57.14972,-4.67637
57.14952,-4.67642
57.14931,-4.67654
57.14918,-4.67669
57.14904,-4.67687
57.14891,-4.67707
57.14878,-4.67735
57.14855,-4.67788
57.14847,-4.67808
57.14803,-4.67913
57.14763,-4.6801
57.14754,-4.6803
57.14746,-4.68048
57.14739,-4.68062
57.14733,-4.68073
57.14723,-4.68088
57.14712,-4.681
57.14705,-4.68107
57.14695,-4.68115
57.14685,-4.68122
57.14676,-4.68127
57.14669,-4.6813
57.1466,-4.68133
57.14646,-4.68134
57.14636,-4.68134
57.14624,-4.68132
57.14615,-4.6813
57.14605,-4.68125
57.14596,-4.6812
57.1459,-4.68116
57.14589,-4.68115
57.14586,-4.68114
57.14542,-4.68087
57.14516,-4.68072
57.14505,-4.68066
57.14478,-4.6805
57.14463,-4.68042
57.1446,-4.68039
57.14449,-4.68031
57.14441,-4.68025
57.14415,-4.68005
57.14408,-4.68001
57.14402,-4.68
57.14391,-4.68001
57.14381,-4.68008
57.14374,-4.68016
57.14368,-4.68029
57.14363,-4.68047
57.14334,-4.68181
57.14323,-4.68231
57.14314,-4.68275
57.14311,-4.68289
57.14309,-4.68298
57.14302,-4.68327
57.14296,-4.68353
57.14287,-4.68386
57.14279,-4.68413
57.14273,-4.68434
57.14266,-4.68454
57.1426,-4.6847
57.14249,-4.68496
57.14239,-4.68516
57.14236,-4.68521
57.14234,-4.68527
57.14228,-4.68538
57.1419,-4.6862
57.14158,-4.68687
57.14149,-4.68703
57.14144,-4.68712
57.14138,-4.6872
57.14136,-4.68724
57.14128,-4.68732
57.14118,-4.68741
57.14106,-4.68747
57.14044,-4.68763
57.14002,-4.68775
57.13961,-4.68785
57.13925,-4.68794
57.13842,-4.68813
57.13814,-4.6882
57.13756,-4.68834
57.13724,-4.68841
57.13688,-4.6885
57.1365,-4.6886
57.13639,-4.68863
57.13609,-4.68872
57.13476,-4.68912
57.13338,-4.68956
57.13177,-4.69009
57.13137,-4.69023
57.13123,-4.69029
57.13114,-4.69036
57.13043,-4.69101
57.13025,-4.69117
57.13004,-4.69136
57.12989,-4.69146
57.12975,-4.69154
57.12955,-4.69161
57.12878,-4.69172
57.12814,-4.69182
57.12769,-4.69197
57.12623,-4.69251
57.12513,-4.69291
57.12495,-4.69303
57.1248,-4.69315
57.12471,-4.69327
57.12445,-4.69364
57.12428,-4.69392
57.12384,-4.69481
57.12366,-4.69511
57.12315,-4.69574
57.12157,-4.69771
57.12137,-4.69793
57.12113,-4.6982
57.12023,-4.69905
57.12012,-4.69918
57.11995,-4.69944
57.11984,-4.69966
57.11768,-4.70355
57.11687,-4.70498
57.11524,-4.70786
57.11488,-4.70851
57.11287,-4.7121
57.11182,-4.71401
57.11168,-4.71422
57.11145,-4.71454
57.11088,-4.71526
57.1094,-4.71704
57.10934,-4.7171
57.10915,-4.71729
57.10895,-4.71746
57.10758,-4.71858
57.10641,-4.7195
57.10629,-4.71959
57.10601,-4.71982
57.10579,-4.72004
57.10568,-4.72015
57.10537,-4.72054
57.10518,-4.72083
57.10478,-4.72153
57.10468,-4.72171
57.10452,-4.7219
57.10371,-4.72272
57.10364,-4.72281
57.10304,-4.72369
57.10289,-4.72387
57.10275,-4.72404
57.10229,-4.72449
57.10224,-4.72455
57.10186,-4.7249
57.10176,-4.72497
57.10137,-4.72519
57.10114,-4.72536
57.10093,-4.72557
57.10046,-4.7261
57.09998,-4.72662
57.09904,-4.72767
57.09892,-4.72786
57.0988,-4.72807
57.09833,-4.72896
57.09817,-4.72925
57.0979,-4.72963
57.09751,-4.73013
57.09661,-4.7313
57.09642,-4.73154
57.09624,-4.73184
57.0956,-4.73307
57.09546,-4.73331
57.09532,-4.73356
57.09516,-4.73375
57.09502,-4.7339
57.09483,-4.73406
57.09369,-4.7349
57.0935,-4.73511
57.09331,-4.73534
57.09313,-4.73562
57.093,-4.73589
57.09291,-4.7361
57.09284,-4.73629
57.09278,-4.73649
57.09272,-4.73678
57.09268,-4.73694
57.09262,-4.73734
57.09256,-4.73791
57.09252,-4.73852
57.09245,-4.73942
57.09243,-4.73963
57.09237,-4.74043
57.09234,-4.74086
57.09234,-4.74111
57.09235,-4.74136
57.09239,-4.74177
57.09245,-4.74218
57.09261,-4.74349
57.09262,-4.7436
57.09271,-4.74441
57.09272,-4.74447
57.09276,-4.7448
57.09279,-4.7451
57.0928,-4.74525
57.0928,-4.7454
57.09279,-4.74567
57.09278,-4.74591
57.09271,-4.74711
57.09268,-4.74736
57.09266,-4.74754
57.09265,-4.74771
57.09261,-4.74791
57.09255,-4.74811
57.09249,-4.74825
57.0924,-4.74838
57.0923,-4.74853
57.09216,-4.74872
57.09199,-4.749
57.09157,-4.74957
57.09131,-4.74996
57.09105,-4.75032
57.09084,-4.75059
57.09061,-4.7508
57.09042,-4.75093
57.09022,-4.75102
57.08976,-4.75122
57.08951,-4.75134
57.08852,-4.75196
57.08796,-4.75232
57.08739,-4.75271
57.08706,-4.75292
57.08689,-4.75304
57.08673,-4.75318
57.08652,-4.75344
57.08618,-4.75391
57.08596,-4.75423
57.08567,-4.75465
57.08538,-4.75507
57.08528,-4.75519
57.08517,-4.7553
57.08501,-4.75545
57.08433,-4.756
57.08411,-4.75618
57.0839,-4.7564
57.08368,-4.75667
57.08349,-4.75693
57.08288,-4.75776
57.0827,-4.75804
57.08242,-4.75854
57.08212,-4.75911
57.08193,-4.75951
57.08178,-4.7599
57.08163,-4.76031
57.0815,-4.76058
57.08134,-4.76081
57.08118,-4.76097
57.08103,-4.76109
57.0809,-4.76119
57.08068,-4.7613
57.0805,-4.76138
57.08006,-4.76156
57.07985,-4.76165
57.07966,-4.76176
57.07954,-4.76185
57.07944,-4.76199
57.07931,-4.76219
57.07914,-4.76246
57.07893,-4.76278
57.07858,-4.76335
57.07774,-4.7646
57.07683,-4.76583
57.07576,-4.76745
57.07515,-4.76836
57.07482,-4.76876
57.07464,-4.76898
57.07407,-4.76947
57.07382,-4.76973
57.07358,-4.77002
57.07326,-4.77049
57.07311,-4.77074
57.07298,-4.77104
57.07282,-4.77139
57.07247,-4.77212
57.07219,-4.77271
57.072,-4.77318
57.0717,-4.774
57.07142,-4.775
57.07135,-4.77535
57.07127,-4.77591
57.0712,-4.77671
57.07112,-4.77756
57.07101,-4.77866
57.07098,-4.77906
57.07099,-4.77941
57.07109,-4.78035
57.07111,-4.7807
57.07112,-4.78104
57.07109,-4.78143
57.07105,-4.78174
57.07098,-4.78215
57.07088,-4.78269
57.07066,-4.78399
57.07058,-4.78444
57.07044,-4.78532
57.07033,-4.78602
57.07027,-4.78652
57.07026,-4.78691
57.07027,-4.78725
57.07032,-4.78804
57.07033,-4.78835
57.07035,-4.78856
57.07036,-4.7888
57.07037,-4.78901
57.07038,-4.78914
57.07042,-4.78986
57.07043,-4.79006
57.07043,-4.79027
57.07042,-4.79049
57.07038,-4.79089
57.07032,-4.79128
57.07023,-4.79167
57.07014,-4.79199
57.07007,-4.79217
57.06998,-4.79234
57.0699,-4.79243
57.06981,-4.79249
57.06975,-4.79254
57.06973,-4.79256
57.06919,-4.79275
57.06903,-4.79282
57.06894,-4.79285
57.0688,-4.79287
57.06872,-4.79288
57.0686,-4.79287
57.06849,-4.79285
57.06822,-4.79272
57.06794,-4.79244
57.06772,-4.79205
57.06752,-4.79154
57.06739,-4.79105
57.06735,-4.79073
57.06725,-4.78912
57.06701,-4.788
57.06685,-4.78763
57.06675,-4.7874
57.06614,-4.78606
57.06549,-4.78447
57.0653,-4.78413
57.06518,-4.78402
57.06501,-4.78394
57.06473,-4.78392
57.06414,-4.78397
57.06325,-4.78419
57.0626,-4.78446
57.06152,-4.78545
57.0581,-4.78859
57.05736,-4.78924
57.05714,-4.78947
57.0569,-4.78975
57.05392,-4.79357
57.05371,-4.79393
57.05365,-4.79403
57.05246,-4.79604
57.0524,-4.79615
57.05212,-4.79663
57.05164,-4.79735
57.05157,-4.79744
57.05129,-4.79781
57.0512,-4.79792
57.05074,-4.79852
57.05064,-4.79864
57.04945,-4.8004
57.04938,-4.8005
57.04868,-4.80152
57.04861,-4.80162
57.04856,-4.80169
57.04785,-4.80268
57.04742,-4.80326
57.04731,-4.80342
57.04723,-4.80351
57.04716,-4.80358
57.04705,-4.80368
57.04687,-4.80378
57.04577,-4.80429
57.04561,-4.80438
57.04546,-4.80442
57.04536,-4.80442
57.04524,-4.80442
57.04508,-4.80438
57.04495,-4.80432
57.04476,-4.80419
57.04468,-4.80413
57.04428,-4.80384
57.04417,-4.80377
57.04403,-4.80368
57.04389,-4.80364
57.04379,-4.80362
57.04367,-4.80363
57.04354,-4.80367
57.04347,-4.8037
57.04339,-4.80374
57.04324,-4.80386
57.0431,-4.80401
57.04283,-4.80429
57.04234,-4.80478
57.04183,-4.80527
57.04166,-4.80542
57.04148,-4.80555
57.04134,-4.80563
57.04116,-4.80571
57.04027,-4.80614
57.04015,-4.80622
57.04003,-4.80632
57.03987,-4.80647
57.03972,-4.80666
57.03945,-4.80706
57.03924,-4.80738
57.03881,-4.80803
57.03843,-4.80873
57.03824,-4.80915
57.03759,-4.81073
57.03729,-4.81145
57.03719,-4.81165
57.03712,-4.81178
57.03705,-4.81187
57.037,-4.81193
57.03688,-4.81203
57.03671,-4.81211
57.03651,-4.81218
57.03617,-4.81228
57.03587,-4.81234
57.0356,-4.8124
57.03513,-4.81244
57.03508,-4.81245
57.03487,-4.81248
57.0347,-4.81254
57.03428,-4.81275
57.03384,-4.81299
57.03333,-4.81325
57.03318,-4.8134
57.03313,-4.81345
57.03302,-4.81359
57.03226,-4.81467
57.0315,-4.8158
57.03125,-4.81616
57.03108,-4.81642
57.03061,-4.81713
57.03,-4.81807
57.02969,-4.81856
57.02946,-4.81886
57.02895,-4.81919
57.02881,-4.81931
57.0286,-4.81947
57.0282,-4.81958
57.02799,-4.81963
57.02778,-4.81967
57.02741,-4.81976
57.0273,-4.81981
57.02722,-4.81985
57.02712,-4.8199
57.02672,-4.82009
57.02639,-4.82035
57.02601,-4.82095
57.02585,-4.82128
57.02561,-4.82214
57.02553,-4.82242
57.02545,-4.82264
57.02539,-4.82277
57.02524,-4.82296
57.02507,-4.82309
57.0249,-4.82312
57.02449,-4.82318
57.0236,-4.82345
57.02261,-4.82386
57.02178,-4.82426
57.02102,-4.82479
57.02031,-4.82514
57.01995,-4.82536
57.01835,-4.82688
57.01812,-4.82716
57.01794,-4.82747
57.01777,-4.82792
57.01765,-4.82814
57.01738,-4.82831
57.01725,-4.82841
57.01711,-4.82849
57.01658,-4.82862
57.01644,-4.82868
57.01632,-4.82876
57.0162,-4.82887
57.01586,-4.82931
57.01564,-4.82958
57.01495,-4.83019
57.01476,-4.83038
57.01461,-4.83056
57.01404,-4.83139
57.01378,-4.83178
57.01365,-4.83197
57.01359,-4.83207
57.01353,-4.83221
57.01343,-4.83254
57.01323,-4.83333
57.01311,-4.83362
57.01299,-4.83384
57.01281,-4.8341
57.01273,-4.83421
57.01254,-4.83441
57.0124,-4.83448
57.01215,-4.83456
57.01202,-4.83464
57.01189,-4.83477
57.0117,-4.83506
57.01128,-4.8358
57.01062,-4.83699
57.01023,-4.83774
57.01006,-4.83806
57.00986,-4.83838
57.00944,-4.83893
57.00928,-4.83915
57.00908,-4.83947
57.00885,-4.83985
57.0085,-4.84034
57.00816,-4.84083
57.00732,-4.84197
57.00648,-4.84319
57.00481,-4.84554
57.00316,-4.84812
57.00223,-4.8494
57.00137,-4.85057
57.00079,-4.85138
57.00032,-4.852
56.99951,-4.85317
56.99876,-4.85418
56.99744,-4.85579
56.99656,-4.85675
56.99595,-4.85757
56.99513,-4.85882
56.99436,-4.85979
56.99413,-4.86009
56.99388,-4.86044
56.9936,-4.86092
56.99346,-4.86119
56.99332,-4.86151
56.99315,-4.86202
56.99295,-4.86272
56.99283,-4.86302
56.99271,-4.86332
56.99256,-4.86354
56.99234,-4.86381
56.9922,-4.86392
56.99187,-4.86409
56.99155,-4.86427
56.99133,-4.86445
56.99099,-4.86483
56.99075,-4.86512
56.99023,-4.86573
56.98931,-4.86693
56.98746,-4.86968
56.98542,-4.87223
56.98474,-4.87311
56.98448,-4.87345
56.98415,-4.87385
56.98331,-4.87486
56.98212,-4.8762
56.98116,-4.87717
56.98099,-4.87737
56.9807,-4.87772
56.98034,-4.8782
56.9801,-4.87859
56.97998,-4.87883
56.97987,-4.87907
56.97934,-4.88025
56.9788,-4.88154
56.9786,-4.88196
56.9785,-4.88218
56.97815,-4.88271
56.97797,-4.88298
56.97776,-4.88326
56.97757,-4.88351
56.97731,-4.88376
56.97714,-4.88387
56.9769,-4.88401
56.97588,-4.88448
56.97517,-4.8848
56.97449,-4.88521
56.97394,-4.88563
56.97315,-4.8864
56.97288,-4.88665
56.97258,-4.8869
56.97144,-4.88774
56.9708,-4.88825
56.96958,-4.88939
56.96864,-4.89023
56.96854,-4.89032
56.96845,-4.89044
56.96824,-4.89076
56.96765,-4.89177
56.96747,-4.89206
56.96726,-4.89231
56.9667,-4.89281
56.96603,-4.89338
56.96582,-4.89362
56.96538,-4.89429
56.96467,-4.89535
56.96409,-4.89623
56.96334,-4.89741
56.96269,-4.89847
56.96247,-4.89893
56.9623,-4.89932
56.96186,-4.90068
56.96164,-4.90131
56.9608,-4.90336
56.96036,-4.90435
56.96007,-4.90494
56.95973,-4.90554
56.95947,-4.90599
56.9593,-4.90625
56.95919,-4.90642
56.95884,-4.90696
56.95816,-4.90779
56.95793,-4.90816
56.95759,-4.90884
56.95752,-4.90898
56.95738,-4.90916
56.95719,-4.9094
56.95702,-4.90955
56.95649,-4.91006
56.95624,-4.91041
56.95528,-4.91204
56.95518,-4.91219
56.95406,-4.91377
56.95347,-4.91462
56.95294,-4.91554
56.95262,-4.91596
56.95231,-4.91629
56.95192,-4.91658
56.95152,-4.91689
56.9511,-4.91727
56.95061,-4.91778
56.95016,-4.91833
56.9492,-4.91969
56.94894,-4.92004
56.94875,-4.92029
56.94871,-4.92034
56.94843,-4.92058
56.94787,-4.92081
56.94565,-4.92154
56.94502,-4.92181
56.9447,-4.92204
56.94447,-4.92229
56.9442,-4.9226
56.94386,-4.9229
56.9435,-4.92303
56.94329,-4.92304
56.94305,-4.92305
56.94273,-4.92304
56.94164,-4.92297
56.94108,-4.92292
56.94073,-4.92287
56.94033,-4.92277
56.94016,-4.92268
56.93992,-4.92247
56.93914,-4.92147
56.93901,-4.92135
56.93884,-4.92126
56.93868,-4.92121
56.93851,-4.92124
56.93834,-4.92129
56.93818,-4.92139
56.93788,-4.92171
56.93755,-4.92209
56.93725,-4.92234
56.93706,-4.92243
56.93691,-4.92248
56.93658,-4.92255
56.93631,-4.92259
56.9355,-4.92268
56.93507,-4.92271
56.93483,-4.92275
56.93459,-4.92284
56.93434,-4.923
56.93415,-4.92317
56.93405,-4.92329
56.93389,-4.92355
56.93364,-4.92418
56.93286,-4.92642
56.93216,-4.92814
56.9319,-4.92879
56.93165,-4.92931
56.93098,-4.93043
56.92996,-4.93241
56.9291,-4.93402
56.92871,-4.93478
56.92793,-4.93598
56.92749,-4.93662
56.92729,-4.93691
56.92706,-4.93723
56.92574,-4.9391
56.92507,-4.93991
56.92436,-4.94063
56.92378,-4.94133
56.92325,-4.94199
56.92257,-4.94282
56.92214,-4.9433
56.92193,-4.94349
56.92169,-4.94367
56.92105,-4.94399
56.9203,-4.94429
56.91799,-4.94524
56.9178,-4.94532
56.91692,-4.94567
56.91679,-4.94572
56.91604,-4.94591
56.91517,-4.94598
56.9147,-4.94602
56.9144,-4.94605
56.91367,-4.94615
56.91303,-4.94615
56.91274,-4.94607
56.91252,-4.94601
56.91242,-4.94599
56.91222,-4.94592
56.91153,-4.94566
56.91058,-4.94528
56.90938,-4.94488
56.9086,-4.94471
56.90776,-4.94455
56.90697,-4.94444
56.90623,-4.94441
56.90541,-4.94444
56.90397,-4.94447
56.90254,-4.94446
56.90225,-4.94445
56.9014,-4.94437
56.90042,-4.94413
56.89995,-4.944
56.89955,-4.94386
56.8991,-4.94367
56.89898,-4.94362
56.89857,-4.94345
56.89837,-4.94336
56.89826,-4.94331
56.89811,-4.94322
56.89786,-4.94306
56.89759,-4.94281
56.89743,-4.94261
56.89726,-4.94235
56.89715,-4.94215
56.8969,-4.94161
56.89654,-4.94062
56.89624,-4.93966
56.89597,-4.93856
56.89578,-4.93778
56.89572,-4.9375
56.89561,-4.93657
56.89554,-4.9354
56.89546,-4.93477
56.8953,-4.93394
56.8951,-4.93281
56.89498,-4.93212
56.89492,-4.93182
56.89485,-4.93162
56.89479,-4.93146
56.89468,-4.93122
56.89421,-4.93048
56.89409,-4.93024
56.89398,-4.92993
56.8939,-4.92959
56.89377,-4.92873
56.89369,-4.9284
56.89356,-4.92808
56.89329,-4.92756
56.89316,-4.92727
56.89306,-4.92686
56.89304,-4.92654
56.89303,-4.92632
56.89304,-4.9261
56.89307,-4.92585
56.89313,-4.9256
56.89339,-4.92479
56.89344,-4.92468
56.89351,-4.92446
56.89354,-4.92438
56.89361,-4.92407
56.89364,-4.92388
56.89366,-4.92348
56.89364,-4.92312
56.89363,-4.92298
56.89359,-4.92274
56.89341,-4.92191
56.89333,-4.92151
56.89322,-4.92119
56.89314,-4.92093
56.89305,-4.92068
56.89295,-4.92042
56.8929,-4.92037
56.89286,-4.92034
56.89281,-4.92034
56.89276,-4.92035
56.89273,-4.92037
56.89224,-4.92101
56.89207,-4.92124
56.89185,-4.92155
56.89171,-4.9218
56.89153,-4.92216
56.89148,-4.92228
56.89119,-4.92297
56.89095,-4.92353
56.89077,-4.924
56.89065,-4.92434
56.89058,-4.92455
56.89041,-4.92506
56.89023,-4.92561
56.88995,-4.92649
56.88982,-4.92702
56.8897,-4.92776
56.88958,-4.92877
56.88945,-4.93002
56.8893,-4.9312
56.88917,-4.93206
56.88904,-4.93281
56.88884,-4.93386
56.88865,-4.93486
56.88834,-4.93647
56.8882,-4.93718
56.88776,-4.93943
56.88759,-4.9404
56.88753,-4.94065
56.88749,-4.94084
56.88739,-4.94123
56.88722,-4.9418
56.8872,-4.94187
56.88703,-4.94254
56.88678,-4.94396
56.88645,-4.9459
56.88619,-4.94752
56.88604,-4.94835
56.88595,-4.94886
56.88585,-4.94936
56.88572,-4.94981
56.88498,-4.95194
56.88451,-4.95311
56.8839,-4.95462
56.88286,-4.9577
56.88257,-4.95853
56.88216,-4.95947
56.88195,-4.95996
56.88175,-4.96057
56.88145,-4.96178
56.88133,-4.96234
56.88123,-4.96292
56.88118,-4.96337
56.88104,-4.96512
56.881,-4.96565
56.88094,-4.96606
56.88087,-4.96645
56.88077,-4.96678
56.88027,-4.96811
56.87941,-4.97039
56.87851,-4.97275
56.87834,-4.97319
56.87794,-4.9743
56.87757,-4.97551
56.87739,-4.97599
56.87716,-4.97648
56.87647,-4.97777
56.87608,-4.97848
56.87585,-4.97896
56.87568,-4.97941
56.87542,-4.98033
56.87516,-4.9811
56.87445,-4.98301
56.87365,-4.98514
56.87331,-4.98605
56.87318,-4.98649
56.87304,-4.98704
56.87258,-4.98925
56.87228,-4.99056
56.87199,-4.99149
56.8716,-4.99261
56.87134,-4.99336
56.87124,-4.99363
56.87117,-4.99383
56.87094,-4.99446
56.87064,-4.99513
56.87003,-4.9964
56.86948,-4.99762
56.86895,-4.99889
56.86848,-5.0001
56.86825,-5.00072
56.86803,-5.00143
56.86763,-5.00274
56.86739,-5.00345
56.86714,-5.00412
56.86624,-5.00631
56.86618,-5.00647
56.86559,-5.00795
56.8652,-5.00903
56.86483,-5.01016
56.8646,-5.0109
56.86441,-5.01144
56.86423,-5.01183
56.86404,-5.01218
56.86385,-5.01254
56.86368,-5.01295
56.86329,-5.01402
56.86284,-5.01517
56.86265,-5.01561
56.86244,-5.01603
56.86223,-5.0164
56.86199,-5.01674
56.86179,-5.01705
56.86162,-5.01736
56.86128,-5.01806
56.86087,-5.01903
56.86011,-5.0208
56.85977,-5.02172
56.85948,-5.02268
56.85924,-5.02363
56.85916,-5.02395
56.85888,-5.02501
56.85872,-5.02549
56.85842,-5.02615
56.85828,-5.02643
56.85813,-5.02667
56.85795,-5.02687
56.85737,-5.02749
56.85718,-5.02771
56.85702,-5.02793
56.85646,-5.02908
56.85581,-5.0304
56.85445,-5.03316
56.85415,-5.03379
56.85401,-5.03418
56.85387,-5.03466
56.85361,-5.0358
56.85337,-5.03694
56.85319,-5.03756
56.85299,-5.03814
56.85268,-5.03889
56.85241,-5.03948
56.85212,-5.04008
56.85149,-5.04131
56.85049,-5.04332
56.8496,-5.0451
56.84945,-5.04537
56.84929,-5.04559
56.84899,-5.04592
56.84863,-5.04622
56.84818,-5.04642
56.84786,-5.04651
56.84763,-5.04657
56.84738,-5.04661
56.84716,-5.04665
56.84701,-5.0467
56.8469,-5.04671
56.8461,-5.04683
56.84571,-5.04693
56.84527,-5.04722
56.84492,-5.04754
56.8442,-5.04822
56.84327,-5.04921
56.84305,-5.04948
56.84271,-5.04991
56.84251,-5.05023
56.84242,-5.05037
56.8422,-5.05081
56.84203,-5.05127
56.8417,-5.05229
56.84149,-5.053
56.84125,-5.05386
56.8409,-5.05509
56.84047,-5.05615
56.84007,-5.05713
56.83981,-5.05777
56.83967,-5.05812
56.83946,-5.05867
56.83934,-5.05905
56.83927,-5.05937
56.8392,-5.05974
56.83915,-5.06026
56.83909,-5.06105
56.839,-5.06255
56.83892,-5.06381
56.83889,-5.0646
56.83889,-5.06507
56.83891,-5.06585
56.83896,-5.06731
56.83898,-5.06794
56.83898,-5.06838
56.83896,-5.06905
56.83893,-5.06953
56.83885,-5.07016
56.83877,-5.07046
56.83865,-5.07079
56.83844,-5.07121
56.83825,-5.07148
56.83781,-5.07205
56.83726,-5.07267
56.83663,-5.07345
56.83559,-5.07467
56.83549,-5.07479
56.83541,-5.07488
56.83529,-5.07501
56.83492,-5.0754
56.83476,-5.0755
56.83474,-5.07544
56.83472,-5.07539
56.83468,-5.07537
56.83464,-5.07537
56.83461,-5.07539
56.83458,-5.07544
56.83456,-5.0755
56.83453,-5.07559
56.83451,-5.07565
56.83447,-5.07572
56.83442,-5.07577
56.83435,-5.07584
56.83426,-5.07591
56.83416,-5.07597
56.83405,-5.07603
56.83337,-5.07634
56.83292,-5.07655
56.83274,-5.07661
56.83231,-5.07691
56.83199,-5.07729
56.83163,-5.07784
56.83129,-5.0784
56.83122,-5.07851
56.8309,-5.079
56.83069,-5.07934
56.83048,-5.07967
56.83023,-5.08005
56.83016,-5.08022
56.83005,-5.08041
56.82967,-5.08109
56.82952,-5.08138
56.82946,-5.08143
56.82939,-5.08146
56.82935,-5.08145
56.8293,-5.08147
56.82926,-5.08151
56.82923,-5.08158
56.82921,-5.08166
56.82921,-5.08174
56.82923,-5.08182
56.82923,-5.08191
56.82922,-5.08198
56.8292,-5.08208
56.82891,-5.08269
56.8283,-5.08378
56.82782,-5.08458
56.82763,-5.08488
56.82723,-5.08538
56.82676,-5.08581
56.82629,-5.08623
56.82616,-5.08635
56.82588,-5.0866
56.82547,-5.08697
56.82521,-5.08722
56.82498,-5.0875
56.82474,-5.08788
56.8245,-5.08832
56.82429,-5.08879
56.82414,-5.08914
56.82395,-5.08961
56.82372,-5.09018
56.82367,-5.09028
56.82354,-5.09059
56.82349,-5.09072
56.82325,-5.09127
56.82317,-5.09146
56.82303,-5.09177
56.82288,-5.09205
56.82279,-5.09222
56.82277,-5.09224
56.82269,-5.0924
56.82265,-5.09245
56.82253,-5.09264
56.82237,-5.0929
56.82222,-5.09315
56.82188,-5.09364
56.82156,-5.09415
56.82142,-5.09432
56.82146,-5.09459
56.8215,-5.09482
56.82165,-5.09574
56.82171,-5.09613
56.82176,-5.09643
56.82178,-5.09667
56.82179,-5.09681
56.82179,-5.09696
56.82179,-5.0971
56.82177,-5.09727
56.82174,-5.09742
56.82166,-5.09773
56.82158,-5.098
56.82134,-5.09891
56.82125,-5.09923
56.82119,-5.09948
56.82108,-5.09987
56.82044,-5.10206
56.82043,-5.1021
56.82027,-5.10271
56.82021,-5.10293
56.82016,-5.1031
56.82006,-5.10351
56.81996,-5.1039
56.81992,-5.1041
56.81989,-5.10424
56.81983,-5.1044
56.8198,-5.10457
56.81977,-5.10472
56.81975,-5.10501
56.81975,-5.1052
56.81975,-5.10539
56.81976,-5.10556
56.81977,-5.10567
56.81978,-5.10571
56.81981,-5.10594
56.81987,-5.1062
56.81992,-5.10638
56.81997,-5.1065
56.82005,-5.10671
56.82019,-5.10699
56.82031,-5.10724
56.82037,-5.10739
56.82043,-5.10757
56.82041,-5.10765
56.8204,-5.10774
56.8204,-5.10783
56.82042,-5.10792
56.82041,-5.10813
56.82039,-5.10831
56.82034,-5.10857
56.82023,-5.10882
56.81992,-5.10946
56.81935,-5.11039
56.81874,-5.11141
56.81846,-5.11185
56.81818,-5.1122
56.8179,-5.11251
56.81768,-5.11274
56.81744,-5.11304
56.81716,-5.11355
56.81682,-5.11419
56.81614,-5.11545
56.81556,-5.11627
56.81551,-5.11629
56.81544,-5.11629
56.81538,-5.11626
56.81534,-5.1162
56.81529,-5.11617
56.81524,-5.11616
56.81518,-5.11618
56.81513,-5.11623
56.8151,-5.11631
56.81507,-5.1164
56.81506,-5.11649
56.81503,-5.11662
56.81499,-5.11673
56.81494,-5.11685
56.81463,-5.11722
56.81424,-5.1177
56.81391,-5.11826
56.81342,-5.11903
56.81321,-5.11935
56.81315,-5.11944
56.81276,-5.12008
56.81233,-5.12078
56.81194,-5.12142
56.8116,-5.12197
56.81157,-5.12203
56.81125,-5.12254
56.81112,-5.12274
56.8111,-5.12277
56.81082,-5.12321
56.81053,-5.12362
56.81043,-5.12376
56.81027,-5.12399
56.81024,-5.12404
56.80984,-5.12459
56.80961,-5.12492
56.80945,-5.12514
56.80918,-5.12546
56.80901,-5.12564
56.80884,-5.12581
56.8087,-5.12595
56.80859,-5.12606
56.80855,-5.12612
56.80849,-5.12619
56.80842,-5.12631
56.80834,-5.12645
56.80832,-5.1265
56.80822,-5.12671
56.80805,-5.12709
56.80803,-5.12714
56.80794,-5.12731
56.80786,-5.12747
56.80777,-5.1276
56.80769,-5.12769
56.80764,-5.12775
56.80755,-5.12786
56.80699,-5.12844
56.80679,-5.12867
56.80658,-5.12894
56.80648,-5.1291
56.80616,-5.12965
56.80613,-5.12971
56.8059,-5.1301
56.80575,-5.13032
56.80476,-5.13142
56.80455,-5.13167
56.80442,-5.13184
56.80387,-5.1326
56.80359,-5.13298
56.803,-5.1336
56.80281,-5.13381
56.80242,-5.13422
56.80203,-5.13464
56.80194,-5.13473
56.80166,-5.135
56.80159,-5.13506
56.80109,-5.13553
56.80096,-5.13566
56.80075,-5.13586
56.80059,-5.13601
56.80044,-5.13615
56.80006,-5.13652
56.79965,-5.13691
56.79902,-5.13748
56.79897,-5.13753
56.79865,-5.13782
56.79858,-5.13789
56.79848,-5.13798
56.7983,-5.13813
56.79793,-5.13849
56.79736,-5.13903
56.79723,-5.13919
56.79695,-5.13954
56.79664,-5.13992
56.79661,-5.13995
56.79639,-5.14023
56.7961,-5.14059
56.79604,-5.14066
56.79573,-5.14103
56.79552,-5.14124
56.79514,-5.14158
56.79493,-5.14177
56.79448,-5.14249
56.7944,-5.14262
56.79413,-5.14305
56.79371,-5.14371
56.7936,-5.14389
56.79351,-5.14404
56.79311,-5.14469
56.79233,-5.14598
56.79228,-5.14606
56.79201,-5.14645
56.79128,-5.14744
56.79117,-5.14758
56.79085,-5.14813
56.79031,-5.149
56.78977,-5.14971
56.7895,-5.15004
56.78891,-5.15072
56.78807,-5.15189
56.78722,-5.15306
56.78706,-5.15323
56.78686,-5.15349
56.7865,-5.15403
56.78523,-5.15593
56.78474,-5.15665
56.78435,-5.15737
56.78408,-5.15782
56.78358,-5.15848
56.78317,-5.15909
56.78287,-5.15961
56.7827,-5.15993
56.78257,-5.16033
56.78236,-5.16119
56.78225,-5.16154
56.78209,-5.16186
56.78192,-5.16212
56.78174,-5.16236
56.78154,-5.16253
56.78095,-5.16272
56.78064,-5.16287
56.77939,-5.16366
56.77927,-5.16373
56.77796,-5.16456
56.77704,-5.16515
56.77671,-5.16542
56.77652,-5.16563
56.77615,-5.16599
56.77573,-5.16615
56.77515,-5.16625
56.7744,-5.16625
56.77379,-5.16628
56.77327,-5.16648
56.77274,-5.16687
56.77261,-5.16697
56.77237,-5.16725
56.77187,-5.16796
56.77124,-5.16886
56.77085,-5.1694
56.77043,-5.16997
56.77021,-5.17029
56.77009,-5.17061
56.76988,-5.17158
56.76975,-5.17204
56.76957,-5.17245
56.76914,-5.17305
56.768,-5.17455
56.76765,-5.17508
56.76743,-5.17536
56.76655,-5.17626
56.76626,-5.17658
56.76596,-5.17682
56.76516,-5.17734
56.76472,-5.17763
56.76451,-5.17786
56.7642,-5.17834
56.76368,-5.1789
56.76334,-5.17939
56.76284,-5.18011
56.76223,-5.18062
56.76198,-5.18094
56.76175,-5.18119
56.76145,-5.18143
56.76138,-5.18149
56.76113,-5.18168
56.76086,-5.18203
56.75957,-5.18455
56.75907,-5.18549
56.75809,-5.18687
56.75728,-5.18827
56.75693,-5.1889
56.75677,-5.18908
56.75614,-5.18963
56.75592,-5.18981
56.75566,-5.18996
56.75499,-5.19013
56.75466,-5.1903
56.75414,-5.19071
56.75359,-5.19115
56.7531,-5.19173
56.75278,-5.19207
56.75238,-5.19237
56.75195,-5.19268
56.75158,-5.19304
56.75134,-5.19335
56.75109,-5.19372
56.75084,-5.19414
56.75065,-5.19454
56.75042,-5.19522
56.7502,-5.19587
56.75005,-5.19628
56.7497,-5.19699
56.74945,-5.19747
56.74927,-5.1977
56.74902,-5.19784
56.74864,-5.19793
56.74848,-5.19797
56.74804,-5.1982
56.74795,-5.1983
56.74756,-5.19854
56.74737,-5.19873
56.74718,-5.19897
56.74699,-5.19937
56.74683,-5.1999
56.74669,-5.20053
56.74652,-5.20107
56.74617,-5.20183
56.74597,-5.20221
56.74568,-5.20255
56.74529,-5.2028
56.74481,-5.20309
56.74447,-5.20335
56.74423,-5.20365
56.74372,-5.20443
56.74342,-5.20492
56.7432,-5.20517
56.74296,-5.20537
56.74254,-5.20561
56.74178,-5.20605
56.74145,-5.20626
56.74089,-5.20658
56.7405,-5.20694
56.74002,-5.20766
56.73964,-5.20849
56.73935,-5.20904
56.73901,-5.20946
56.73863,-5.20997
56.73842,-5.21058
56.73822,-5.2117
56.7381,-5.21249
56.73792,-5.21333
56.73776,-5.21378
56.73755,-5.21414
56.73715,-5.21459
56.73681,-5.21525
56.73611,-5.21629
56.7355,-5.21754
56.73513,-5.21813
56.73449,-5.21904
56.73438,-5.21928
56.73418,-5.21987
56.73404,-5.22014
56.73385,-5.22042
56.73304,-5.22142
56.73271,-5.22176
56.73231,-5.22209
56.732,-5.2224
56.7318,-5.2227
56.73149,-5.22332
56.73114,-5.22416
56.73047,-5.22569
56.73003,-5.22686
56.72999,-5.22694
56.72984,-5.22725
56.72891,-5.22887
56.72868,-5.22922
56.72815,-5.22985
56.72764,-5.23047
56.72731,-5.23079
56.72707,-5.23094
56.72675,-5.23103
56.72648,-5.23104
56.72619,-5.231
56.7259,-5.23101
56.72561,-5.23106
56.72536,-5.23117
56.72516,-5.23131
56.72421,-5.23215
56.72369,-5.23261
56.7235,-5.23272
56.72334,-5.23277
56.72321,-5.23276
56.72306,-5.23274
56.72293,-5.23269
56.72274,-5.23255
56.72256,-5.23241
56.72236,-5.23233
56.72225,-5.2323
56.72184,-5.23226
56.72147,-5.23227
56.72122,-5.23217
56.72118,-5.23214
56.72102,-5.23204
56.72036,-5.23148
56.72014,-5.23133
56.71996,-5.23128
56.71982,-5.2313
56.71966,-5.23137
56.71952,-5.23148
56.71882,-5.23223
56.71858,-5.23242
56.71831,-5.23257
56.71815,-5.23259
56.71798,-5.23256
56.7178,-5.2325
56.71769,-5.23242
56.71753,-5.23229
56.71735,-5.23208
56.7166,-5.23082
56.71592,-5.22971
56.71582,-5.22954
56.71563,-5.22923
56.71554,-5.22907
56.71532,-5.22872
56.71523,-5.22851
56.71516,-5.22827
56.715,-5.2276
56.71493,-5.22733
56.71485,-5.22714
56.71476,-5.22698
56.71466,-5.22682
56.71458,-5.22674
56.71449,-5.22668
56.71437,-5.22664
56.71425,-5.22662
56.71388,-5.22663
56.71347,-5.22664
56.71318,-5.22665
56.71299,-5.2267
56.71284,-5.22678
56.71267,-5.22693
56.712,-5.22764
56.7118,-5.22781
56.71157,-5.22795
56.7104,-5.2285
56.70998,-5.22876
56.70972,-5.22894
56.70944,-5.22917
56.70909,-5.22952
56.70868,-5.22998
56.70788,-5.23085
56.70758,-5.23114
56.7072,-5.23143
56.70683,-5.23168
56.70659,-5.23178
56.70644,-5.23182
56.70627,-5.23181
56.70618,-5.23178
56.70611,-5.23176
56.70598,-5.23171
56.70584,-5.23162
56.70574,-5.23153
56.70561,-5.2314
56.70449,-5.23029
56.70436,-5.23017
56.70417,-5.22998
56.70369,-5.22949
56.70359,-5.22939
56.70355,-5.22933
56.70346,-5.22919
56.70338,-5.22902
56.70331,-5.22885
56.70325,-5.22867
56.7032,-5.22847
56.70313,-5.22801
56.70302,-5.22722
56.703,-5.22707
56.70288,-5.2263
56.70285,-5.22603
56.70282,-5.2258
56.70281,-5.22559
56.70281,-5.22538
56.70283,-5.22506
56.70287,-5.2247
56.70295,-5.22403
56.70298,-5.2237
56.70306,-5.22302
56.70312,-5.22247
56.70313,-5.22219
56.70313,-5.22198
56.70313,-5.22173
56.70312,-5.2216
56.7031,-5.22128
56.70303,-5.22085
56.70299,-5.22061
56.70294,-5.22031
56.70292,-5.22021
56.70282,-5.21967
56.70279,-5.21936
56.70277,-5.219
56.70276,-5.21776
56.70276,-5.21715
56.70275,-5.21686
56.70272,-5.21642
56.70264,-5.21548
56.70263,-5.21532
56.70257,-5.21471
56.70245,-5.21332
56.70232,-5.21195
56.70229,-5.21162
56.70228,-5.2113
56.70233,-5.21027
56.70231,-5.20993
56.70229,-5.20951
56.70223,-5.20863
56.70224,-5.20824
56.70229,-5.2078
56.70236,-5.20739
56.70246,-5.20692
56.70249,-5.20664
56.70251,-5.20647
56.70251,-5.20633
56.70252,-5.20604
56.7025,-5.20574
56.70247,-5.2055
56.70244,-5.20531
56.7024,-5.20514
56.70233,-5.20491
56.70227,-5.20472
56.70199,-5.20396
56.70193,-5.20374
56.70184,-5.2034
56.70147,-5.20175
56.70133,-5.20111
56.70094,-5.19919
56.70083,-5.19867
56.70068,-5.19799
56.70051,-5.1973
56.70038,-5.19674
56.70035,-5.1965
56.70031,-5.19618
56.7003,-5.19577
56.70031,-5.19506
56.70033,-5.19432
56.70034,-5.19392
56.70034,-5.19312
56.70036,-5.19204
56.70038,-5.19171
56.7004,-5.19138
56.70054,-5.19054
56.70057,-5.19031
56.70057,-5.1903
56.70059,-5.19015
56.7006,-5.19009
56.70061,-5.18977
56.7006,-5.18928
56.70048,-5.18736
56.70041,-5.18507
56.70038,-5.1847
56.70034,-5.18435
56.7003,-5.18411
56.70023,-5.18388
56.70019,-5.18378
56.70006,-5.18353
56.69996,-5.18337
56.69985,-5.18323
56.69973,-5.18311
56.69915,-5.18265
56.69872,-5.18231
56.69826,-5.18201
56.69798,-5.18188
56.69786,-5.18183
56.69758,-5.18173
56.6971,-5.18163
56.6966,-5.18159
56.69626,-5.18168
56.69591,-5.18175
56.69522,-5.18191
56.6945,-5.1821
56.69421,-5.1822
56.69375,-5.18229
56.69328,-5.18238
56.69244,-5.18246
56.69213,-5.18245
56.69158,-5.18245
56.69041,-5.1824
56.68773,-5.18233
56.68765,-5.18234
56.68725,-5.18228
56.68685,-5.18208
56.68655,-5.1818
56.68625,-5.18141
56.68595,-5.18091
56.68576,-5.18042
56.68568,-5.18017
56.68557,-5.1798
56.68545,-5.17925
56.68529,-5.17829
56.68489,-5.17598
56.68466,-5.17471
56.68467,-5.17455
56.68467,-5.17446
56.68469,-5.1744
56.68473,-5.17434
56.68477,-5.17425
56.68477,-5.17416
56.68477,-5.17406
56.68475,-5.17395
56.68472,-5.17386
56.6847,-5.17383
56.68466,-5.17379
56.68458,-5.17363
56.68446,-5.17335
56.68367,-5.17055
56.68348,-5.16986
56.68327,-5.16921
56.68242,-5.16686
56.68204,-5.16577
56.68187,-5.16516
56.68151,-5.16372
56.68134,-5.16308
56.68123,-5.16268
56.6811,-5.16215
56.68095,-5.16164
56.68061,-5.16061
56.6797,-5.15855
56.67919,-5.15744
56.67896,-5.15694
56.67869,-5.15635
56.6786,-5.15614
56.67858,-5.15609
56.67836,-5.15558
56.67816,-5.15506
56.67798,-5.15454
56.67772,-5.15363
56.67753,-5.15282
56.67716,-5.15048
56.67704,-5.14962
56.67695,-5.1488
56.6769,-5.148
56.67688,-5.1468
56.67688,-5.14611
56.67691,-5.14561
56.67694,-5.14473
56.67701,-5.14349
56.67713,-5.14221
56.67727,-5.14079
56.67748,-5.13933
56.67762,-5.13846
56.6777,-5.13805
56.67788,-5.13706
56.67824,-5.13541
56.67854,-5.13418
56.67869,-5.13345
56.67884,-5.13275
56.67898,-5.13208
56.67907,-5.13157
56.67914,-5.13114
56.67942,-5.12929
56.67951,-5.12854
56.67969,-5.12677
56.67977,-5.1253
56.67981,-5.12393
56.67986,-5.12145
56.6799,-5.12002
56.67991,-5.11992
56.68,-5.11835
56.68005,-5.11766
56.68007,-5.11741
56.68019,-5.11608
56.6803,-5.1151
56.68035,-5.11467
56.68045,-5.11395
56.68054,-5.11337
56.68074,-5.11229
56.68103,-5.1108
56.68112,-5.11036
56.68122,-5.10978
56.6813,-5.10927
56.68136,-5.10868
56.6814,-5.10808
56.68142,-5.10751
56.68151,-5.1075
56.68166,-5.1074
56.6816,-5.10719
56.68159,-5.10705
56.68162,-5.10687
56.6818,-5.10594
56.68181,-5.1059
56.68187,-5.10561
56.68196,-5.10521
56.68198,-5.1051
56.68203,-5.10487
56.6821,-5.10453
56.68213,-5.10436
56.68216,-5.10421
56.6822,-5.10398
56.68223,-5.10386
56.68227,-5.10365
56.68229,-5.10353
56.68233,-5.10332
56.68237,-5.10315
56.68238,-5.10311
56.68254,-5.10226
56.68259,-5.10205
56.6827,-5.10152
56.68275,-5.10123
56.68283,-5.10085
56.68291,-5.10048
56.68301,-5.1
56.68304,-5.09987
56.68306,-5.09974
56.68311,-5.09951
56.68324,-5.09886
56.68352,-5.09761
56.68354,-5.09752
56.68356,-5.09745
56.68366,-5.09709
56.68367,-5.09705
56.68371,-5.09681
56.68372,-5.09657
56.68368,-5.09635
56.6836,-5.09609
56.68273,-5.09367
56.68246,-5.09312
56.68229,-5.09257
56.68211,-5.0919
56.68169,-5.08971
56.68157,-5.08921
56.68113,-5.08754
56.68095,-5.08693
56.68083,-5.0865
56.68061,-5.08576
56.68036,-5.08503
56.68012,-5.08435
56.68003,-5.08422
56.67991,-5.08406
56.67964,-5.08391
56.67948,-5.08365
56.67864,-5.08248
56.67725,-5.08055
56.67685,-5.07947
56.67654,-5.07866
56.67605,-5.07742
56.67548,-5.07672
56.67536,-5.07662
56.67505,-5.07639
56.67425,-5.07584
56.67408,-5.07572
56.67374,-5.07537
56.67344,-5.07482
56.67301,-5.0742
56.67293,-5.07408
56.67277,-5.0739
56.67228,-5.07358
56.67217,-5.07351
56.67198,-5.07339
56.67169,-5.07294
56.67131,-5.07181
56.67127,-5.07173
56.67095,-5.07099
56.67057,-5.06963
56.67012,-5.06837
56.67003,-5.06811
56.66995,-5.0679
56.6694,-5.06648
56.66938,-5.06642
56.66888,-5.06512
56.66884,-5.06501
56.6683,-5.06328
56.66824,-5.0631
56.66812,-5.06275
56.66793,-5.06224
56.66761,-5.06164
56.66754,-5.0615
56.66746,-5.06138
56.66742,-5.0613
56.66732,-5.06114
56.66694,-5.06062
56.66651,-5.05987
56.66634,-5.05948
56.66625,-5.05917
56.66612,-5.05869
56.66591,-5.0581
56.66573,-5.05761
56.66555,-5.05725
56.66535,-5.05691
56.66531,-5.05687
56.66519,-5.05672
56.66494,-5.05639
56.66473,-5.05612
56.66454,-5.05576
56.66446,-5.0556
56.66443,-5.05555
56.66439,-5.05546
56.66411,-5.05474
56.66388,-5.05407
56.66382,-5.05381
56.66367,-5.05291
56.66358,-5.05254
56.6633,-5.05153
56.66316,-5.05094
56.66312,-5.05073
56.66309,-5.05047
56.66308,-5.04923
56.66311,-5.04893
56.66347,-5.04736
56.6637,-5.04641
56.66375,-5.04621
56.66404,-5.04565
56.66415,-5.04534
56.66423,-5.04502
56.66428,-5.04466
56.66434,-5.04386
56.66439,-5.04333
56.66452,-5.04218
56.66458,-5.04181
56.66457,-5.04144
56.66456,-5.04129
56.6645,-5.04099
56.66451,-5.04066
56.6645,-5.04061
56.66446,-5.04049
56.66436,-5.0404
56.66446,-5.04001
56.66461,-5.03937
56.66475,-5.03884
56.66492,-5.03838
56.66511,-5.03799
56.66535,-5.03761
56.6656,-5.03728
56.66574,-5.03708
56.6659,-5.03682
56.66607,-5.03642
56.6662,-5.03611
56.66632,-5.03563
56.66658,-5.03441
56.66671,-5.03388
56.66698,-5.03302
56.66723,-5.03231
56.66761,-5.03123
56.66794,-5.03023
56.66825,-5.02922
56.66858,-5.02796
56.6686,-5.02785
56.6687,-5.02743
56.6689,-5.02661
56.66898,-5.02621
56.66923,-5.0249
56.66948,-5.0233
56.66965,-5.02196
56.66984,-5.01977
56.66988,-5.01907
56.66994,-5.01786
56.66997,-5.01647
56.66997,-5.01635
56.66996,-5.01525
56.66991,-5.01393
56.66985,-5.01295
56.66979,-5.0117
56.66978,-5.01153
56.66977,-5.01139
56.66947,-5.0068
56.66926,-5.00327
56.6692,-5.00026
56.6692,-5.00009
56.6692,-4.99971
56.66916,-4.99916
56.66912,-4.99887
56.66906,-4.99858
56.66895,-4.99823
56.6688,-4.99787
56.66839,-4.9971
56.66823,-4.9967
56.66813,-4.99634
56.66808,-4.99603
56.66804,-4.99576
56.66802,-4.99522
56.66805,-4.9946
56.66812,-4.99394
56.66819,-4.99346
56.66823,-4.99308
56.66826,-4.99278
56.66827,-4.99247
56.66826,-4.99198
56.66822,-4.99131
56.66817,-4.99062
56.66799,-4.98778
56.66793,-4.98697
56.66791,-4.9867
56.66786,-4.98606
56.66782,-4.98554
56.66777,-4.98523
56.66772,-4.98493
56.66763,-4.98459
56.66751,-4.98416
56.66733,-4.98368
56.66709,-4.98321
56.66687,-4.98286
56.66665,-4.98257
56.66658,-4.98249
56.66654,-4.98245
56.66648,-4.98239
56.6663,-4.9822
56.66601,-4.98187
56.66589,-4.9817
56.66577,-4.98144
56.66569,-4.9812
56.66562,-4.98093
56.66552,-4.98046
56.66547,-4.98022
56.66539,-4.97977
56.66535,-4.97947
56.66532,-4.97898
56.66533,-4.97876
56.66536,-4.97854
56.66547,-4.97809
56.66551,-4.97788
56.66553,-4.97764
56.66553,-4.97737
56.66552,-4.97723
56.66549,-4.97702
56.66539,-4.97662
56.66538,-4.97656
56.66535,-4.97645
56.66517,-4.9758
56.66506,-4.97542
56.66503,-4.97524
56.66501,-4.97513
56.66498,-4.97498
56.66492,-4.97453
56.6649,-4.97406
56.6649,-4.97268
56.6649,-4.97225
56.66488,-4.97193
56.66486,-4.97175
56.66483,-4.9716
56.66477,-4.97138
56.66468,-4.97119
56.66457,-4.971
56.66443,-4.97085
56.66428,-4.97074
56.66412,-4.97061
56.66396,-4.97043
56.66382,-4.97022
56.66372,-4.97003
56.6634,-4.96923
56.66311,-4.96853
56.66272,-4.96756
56.66258,-4.96711
56.66252,-4.96683
56.66251,-4.96656
56.66251,-4.96642
56.66252,-4.96615
56.66257,-4.96582
56.66265,-4.96554
56.6628,-4.9652
56.66298,-4.96486
56.66404,-4.96278
56.66413,-4.96249
56.66414,-4.96236
56.66415,-4.96228
56.66416,-4.96208
56.66415,-4.96186
56.66415,-4.96173
56.66412,-4.9615
56.66407,-4.96131
56.66396,-4.96104
56.66393,-4.96094
56.66388,-4.96084
56.66369,-4.96048
56.66356,-4.96017
56.66339,-4.95972
56.66316,-4.95903
56.66308,-4.9588
56.66297,-4.95848
56.66294,-4.95839
56.66275,-4.9578
56.66252,-4.9571
56.66231,-4.95647
56.66216,-4.95586
56.66209,-4.95521
56.66208,-4.95483
56.66212,-4.9543
56.66221,-4.95386
56.66242,-4.95321
56.66268,-4.95247
56.66362,-4.95001
56.66371,-4.94974
56.66408,-4.94851
56.66424,-4.94783
56.66427,-4.94761
56.66434,-4.94709
56.66438,-4.94658
56.66441,-4.94602
56.66443,-4.94544
56.66441,-4.94482
56.66434,-4.94398
56.66393,-4.94012
56.66291,-4.93043
56.66162,-4.91816
56.66154,-4.9174
56.66145,-4.91644
56.66139,-4.91554
56.66141,-4.91455
56.66149,-4.91368
56.66163,-4.91275
56.66193,-4.9117
56.66211,-4.91114
56.66235,-4.91059
56.66259,-4.91015
56.66317,-4.90926
56.66369,-4.90849
56.66407,-4.90782
56.66444,-4.9068
56.66455,-4.90632
56.66464,-4.90581
56.66468,-4.90548
56.66472,-4.90511
56.66473,-4.9049
56.66474,-4.9045
56.66474,-4.90407
56.66472,-4.90387
56.66471,-4.90375
56.66469,-4.90349
56.66466,-4.90327
56.66463,-4.9031
56.66459,-4.9028
56.66451,-4.90248
56.66436,-4.90192
56.66401,-4.90061
56.66276,-4.89628
56.66232,-4.8947
56.66147,-4.89172
56.6605,-4.88833
56.65859,-4.88157
56.65831,-4.88064
56.65816,-4.88018
56.65801,-4.87982
56.65783,-4.87941
56.65746,-4.87876
56.65722,-4.87826
56.65701,-4.87777
56.65692,-4.87749
56.65673,-4.87679
56.6566,-4.87618
56.65655,-4.87584
56.65652,-4.87548
56.65649,-4.87481
56.65649,-4.87426
56.65654,-4.87329
56.65656,-4.87265
56.65657,-4.87203
56.65655,-4.87155
56.65651,-4.87107
56.65642,-4.87054
56.6563,-4.87
56.65608,-4.86913
56.65425,-4.86224
56.65404,-4.86147
56.65356,-4.8597
56.65168,-4.85263
56.65154,-4.85212
56.65091,-4.84977
56.6507,-4.84902
56.65032,-4.84806
56.64964,-4.84681
56.64909,-4.84605
56.64845,-4.84513
56.64774,-4.84409
56.64753,-4.84375
56.64738,-4.84348
56.64725,-4.84319
56.64713,-4.84289
56.64703,-4.84259
56.64694,-4.84224
56.64686,-4.8419
56.64677,-4.84131
56.64673,-4.84078
56.6467,-4.83926
56.64668,-4.83862
56.64668,-4.83844
56.64663,-4.83787
56.64657,-4.83732
56.64649,-4.83674
56.64639,-4.83617
56.64623,-4.83547
56.64606,-4.83486
56.64582,-4.83415
56.64556,-4.83348
56.64504,-4.83212
56.64495,-4.8319
56.64323,-4.82749
56.64303,-4.827
56.64151,-4.82303
56.64076,-4.8211
56.64071,-4.82098
56.6395,-4.81781
56.63836,-4.81487
56.63754,-4.81266
56.63714,-4.81144
56.63679,-4.81021
56.63656,-4.80935
56.63635,-4.80844
56.63595,-4.80661
56.63577,-4.80582
56.63574,-4.80565
56.63492,-4.80194
56.63414,-4.79844
56.63355,-4.79575
56.63326,-4.79445
56.63245,-4.79096
56.63213,-4.78924
56.63107,-4.78451
56.63059,-4.78228
56.63007,-4.77971
56.62947,-4.77731
56.62873,-4.77397
56.62812,-4.77137
56.62771,-4.77005
56.62719,-4.76894
56.62646,-4.76779
56.62542,-4.76674
56.62325,-4.76559
56.62238,-4.76539
56.62163,-4.76555
56.6208,-4.76601
56.62037,-4.76621
56.61992,-4.76631
56.61956,-4.76629
56.61918,-4.7662
56.61805,-4.76546
56.61578,-4.7635
56.6132,-4.76151
56.61115,-4.75985
56.60883,-4.75798
56.60801,-4.75732
56.60662,-4.75627
56.60642,-4.7561
56.6055,-4.75535
56.60476,-4.75463
56.60434,-4.75417
56.60385,-4.75361
56.6031,-4.75266
56.60256,-4.75188
56.60206,-4.75112
56.60114,-4.7495
56.6006,-4.74851
56.60054,-4.7484
56.59955,-4.74657
56.59941,-4.74632
56.59934,-4.74617
56.59906,-4.74566
56.59876,-4.74516
56.59828,-4.74455
56.5978,-4.74409
56.59723,-4.7437
56.59667,-4.74345
56.59625,-4.74336
56.59596,-4.74336
56.59588,-4.74336
56.59576,-4.74336
56.59546,-4.74342
56.59517,-4.74349
56.59465,-4.7437
56.59319,-4.74431
56.5925,-4.74459
56.59243,-4.74463
56.59137,-4.74507
56.59128,-4.74511
56.58958,-4.74582
56.58903,-4.74605
56.58846,-4.74628
56.58788,-4.74656
56.58631,-4.74712
56.5855,-4.74774
56.58529,-4.7479
56.58464,-4.7485
56.58358,-4.74989
56.58244,-4.75168
56.58131,-4.75323
56.58034,-4.75445
56.57941,-4.75546
56.57746,-4.75671
56.57489,-4.7582
56.57405,-4.75866
56.57373,-4.75883
56.57339,-4.75902
56.57305,-4.75919
56.57284,-4.7593
56.5727,-4.75936
56.57263,-4.75937
56.57252,-4.75939
56.57239,-4.7594
56.57223,-4.75939
56.5721,-4.75937
56.57201,-4.75934
56.5719,-4.7593
56.57176,-4.75923
56.57163,-4.75915
56.57151,-4.75906
56.57139,-4.75895
56.57129,-4.75883
56.57114,-4.75865
56.57102,-4.75846
56.57092,-4.75828
56.57081,-4.75805
56.57069,-4.75777
56.57044,-4.75716
56.57017,-4.75654
56.57007,-4.75634
56.56998,-4.75618
56.56988,-4.756
56.56974,-4.75581
56.56961,-4.75565
56.56944,-4.75547
56.56929,-4.75532
56.56909,-4.75516
56.56885,-4.75497
56.56867,-4.75483
56.56855,-4.75473
56.56847,-4.75465
56.5684,-4.75457
56.56833,-4.75447
56.56829,-4.7544
56.56824,-4.75431
56.56817,-4.75417
56.56813,-4.75406
56.56809,-4.75393
56.56806,-4.75376
56.56803,-4.75361
56.56801,-4.75344
56.568,-4.75327
56.568,-4.75306
56.56803,-4.75275
56.56807,-4.75224
56.56811,-4.75183
56.56815,-4.75141
56.56819,-4.75097
56.56821,-4.75053
56.56822,-4.75022
56.56821,-4.74996
56.5682,-4.7497
56.56818,-4.74946
56.56815,-4.7492
56.56811,-4.74896
56.56805,-4.7487
56.56798,-4.74846
56.56772,-4.74742
56.5675,-4.74655
56.56744,-4.74628
56.56739,-4.74599
56.56736,-4.74568
56.56735,-4.74537
56.56735,-4.74511
56.56735,-4.74486
56.56737,-4.74456
56.56741,-4.74422
56.5678,-4.74097
56.56788,-4.74034
56.5679,-4.74008
56.56791,-4.73986
56.56791,-4.73965
56.56789,-4.73944
56.56786,-4.73925
56.56782,-4.73908
56.56774,-4.73888
56.56769,-4.73876
56.56762,-4.73863
56.56755,-4.73851
56.56745,-4.73839
56.56734,-4.73829
56.56723,-4.73822
56.56711,-4.73818
56.56698,-4.73817
56.56687,-4.73817
56.56673,-4.73823
56.56658,-4.73834
56.56644,-4.7385
56.5663,-4.73874
56.56619,-4.73903
56.56606,-4.73947
56.5659,-4.7401
56.56566,-4.74086
56.5654,-4.74159
56.56512,-4.74222
56.56492,-4.74264
56.56464,-4.74315
56.56427,-4.74376
56.56368,-4.74451
56.56349,-4.74469
56.56339,-4.74478
56.56321,-4.74495
56.56286,-4.7452
56.56205,-4.74565
56.56129,-4.746
56.56103,-4.74612
56.55868,-4.74715
56.55668,-4.74807
56.55482,-4.74891
56.55463,-4.74898
56.55367,-4.74942
56.55331,-4.74961
56.55287,-4.74989
56.55237,-4.75032
56.55192,-4.7508
56.55155,-4.75125
56.55113,-4.75188
56.55083,-4.75238
56.55039,-4.75325
56.54983,-4.75435
56.5495,-4.7549
56.54923,-4.7553
56.54886,-4.7558
56.54817,-4.75659
56.54712,-4.75772
56.54511,-4.76009
56.54413,-4.76117
56.54297,-4.76251
56.5421,-4.7635
56.54131,-4.76437
56.54086,-4.76481
56.54039,-4.76522
56.53962,-4.76574
56.53918,-4.76598
56.53864,-4.76621
56.53821,-4.76635
56.53785,-4.76644
56.53741,-4.76655
56.53701,-4.76656
56.53654,-4.76658
56.53515,-4.76662
56.53389,-4.76667
56.53227,-4.76674
56.53015,-4.76682
56.52883,-4.76686
56.52816,-4.76688
56.5277,-4.7669
56.526,-4.76696
56.52483,-4.767
56.52254,-4.76708
56.5215,-4.76713
56.52124,-4.76715
56.52087,-4.76722
56.52055,-4.7673
56.52029,-4.7674
56.52,-4.76752
56.5195,-4.76778
56.51937,-4.76785
56.51886,-4.76813
56.51879,-4.76817
56.51844,-4.76836
56.5183,-4.76843
56.51815,-4.7685
56.51786,-4.76863
56.51757,-4.76873
56.5173,-4.76879
56.51727,-4.76879
56.51694,-4.76884
56.51661,-4.76886
56.51619,-4.76882
56.516,-4.76878
56.51572,-4.76873
56.5151,-4.76858
56.51445,-4.76839
56.51345,-4.76809
56.5133,-4.76808
56.5126,-4.76803
56.51245,-4.76803
56.51182,-4.76806
56.51122,-4.76809
56.51078,-4.76811
56.51002,-4.76815
56.50866,-4.76824
56.50841,-4.76825
56.50804,-4.76826
56.50768,-4.76827
56.50731,-4.76823
56.50695,-4.76817
56.50661,-4.76807
56.50627,-4.768
56.50529,-4.76777
56.50497,-4.76769
56.50465,-4.7676
56.50439,-4.76751
56.50409,-4.76737
56.50394,-4.7673
56.50382,-4.76722
56.50359,-4.76705
56.50341,-4.7669
56.5032,-4.76669
56.50299,-4.76646
56.5025,-4.76575
56.50133,-4.76395
56.49881,-4.76006
56.49542,-4.75479
56.49466,-4.7536
56.49341,-4.75172
56.49204,-4.74991
56.49029,-4.74759
56.48995,-4.74714
56.48905,-4.74594
56.48858,-4.7453
56.48813,-4.74463
56.48742,-4.74354
56.48725,-4.74329
56.48708,-4.74303
56.48679,-4.74261
56.48661,-4.74234
56.48645,-4.74212
56.48631,-4.74194
56.48611,-4.7417
56.48565,-4.74119
56.48458,-4.73999
56.48414,-4.73948
56.48398,-4.73927
56.48373,-4.73893
56.48348,-4.73855
56.48283,-4.73761
56.48218,-4.73661
56.48156,-4.73578
56.48125,-4.73539
56.48082,-4.73492
56.48033,-4.73447
56.47982,-4.73401
56.47949,-4.73368
56.47911,-4.73319
56.47877,-4.73266
56.47832,-4.73199
56.478,-4.73156
56.4777,-4.73126
56.47658,-4.73026
56.47542,-4.72925
56.47527,-4.72912
56.47497,-4.72886
56.4749,-4.72879
56.47417,-4.72816
56.47324,-4.72735
56.47274,-4.72697
56.4723,-4.72667
56.47132,-4.72607
56.47099,-4.72587
56.47086,-4.72579
56.47029,-4.72544
56.46936,-4.72487
56.46901,-4.72467
56.46873,-4.72457
56.4685,-4.72455
56.46829,-4.72457
56.4681,-4.72463
56.4679,-4.72473
56.46771,-4.72485
56.4675,-4.72501
56.46735,-4.72511
56.46721,-4.72519
56.46707,-4.72523
56.46693,-4.72524
56.4668,-4.72523
56.46668,-4.7252
56.46655,-4.72514
56.46639,-4.72505
56.46622,-4.72487
56.46609,-4.72471
56.46597,-4.72452
56.46588,-4.72431
56.46578,-4.72407
56.46567,-4.72369
56.46559,-4.72337
56.46524,-4.72205
56.46518,-4.72186
56.46491,-4.72087
56.46482,-4.72061
56.46472,-4.72037
56.46462,-4.72017
56.46448,-4.71992
56.46426,-4.71958
56.46407,-4.71933
56.46267,-4.71731
56.46162,-4.71582
56.46136,-4.71548
56.46106,-4.71514
56.46072,-4.71477
56.46039,-4.71446
56.46016,-4.71425
56.45973,-4.7139
56.45948,-4.71371
56.45917,-4.71351
56.4588,-4.71329
56.45818,-4.71296
56.45772,-4.71273
56.45702,-4.71236
56.45663,-4.71217
56.45637,-4.71204
56.45619,-4.71198
56.45596,-4.71194
56.45574,-4.71195
56.45525,-4.71203
56.45507,-4.71204
56.45489,-4.71202
56.45469,-4.71195
56.45417,-4.71173
56.45358,-4.71146
56.45273,-4.71108
56.45143,-4.71049
56.45083,-4.71023
56.44953,-4.70964
56.44923,-4.70954
56.4489,-4.70947
56.4486,-4.70944
56.44829,-4.70944
56.44794,-4.7095
56.44738,-4.70969
56.44711,-4.70983
56.44678,-4.71006
56.4464,-4.71038
56.44606,-4.71068
56.44582,-4.71083
56.44564,-4.7109
56.44544,-4.71094
56.4452,-4.71095
56.44414,-4.71079
56.44391,-4.71081
56.44374,-4.71085
56.44353,-4.71095
56.44315,-4.71115
56.44272,-4.71139
56.44249,-4.71153
56.44225,-4.71168
56.44205,-4.7119
56.4419,-4.71209
56.44176,-4.71228
56.44164,-4.71254
56.44152,-4.71281
56.44139,-4.71324
56.44127,-4.7138
56.44087,-4.71593
56.44061,-4.71713
56.44056,-4.71734
56.4405,-4.71753
56.44041,-4.71772
56.44032,-4.71785
56.44022,-4.71796
56.4401,-4.71805
56.43998,-4.71809
56.43985,-4.71811
56.43974,-4.7181
56.43953,-4.71799
56.43943,-4.71789
56.43934,-4.71777
56.43927,-4.71764
56.43916,-4.71743
56.43905,-4.71717
56.43901,-4.7172
56.43893,-4.71729
56.43892,-4.71731
56.43889,-4.71735
56.43887,-4.71742
56.43879,-4.71775
56.43876,-4.71802
56.43868,-4.71848
56.43865,-4.71869
56.4386,-4.71896
56.43858,-4.71914
56.43856,-4.71932
56.43856,-4.71952
56.43857,-4.71973
56.4386,-4.71995
56.43864,-4.72014
56.43869,-4.72036
56.43882,-4.72075
56.43889,-4.72098
56.43893,-4.72123
56.43898,-4.72151
56.43901,-4.72179
56.43904,-4.72214
56.43908,-4.72258
56.43912,-4.72286
56.43916,-4.72305
56.43922,-4.72322
56.4393,-4.72335
56.43941,-4.72351
56.43958,-4.72372
56.43996,-4.72418
56.44013,-4.7244
56.44028,-4.72462
56.44039,-4.72479
56.44051,-4.72502
56.44057,-4.72519
56.44063,-4.72539
56.44069,-4.72567
56.44102,-4.72732
56.44163,-4.73021
56.44189,-4.73136
56.44198,-4.73179
56.4421,-4.7322
56.44222,-4.73259
56.44237,-4.73301
56.44396,-4.73721
56.44418,-4.73789
56.44439,-4.73874
56.44585,-4.74538
56.44614,-4.74697
56.44628,-4.74788
56.44645,-4.74885
56.44663,-4.74966
56.44688,-4.75064
56.44705,-4.75134
56.4472,-4.75219
56.44725,-4.75265
56.44729,-4.7531
56.44734,-4.75365
56.44735,-4.75399
56.44737,-4.75436
56.44737,-4.75477
56.44737,-4.75526
56.44735,-4.7556
56.44734,-4.75578
56.44731,-4.75607
56.44727,-4.75637
56.44723,-4.75658
56.44712,-4.75724
56.44707,-4.75756
56.44703,-4.75784
56.44701,-4.75807
56.44699,-4.75828
56.44696,-4.75869
56.44691,-4.7594
56.44686,-4.76007
56.44684,-4.76047
56.44682,-4.76087
56.44682,-4.76111
56.44681,-4.76135
56.44681,-4.76143
56.44681,-4.76152
56.4468,-4.76177
56.44679,-4.76221
56.44677,-4.7631
56.44676,-4.76393
56.44675,-4.76431
56.44674,-4.76474
56.44673,-4.76504
56.44671,-4.76528
56.44668,-4.76563
56.44664,-4.76595
56.44659,-4.76627
56.44655,-4.76653
56.44649,-4.76683
56.44642,-4.76713
56.44635,-4.76742
56.44628,-4.76767
56.44619,-4.76795
56.4461,-4.76821
56.44587,-4.76882
56.4454,-4.77005
56.44496,-4.7712
56.4434,-4.77529
56.44306,-4.77618
56.44292,-4.77655
56.44277,-4.77699
56.44266,-4.77733
56.44256,-4.77768
56.44249,-4.77792
56.44244,-4.77817
56.44233,-4.77867
56.44141,-4.78302
56.44095,-4.78523
56.44084,-4.78579
56.44073,-4.78636
56.44063,-4.78692
56.44052,-4.78748
56.4404,-4.78824
56.44026,-4.78906
56.44002,-4.79064
56.43953,-4.79379
56.43857,-4.80003
56.43814,-4.80278
56.43773,-4.80548
56.43764,-4.80602
56.43753,-4.80664
56.43743,-4.80716
56.43732,-4.80767
56.43716,-4.80831
56.43703,-4.80886
56.43666,-4.81035
56.43627,-4.81194
56.43607,-4.81273
56.4359,-4.81345
56.43584,-4.81368
56.43577,-4.81392
56.43564,-4.81435
56.43538,-4.81519
56.4352,-4.81575
56.43512,-4.81604
56.43504,-4.81633
56.43497,-4.81667
56.4349,-4.81701
56.43478,-4.81779
56.43474,-4.81806
56.4347,-4.81832
56.43465,-4.81857
56.43459,-4.81881
56.43455,-4.81897
56.4345,-4.81913
56.43446,-4.81927
56.43441,-4.81941
56.4342,-4.81997
56.43404,-4.82045
56.43393,-4.821
56.43363,-4.82189
56.43337,-4.82253
56.43306,-4.82329
56.43277,-4.82383
56.43248,-4.82418
56.4317,-4.82498
56.43147,-4.82527
56.43121,-4.82561
56.43089,-4.82629
56.43044,-4.82738
56.43018,-4.8279
56.42997,-4.82823
56.42969,-4.82849
56.42946,-4.82868
56.42926,-4.82885
56.42909,-4.82907
56.42896,-4.82929
56.42871,-4.82971
56.42839,-4.83034
56.42814,-4.83074
56.42746,-4.83178
56.42717,-4.83225
56.42691,-4.8326
56.42651,-4.83299
56.42629,-4.83325
56.42598,-4.83361
56.42575,-4.8339
56.42527,-4.83423
56.42495,-4.83448
56.4247,-4.83475
56.42458,-4.83493
56.42446,-4.83514
56.42432,-4.83541
56.42413,-4.83578
56.42402,-4.83601
56.42387,-4.83621
56.4237,-4.83639
56.42342,-4.83663
56.42309,-4.83687
56.42284,-4.83702
56.4227,-4.83713
56.42259,-4.83723
56.42247,-4.83738
56.42233,-4.83761
56.42214,-4.83793
56.42201,-4.83812
56.4219,-4.83833
56.42182,-4.83851
56.42174,-4.83873
56.42166,-4.839
56.42161,-4.83923
56.42156,-4.83954
56.42152,-4.83982
56.42148,-4.84011
56.42143,-4.84041
56.42136,-4.84069
56.42127,-4.84095
56.42115,-4.84126
56.42104,-4.84146
56.42096,-4.8416
56.42083,-4.84174
56.42071,-4.84184
56.42054,-4.84192
56.42038,-4.84198
56.42021,-4.84204
56.41984,-4.84224
56.41939,-4.84249
56.41921,-4.84259
56.41911,-4.84268
56.41899,-4.84281
56.41892,-4.84292
56.41883,-4.8431
56.41876,-4.84332
56.41869,-4.84359
56.41863,-4.84379
56.41854,-4.84401
56.41831,-4.84443
56.41796,-4.84502
56.41771,-4.84546
56.41732,-4.846
56.41671,-4.84681
56.41567,-4.8481
56.41444,-4.84911
56.41353,-4.8506
56.41216,-4.85343
56.41179,-4.85406
56.41114,-4.85492
56.41042,-4.85611
56.41031,-4.85635
56.41018,-4.85665
56.41002,-4.85697
56.40977,-4.85733
56.40949,-4.85774
56.40916,-4.85806
56.4088,-4.8583
56.40845,-4.85858
56.40803,-4.8591
56.40775,-4.85955
56.40754,-4.85998
56.40727,-4.86068
56.40704,-4.8614
56.40574,-4.86666
56.40533,-4.8688
56.40508,-4.86964
56.40478,-4.87042
56.40399,-4.87195
56.40373,-4.87252
56.40354,-4.87295
56.40336,-4.87361
56.40328,-4.87408
56.40323,-4.87454
56.40321,-4.87504
56.40317,-4.87563
56.40311,-4.87615
56.40304,-4.87664
56.40295,-4.87714
56.40289,-4.8775
56.40285,-4.87784
56.40283,-4.87815
56.40282,-4.87855
56.40282,-4.87905
56.40281,-4.87969
56.40279,-4.88036
56.40279,-4.8807
56.4028,-4.88098
56.40283,-4.88126
56.40286,-4.88156
56.40292,-4.88195
56.403,-4.88236
56.40308,-4.88277
56.40313,-4.8831
56.40317,-4.88343
56.40319,-4.88373
56.40322,-4.88415
56.40323,-4.88451
56.40322,-4.8848
56.4032,-4.88519
56.40315,-4.88583
56.40309,-4.88667
56.40307,-4.88703
56.40306,-4.88739
56.40306,-4.88763
56.40307,-4.88792
56.4031,-4.88831
56.40316,-4.88883
56.4032,-4.88915
56.40325,-4.88945
56.4033,-4.88964
56.40336,-4.88982
56.40344,-4.89004
56.40354,-4.89029
56.40363,-4.89053
56.40369,-4.89078
56.40376,-4.8911
56.40381,-4.89138
56.40384,-4.8917
56.40386,-4.89196
56.40386,-4.89231
56.40385,-4.89269
56.40382,-4.89339
56.40378,-4.89412
56.40377,-4.89458
56.40377,-4.89486
56.40378,-4.8951
56.40381,-4.89534
56.40384,-4.89562
56.40389,-4.8959
56.40392,-4.89617
56.40394,-4.89643
56.40395,-4.89671
56.40394,-4.89705
56.40391,-4.89759
56.40388,-4.89804
56.40385,-4.89838
56.40383,-4.89863
56.40378,-4.89889
56.40374,-4.89914
56.40368,-4.89943
56.40365,-4.89962
56.40363,-4.89976
56.40362,-4.89992
56.40361,-4.90007
56.40361,-4.90022
56.40361,-4.90047
56.40363,-4.90074
56.40368,-4.90131
56.40371,-4.90183
56.40376,-4.90224
56.4038,-4.90249
56.40386,-4.90276
56.40392,-4.90295
56.404,-4.90316
56.40415,-4.90353
56.40443,-4.90416
56.40462,-4.90461
56.40479,-4.90492
56.40499,-4.90525
56.40508,-4.90541
56.40515,-4.90555
56.40521,-4.90572
56.40527,-4.90591
56.40532,-4.90613
56.40538,-4.90641
56.40544,-4.90674
56.40555,-4.90741
56.40569,-4.90814
56.40572,-4.90837
56.40573,-4.90853
56.40574,-4.9087
56.40574,-4.90893
56.40573,-4.90912
56.40569,-4.90939
56.40564,-4.90967
56.40555,-4.91006
56.40551,-4.91027
56.40548,-4.91048
56.40546,-4.91063
56.40545,-4.91083
56.40545,-4.91107
56.40546,-4.9115
56.40548,-4.91184
56.40548,-4.9121
56.40548,-4.91231
56.40546,-4.91249
56.40543,-4.9128
56.40537,-4.91314
56.40524,-4.91378
56.40519,-4.91408
56.40513,-4.91454
56.40505,-4.91513
56.40502,-4.9154
56.40499,-4.9157
56.40498,-4.91602
56.40499,-4.91636
56.405,-4.91665
56.40501,-4.91695
56.40501,-4.91728
56.40499,-4.91756
56.40497,-4.91796
56.40495,-4.91842
56.40494,-4.91871
56.40495,-4.91906
56.40498,-4.91948
56.40502,-4.91978
56.40507,-4.92008
56.40516,-4.92046
56.40546,-4.92193
56.4056,-4.92255
56.40568,-4.92294
56.40574,-4.92335
56.40576,-4.92364
56.40577,-4.92388
56.40576,-4.92412
56.40575,-4.92433
56.40572,-4.9249
56.40568,-4.92596
56.40557,-4.92797
56.4055,-4.92949
56.40546,-4.92997
56.40535,-4.93083
56.4053,-4.93111
56.40518,-4.93177
56.405,-4.93275
56.40486,-4.93355
56.40483,-4.93394
56.40483,-4.93617
56.40485,-4.93788
56.40488,-4.94011
56.40486,-4.94059
56.40482,-4.94103
56.40474,-4.94145
56.4044,-4.94272
56.40427,-4.94329
56.40417,-4.94391
56.40412,-4.94448
56.40406,-4.94553
56.404,-4.94624
56.40395,-4.94683
56.4039,-4.94748
56.40384,-4.94808
56.4038,-4.94848
56.40365,-4.95011
56.40335,-4.95247
56.40315,-4.95417
56.40309,-4.95472
56.40298,-4.95563
56.40292,-4.95612
56.40289,-4.95641
56.40286,-4.95669
56.40285,-4.95681
56.40285,-4.95696
56.40284,-4.9571
56.40283,-4.95725
56.40283,-4.95757
56.40285,-4.95809
56.40292,-4.95936
56.40297,-4.96041
56.40299,-4.9608
56.403,-4.96118
56.40301,-4.9614
56.40301,-4.96165
56.403,-4.96188
56.40299,-4.96206
56.40297,-4.96232
56.40296,-4.96243
56.40294,-4.96254
56.40291,-4.96277
56.40286,-4.96302
56.40282,-4.96325
56.40272,-4.96371
56.40264,-4.96414
56.4026,-4.96442
56.40259,-4.9646
56.40259,-4.96477
56.4026,-4.96497
56.40261,-4.96517
56.40265,-4.96556
56.40268,-4.96587
56.4027,-4.96619
56.40271,-4.96643
56.40271,-4.96669
56.4027,-4.96689
56.40268,-4.96705
56.40264,-4.96725
56.40261,-4.96742
56.40244,-4.96811
56.40232,-4.96861
56.4023,-4.96873
56.40227,-4.96892
56.40225,-4.9691
56.40222,-4.96936
56.40221,-4.96952
56.4022,-4.96968
56.4022,-4.96988
56.4022,-4.96997
56.4022,-4.97017
56.40221,-4.97035
56.40223,-4.97065
56.40227,-4.97098
56.40228,-4.97104
56.40234,-4.97141
56.4024,-4.97176
56.40243,-4.97193
56.4025,-4.97233
56.40252,-4.97254
56.40255,-4.97274
56.40257,-4.973
56.40259,-4.97324
56.40261,-4.97351
56.40261,-4.97369
56.40262,-4.974
56.40263,-4.9743
56.40262,-4.97452
56.40262,-4.97472
56.40261,-4.97494
56.4026,-4.97513
56.40258,-4.97536
56.40256,-4.97557
56.40252,-4.97593
56.40249,-4.97615
56.40226,-4.97763
56.4021,-4.97863
56.40188,-4.98
56.40183,-4.98039
56.40179,-4.98078
56.40177,-4.98105
56.40176,-4.98133
56.40175,-4.98163
56.40175,-4.98183
56.40176,-4.98213
56.40178,-4.98243
56.40187,-4.98315
56.40194,-4.98364
56.40201,-4.98409
56.40212,-4.98491
56.40216,-4.98522
56.40219,-4.9855
56.4022,-4.98583
56.40221,-4.98615
56.40221,-4.98647
56.4022,-4.98681
56.40215,-4.98818
56.40214,-4.98858
56.40212,-4.98893
56.4021,-4.9893
56.40208,-4.9895
56.40206,-4.98966
56.40203,-4.98987
56.402,-4.99004
56.40192,-4.99053
56.40189,-4.99074
56.40186,-4.99095
56.40184,-4.99113
56.40184,-4.99129
56.40183,-4.99159
56.40184,-4.99189
56.40186,-4.99214
56.4019,-4.99241
56.40196,-4.99269
56.402,-4.99285
56.40205,-4.99302
56.40233,-4.99392
56.40278,-4.99533
56.40361,-4.99791
56.40377,-4.99842
56.40389,-4.9989
56.40393,-4.99917
56.40397,-4.99942
56.4042,-5.00128
56.40424,-5.00171
56.40426,-5.00203
56.40427,-5.00223
56.40426,-5.00241
56.40425,-5.0026
56.40424,-5.00276
56.40421,-5.00298
56.40417,-5.00321
56.40407,-5.00378
56.40403,-5.004
56.404,-5.00422
56.40398,-5.00438
56.40397,-5.00455
56.40395,-5.00476
56.40394,-5.00498
56.40394,-5.00519
56.40394,-5.00542
56.40395,-5.00564
56.40396,-5.00586
56.40398,-5.00609
56.40401,-5.00638
56.40404,-5.00664
56.40409,-5.0069
56.4044,-5.00867
56.40445,-5.00895
56.40451,-5.00921
56.40458,-5.0095
56.40462,-5.00964
56.40471,-5.00989
56.40479,-5.01015
56.40501,-5.0108
56.40554,-5.0123
56.40583,-5.01316
56.40612,-5.01399
56.40642,-5.01485
56.40657,-5.01527
56.40673,-5.01565
56.40689,-5.01601
56.40706,-5.01636
56.40725,-5.01674
56.40775,-5.01768
56.4079,-5.01796
56.40801,-5.01818
56.40824,-5.01862
56.40865,-5.01941
56.40911,-5.02027
56.40938,-5.0208
56.40963,-5.02128
56.40979,-5.0216
56.40991,-5.02188
56.40997,-5.02202
56.41002,-5.02217
56.41007,-5.02232
56.41013,-5.02251
56.41021,-5.02281
56.41024,-5.02294
56.41027,-5.02307
56.41033,-5.02338
56.41038,-5.0237
56.41041,-5.02387
56.41042,-5.02407
56.41045,-5.02438
56.41046,-5.02473
56.41047,-5.02526
56.41048,-5.02598
56.4105,-5.02729
56.41051,-5.02777
56.4105,-5.02804
56.41049,-5.02818
56.41047,-5.02833
56.41045,-5.02846
56.41043,-5.02862
56.4104,-5.02876
56.41034,-5.02897
56.41031,-5.02908
56.41027,-5.02919
56.41022,-5.02931
56.41018,-5.02941
56.41012,-5.02951
56.41007,-5.0296
56.40998,-5.02975
56.40962,-5.0303
56.40934,-5.03071
56.40912,-5.03099
56.40893,-5.03124
56.40881,-5.03137
56.40867,-5.03149
56.40857,-5.03157
56.40849,-5.03163
56.40844,-5.03167
56.4083,-5.0318
56.40821,-5.0319
56.40806,-5.03209
56.4074,-5.03292
56.40709,-5.03332
56.40678,-5.03371
56.40636,-5.03417
56.40608,-5.03446
56.40594,-5.03463
56.40582,-5.0348
56.40571,-5.035
56.40558,-5.03525
56.40544,-5.03548
56.40535,-5.03563
56.40522,-5.03579
56.4051,-5.03591
56.40495,-5.03603
56.40479,-5.03614
56.40457,-5.03628
56.40447,-5.03635
56.4044,-5.03643
56.40432,-5.03652
56.40424,-5.03666
56.40418,-5.03679
56.40412,-5.03694
56.40407,-5.03713
56.40404,-5.03733
56.40399,-5.03772
56.40392,-5.03856
56.40389,-5.03886
56.40387,-5.03904
56.40384,-5.03922
56.4038,-5.0394
56.40373,-5.03968
56.40362,-5.04013
56.40349,-5.04071
56.40335,-5.04128
56.40326,-5.04166
56.40318,-5.04189
56.4031,-5.04213
56.403,-5.04233
56.4029,-5.04249
56.40276,-5.04266
56.40264,-5.04277
56.40253,-5.04285
56.40237,-5.04291
56.40216,-5.04301
56.40206,-5.0431
56.40197,-5.04318
56.40182,-5.04337
56.40172,-5.04355
56.40155,-5.04395
56.40132,-5.04433
56.40128,-5.04437
56.40116,-5.04445
56.40098,-5.04459
56.40082,-5.04471
56.4007,-5.04488
56.40061,-5.04504
56.40036,-5.04554
56.4002,-5.04579
56.39995,-5.04613
56.39974,-5.04639
56.39967,-5.0465
56.39961,-5.04662
56.39946,-5.04699
56.3992,-5.04777
56.39911,-5.04803
56.39904,-5.04821
56.39892,-5.04847
56.39879,-5.04868
56.39837,-5.04925
56.39774,-5.05024
56.39746,-5.05059
56.39719,-5.05096
56.39717,-5.051
56.39689,-5.05143
56.39677,-5.05167
56.3966,-5.05202
56.3964,-5.05233
56.39629,-5.05258
56.3962,-5.05287
56.39608,-5.05325
56.39591,-5.05387
56.39585,-5.05402
56.39568,-5.05444
56.39551,-5.05486
56.39541,-5.05505
56.39522,-5.05531
56.39506,-5.05555
56.39502,-5.05561
56.39479,-5.05598
56.39451,-5.05641
56.39441,-5.05656
56.39406,-5.05701
56.39371,-5.05748
56.39356,-5.05772
56.39328,-5.05816
56.39287,-5.05879
56.39272,-5.05902
56.39265,-5.05914
56.39245,-5.05951
56.39203,-5.06032
56.39176,-5.0609
56.39149,-5.06152
56.39,-5.06481
56.38986,-5.06511
56.38977,-5.06531
56.38965,-5.06562
56.38952,-5.06601
56.38943,-5.06634
56.38936,-5.06662
56.3893,-5.06686
56.38926,-5.06704
56.38922,-5.06719
56.3892,-5.06729
56.38917,-5.06736
56.38912,-5.0675
56.38909,-5.06757
56.38906,-5.06762
56.38901,-5.06771
56.38896,-5.06776
56.38887,-5.06784
56.38884,-5.06788
56.38878,-5.06796
56.38875,-5.06803
56.38872,-5.0681
56.3887,-5.06819
56.38869,-5.0683
56.38867,-5.06843
56.38865,-5.06859
56.38863,-5.06884
56.3886,-5.0691
56.38857,-5.06931
56.38842,-5.07021
56.38829,-5.07097
56.38826,-5.07111
56.38823,-5.07123
56.3882,-5.07133
56.38818,-5.0714
56.38815,-5.07147
56.38811,-5.07157
56.38806,-5.07169
56.38801,-5.07184
56.38797,-5.07197
56.38794,-5.0721
56.38782,-5.07267
56.38777,-5.07292
56.38758,-5.07404
56.38754,-5.07425
56.38741,-5.07499
56.38729,-5.07572
56.38712,-5.07665
56.38703,-5.07719
56.38695,-5.07777
56.38687,-5.07859
56.38681,-5.07917
56.38679,-5.07966
56.38678,-5.08006
56.38685,-5.08554
56.38687,-5.08595
56.3869,-5.08637
56.38695,-5.08677
56.38703,-5.08741
56.38713,-5.08791
56.38722,-5.0883
56.38733,-5.0887
56.38746,-5.0892
56.38765,-5.08981
56.38787,-5.09045
56.38799,-5.09081
56.38807,-5.09103
56.38823,-5.09145
56.38841,-5.09191
56.38854,-5.09225
56.38864,-5.09255
56.38875,-5.09293
56.38891,-5.09351
56.38912,-5.09417
56.39008,-5.09673
56.39033,-5.09748
56.39051,-5.0988
56.39059,-5.09909
56.39071,-5.09948
56.39079,-5.09981
56.39088,-5.10024
56.39094,-5.10073
56.39103,-5.102
56.39111,-5.1028
56.39121,-5.1036
56.39136,-5.10467
56.39147,-5.10522
56.39162,-5.10576
56.39175,-5.1062
56.39188,-5.10654
56.39218,-5.10727
56.3923,-5.10756
56.39242,-5.10792
56.39266,-5.10867
56.39299,-5.10981
56.39318,-5.11046
56.3935,-5.11144
56.39362,-5.11185
56.39366,-5.11202
56.3939,-5.11303
56.39404,-5.11367
56.39413,-5.11406
56.39425,-5.11453
56.39433,-5.11488
56.39444,-5.11532
56.39456,-5.11575
56.39463,-5.11599
56.3947,-5.11622
56.39484,-5.11658
56.395,-5.11701
56.39505,-5.11713
56.39516,-5.11744
56.39527,-5.11788
56.39533,-5.11825
56.3954,-5.11912
56.39546,-5.11984
56.39548,-5.1203
56.39551,-5.1215
56.3956,-5.1222
56.39589,-5.12374
56.39597,-5.12414
56.39631,-5.12566
56.39652,-5.12645
56.39678,-5.12735
56.39701,-5.12801
56.3972,-5.12853
56.39772,-5.1299
56.39838,-5.1323
56.39849,-5.13309
56.39851,-5.13412
56.39855,-5.13504
56.39874,-5.13642
56.39879,-5.13799
56.39895,-5.13885
56.3993,-5.13998
56.39947,-5.14058
56.39957,-5.14109
56.3997,-5.14216
56.39989,-5.14376
56.39997,-5.14432
56.40004,-5.14464
56.40034,-5.14567
56.4005,-5.14638
56.40069,-5.14721
56.40083,-5.14774
56.401,-5.14817
56.40134,-5.14903
56.40151,-5.14955
56.40163,-5.15011
56.40182,-5.15121
56.4028,-5.15392
56.40367,-5.15571
56.40409,-5.15661
56.40458,-5.15781
56.40503,-5.15935
56.40684,-5.16267
56.4069,-5.16279
56.40799,-5.16496
56.40843,-5.16584
56.40887,-5.1667
56.41121,-5.17075
56.41237,-5.17252
56.41273,-5.17312
56.41305,-5.17415
56.41331,-5.1757
56.41447,-5.17931
56.41537,-5.18147
56.41549,-5.18174
56.41566,-5.18246
56.41586,-5.1833
56.41592,-5.18351
56.41613,-5.18445
56.41691,-5.18686
56.41698,-5.18707
56.41709,-5.18738
56.41769,-5.18916
56.41776,-5.18938
56.41791,-5.18976
56.41806,-5.19017
56.41833,-5.19086
56.4185,-5.19123
56.41866,-5.19148
56.41894,-5.1918
56.41905,-5.1919
56.41932,-5.19218
56.41949,-5.19244
56.41962,-5.19268
56.41983,-5.19329
56.41994,-5.19383
56.42005,-5.1946
56.42013,-5.1952
56.42018,-5.19542
56.42023,-5.19562
56.42036,-5.19606
56.42097,-5.19749
56.42115,-5.19826
56.42132,-5.19928
56.42148,-5.20015
56.42167,-5.20096
56.42211,-5.2017
56.42259,-5.20215
56.4232,-5.20242
56.42365,-5.20301
56.42507,-5.20521
56.42549,-5.20608
56.42589,-5.20694
56.42613,-5.20735
56.42632,-5.20762
56.42665,-5.20799
56.427,-5.20824
56.42851,-5.20907
56.42879,-5.20922
56.42912,-5.2095
56.42939,-5.20981
56.4298,-5.21051
56.43005,-5.21105
56.43025,-5.21167
56.43099,-5.21412
56.43182,-5.21684
56.43198,-5.2175
56.432,-5.2182
56.43196,-5.21865
56.43186,-5.21902
56.43129,-5.22076
56.43098,-5.22152
56.43069,-5.22199
56.43049,-5.2223
56.43026,-5.22255
56.42976,-5.22294
56.42868,-5.22375
56.42772,-5.22514
56.42693,-5.22635
56.42647,-5.22712
56.42635,-5.22739
56.42629,-5.22755
56.42618,-5.22793
56.42615,-5.22813
56.42611,-5.22875
56.42613,-5.22941
56.42629,-5.23077
56.42648,-5.23201
56.4265,-5.23218
56.42672,-5.23298
56.42677,-5.23315
56.42731,-5.23467
56.42749,-5.23517
56.42816,-5.2371
56.42833,-5.23758
56.42853,-5.23816
56.42889,-5.23905
56.42897,-5.23926
56.42898,-5.23929
56.42946,-5.24046
56.42951,-5.24058
56.42961,-5.24084
56.4298,-5.24136
56.43016,-5.24237
56.43026,-5.24266
56.43032,-5.24285
56.43033,-5.24293
56.43037,-5.24308
56.43039,-5.24321
56.43041,-5.24334
56.43052,-5.24421
56.43052,-5.24425
56.4306,-5.24462
56.43068,-5.24491
56.43078,-5.24519
56.43086,-5.24539
56.43095,-5.24558
56.43115,-5.24603
56.43126,-5.24632
56.43135,-5.24659
56.4314,-5.24672
56.43145,-5.24693
56.43153,-5.24725
56.43155,-5.24739
56.43161,-5.24772
56.43167,-5.24805
56.43185,-5.24917
56.43189,-5.24937
56.43197,-5.24981
56.43275,-5.25202
56.43294,-5.25274
56.43314,-5.25352
56.43337,-5.25439
56.43348,-5.25482
56.43374,-5.25545
56.43414,-5.25597
56.43498,-5.25688
56.43585,-5.25828
56.43604,-5.25878
56.43618,-5.25937
56.43653,-5.26239
56.43678,-5.26471
56.43687,-5.26548
56.43697,-5.26626
56.43706,-5.26684
56.43719,-5.26743
56.43727,-5.26779
56.43737,-5.26812
56.4375,-5.26841
56.43768,-5.26867
56.43827,-5.26939
56.43847,-5.26964
56.43869,-5.26994
56.43877,-5.27018
56.43883,-5.27049
56.43884,-5.27089
56.43878,-5.27146
56.43873,-5.27203
56.43864,-5.27247
56.43862,-5.27288
56.43865,-5.27322
56.43874,-5.27352
56.43889,-5.27387
56.439,-5.27402
56.43912,-5.27411
56.4394,-5.27431
56.43968,-5.27455
56.43991,-5.27478
56.44018,-5.2751
56.44061,-5.27543
56.44127,-5.27579
56.44147,-5.27595
56.44162,-5.27612
56.44179,-5.2764
56.44187,-5.27661
56.44195,-5.27681
56.44217,-5.27741
56.44244,-5.27824
56.44259,-5.27872
56.44267,-5.27921
56.44274,-5.27965
56.44277,-5.2801
56.44275,-5.28057
56.4427,-5.28099
56.44245,-5.28237
56.44217,-5.28392
56.44211,-5.28425
56.44205,-5.28459
56.4419,-5.28503
56.44017,-5.2884
56.43981,-5.2892
56.43969,-5.28999
56.43969,-5.2901
56.4398,-5.2934
56.43996,-5.29517
56.44021,-5.29658
56.44102,-5.30109
56.44122,-5.30221
56.44167,-5.30466
56.4422,-5.30728
56.4427,-5.30943
56.44318,-5.31136
56.44371,-5.3133
56.44524,-5.31799
56.4469,-5.32067
56.44727,-5.32141
56.44786,-5.32286
56.44812,-5.32351
56.44829,-5.32398
56.44841,-5.32428
56.44915,-5.32633
56.44966,-5.32772
56.4498,-5.32822
56.44997,-5.32895
56.45015,-5.32964
56.45031,-5.33007
56.45052,-5.3305
56.45075,-5.33083
56.45183,-5.33169
56.45212,-5.33199
56.4524,-5.33254
56.45252,-5.33306
56.45259,-5.33384
56.45254,-5.33444
56.45218,-5.3357
56.45205,-5.33652
56.45202,-5.33771
56.45209,-5.33832
56.45222,-5.3388
56.45252,-5.33918
56.45293,-5.33942
56.45448,-5.3397
56.45511,-5.33997
56.45558,-5.34038
56.45612,-5.34118
56.45638,-5.34169
56.45733,-5.34379
56.45752,-5.34442
56.45779,-5.3459
56.458,-5.34648
56.45848,-5.34744
56.45905,-5.34806
56.45931,-5.34867
56.45943,-5.3494
56.45943,-5.3499
56.45935,-5.35052
56.45904,-5.35148
56.45816,-5.35396
56.45707,-5.35629
56.45606,-5.35914
56.45587,-5.35996
56.45575,-5.36149
56.45547,-5.36281
56.45456,-5.36499
56.45439,-5.36553
56.45429,-5.36631
56.45445,-5.36842
56.45462,-5.36938
56.45469,-5.36995
56.45473,-5.3703
56.45475,-5.37109
56.45467,-5.37192
56.45453,-5.37271
56.45439,-5.37341
56.45424,-5.3739
56.45401,-5.37459
56.45393,-5.37493
56.45387,-5.37538
56.45383,-5.37647
56.45381,-5.3773
56.4538,-5.37783
56.45381,-5.3787
56.45378,-5.3792
56.45365,-5.38099
56.45363,-5.38121
56.45362,-5.38135
56.45364,-5.38218
56.45365,-5.38226
56.45371,-5.38283
56.45381,-5.38335
56.45398,-5.38397
56.45413,-5.38445
56.45433,-5.38511
56.45447,-5.38557
56.45456,-5.3859
56.45468,-5.38633
56.45472,-5.38656
56.45475,-5.38688
56.45477,-5.38735
56.45483,-5.38802
56.45496,-5.38874
56.45504,-5.38913
56.45508,-5.38948
56.4551,-5.38975
56.45511,-5.39003
56.4551,-5.39041
56.45494,-5.39145
56.4549,-5.39171
56.45487,-5.39196
56.45478,-5.39354
56.45474,-5.39375
56.45469,-5.39396
56.45461,-5.39416
56.45448,-5.39439
56.45398,-5.39492
56.45344,-5.39548
56.45297,-5.39597
56.45288,-5.39607
56.45248,-5.3966
56.45225,-5.39708
56.45179,-5.39837
56.45168,-5.39867
56.45157,-5.39902
56.45104,-5.40074
56.45087,-5.40141
56.45079,-5.40191
56.45075,-5.40223
56.45074,-5.40228
56.45071,-5.40278
56.45073,-5.40328
56.45078,-5.40379
56.45082,-5.4044
56.45082,-5.40494
56.45078,-5.40542
56.4507,-5.40596
56.45058,-5.40667
56.44998,-5.4102
56.44997,-5.41031
56.44991,-5.41082
56.44985,-5.4118
56.44968,-5.41399
56.44931,-5.41836
56.44921,-5.41963
56.4492,-5.41995
56.4492,-5.42027
56.44922,-5.42055
56.44928,-5.42088
56.44935,-5.42118
56.44945,-5.4215
56.44959,-5.42184
56.44999,-5.42273
56.45008,-5.42295
56.45014,-5.42314
56.45018,-5.42335
56.45023,-5.42368
56.45025,-5.42397
56.45026,-5.42413
56.45025,-5.4243
56.45024,-5.42458
56.45009,-5.4263
56.45003,-5.42711
56.45001,-5.42737
56.44998,-5.4277
56.44993,-5.42801
56.44989,-5.42821
56.44959,-5.42935
56.44937,-5.43011
56.44924,-5.43042
56.44849,-5.43177
56.44768,-5.43304
56.44751,-5.43341
56.44739,-5.43373
56.44706,-5.43468
56.44653,-5.43621
56.44626,-5.4369
56.4459,-5.43781
56.44558,-5.43854
56.44525,-5.43923
56.44485,-5.44015
56.44444,-5.44116
56.44399,-5.44209
56.4437,-5.44258
56.44339,-5.44303
56.44256,-5.44398
56.44211,-5.4445
56.44178,-5.44488
56.44142,-5.4453
56.44126,-5.44564
56.44123,-5.44574
56.44116,-5.44593
56.44109,-5.44617
56.44104,-5.44648
56.44095,-5.44754
56.44088,-5.44795
56.44077,-5.44831
56.44067,-5.44853
56.44054,-5.44872
56.44037,-5.44893
56.44027,-5.44903
56.43974,-5.44934
56.43943,-5.44953
56.43913,-5.44982
56.43888,-5.45004
56.43857,-5.45025
56.43767,-5.4508
56.43735,-5.45111
56.43717,-5.45137
56.43694,-5.4517
56.4367,-5.45201
56.43645,-5.45215
56.43621,-5.45225
56.43603,-5.4523
56.43581,-5.45232
56.43542,-5.4524
56.43528,-5.45246
56.43464,-5.45275
56.43441,-5.45292
56.43418,-5.4531
56.43376,-5.45358
56.43322,-5.45401
56.43284,-5.45417
56.43246,-5.4543
56.43221,-5.45451
56.43197,-5.45477
56.43177,-5.45509
56.43158,-5.45546
56.43144,-5.45581
56.43114,-5.45656
56.43086,-5.45735
56.43061,-5.45817
56.43054,-5.45838
56.43046,-5.45857
56.4303,-5.45893
56.42997,-5.45947
56.42993,-5.45953
56.42988,-5.45957
56.42978,-5.45966
56.42959,-5.45985
56.42836,-5.46056
56.42808,-5.46076
56.42789,-5.46099
56.42778,-5.46115
56.42755,-5.4615
56.42738,-5.46194
56.42728,-5.46241
56.42717,-5.463
56.42701,-5.46361
56.42684,-5.46409
56.42669,-5.46439
56.4265,-5.46471
56.42612,-5.46527
56.42587,-5.46579
56.4257,-5.46627
56.42546,-5.46689
56.42533,-5.46717
56.42505,-5.46766
56.4249,-5.4679
56.42476,-5.4681
56.42465,-5.46828
56.42453,-5.46846
56.42426,-5.46873
56.42386,-5.46896
56.42346,-5.46901
56.42316,-5.46892
56.42313,-5.46891
56.42275,-5.46871
56.42241,-5.46846
56.42227,-5.46855
56.4221,-5.46871
56.42197,-5.46887
56.42184,-5.46915
56.42185,-5.46971
56.42181,-5.47004
56.42158,-5.47049
56.4213,-5.47102
56.42078,-5.47159
56.4204,-5.4721
56.42014,-5.47245
56.41986,-5.47282
56.4198,-5.47292
56.41976,-5.47304
56.41948,-5.47406
56.41945,-5.47416
56.4194,-5.47428
56.41934,-5.47436
56.41928,-5.47443
56.41911,-5.47453
56.41901,-5.47457
56.41891,-5.47439
56.41872,-5.47426
56.41809,-5.47376
56.41784,-5.47356
56.41758,-5.47337
56.41748,-5.47329
56.41733,-5.47317
56.41693,-5.47329
56.41672,-5.47324
56.41651,-5.4732
56.41584,-5.47295
56.41557,-5.47287
56.41554,-5.47286
56.41507,-5.47271
56.41498,-5.47268
56.41487,-5.47265
56.41465,-5.4726
56.41436,-5.4725
56.41414,-5.47242
56.41397,-5.47237
56.41345,-5.47218
56.41329,-5.47212
56.41306,-5.47203
56.41267,-5.47188
56.41259,-5.47192
56.41254,-5.47197
56.41253,-5.47199
56.41234,-5.47224
56.41226,-5.47226
56.41221,-5.47226
56.41218,-5.47226
56.41215,-5.47217
56.41208,-5.472
56.41203,-5.47189
56.41192,-5.47162
56.41177,-5.47128
56.41175,-5.47119
56.41165,-5.47084
56.41153,-5.47062
56.41123,-5.47031
56.41119,-5.47027
56.41101,-5.47009
56.4107,-5.46981
56.41042,-5.46972
56.41038,-5.46971
56.41007,-5.46963
56.40984,-5.46957
56.40973,-5.46954
56.4094,-5.46949
56.40899,-5.46936
56.40894,-5.46935
56.40882,-5.46931
56.40874,-5.46928
56.40854,-5.46921
56.40835,-5.46916
56.40832,-5.46915
56.40824,-5.46912
56.40791,-5.46903
56.40771,-5.46897
56.40762,-5.46895
56.40756,-5.46894
56.40752,-5.46895
56.40746,-5.46898
56.40733,-5.46903
56.40729,-5.46905
56.40722,-5.46908
56.40712,-5.46913
56.40694,-5.46922
56.40657,-5.46944
56.40598,-5.46973
56.40588,-5.46978
56.40531,-5.47011
56.4052,-5.47017
56.40501,-5.47027
56.4048,-5.4704
56.40448,-5.47058
56.40401,-5.47085
56.40368,-5.47105
56.40352,-5.47119
56.40325,-5.47155
56.40318,-5.47166
56.40316,-5.4717
56.40308,-5.47182
56.40295,-5.47199
56.40284,-5.47211
56.40281,-5.47213
56.40242,-5.47243
56.4023,-5.4725
56.40202,-5.47265
56.40187,-5.47272
56.40163,-5.47285
56.40149,-5.47291
56.40135,-5.47295
56.401,-5.47283
56.40077,-5.47269
56.40057,-5.47248
56.40039,-5.47222
56.40024,-5.4719
56.40012,-5.47156
56.40003,-5.47122
56.39997,-5.47091
56.39994,-5.47075
56.39992,-5.47064
56.39987,-5.47048
56.39981,-5.4703
56.39978,-5.47018
56.39966,-5.46996
56.39956,-5.46977
56.39945,-5.46958
56.39935,-5.46941
56.39909,-5.46896
56.39889,-5.4687
56.39874,-5.46853
56.39862,-5.46842
56.39842,-5.46829
56.39829,-5.46825
56.39806,-5.46817
56.39779,-5.4681
56.3974,-5.46802
56.39726,-5.46803
56.39711,-5.46805
56.39686,-5.46816
56.3967,-5.46829
56.3966,-5.46839
56.3965,-5.46851
56.3964,-5.46868
56.39608,-5.46934
56.396,-5.46948
56.3959,-5.46962
56.39579,-5.46972
56.3957,-5.4698
56.39559,-5.46987
56.39543,-5.46993
56.39527,-5.46995
56.39507,-5.46993
56.39491,-5.46989
56.39473,-5.46981
56.39453,-5.46969
56.39428,-5.46946
56.39382,-5.4689
56.39366,-5.4687
56.39354,-5.4685
56.39343,-5.46825
56.39336,-5.46797
56.39332,-5.4677
56.39331,-5.46738
56.39331,-5.46709
56.39332,-5.46679
56.39335,-5.4665
56.39348,-5.46587
56.39351,-5.46567
56.39353,-5.4655
56.39354,-5.46531
56.39352,-5.46507
56.39348,-5.46484
56.39343,-5.46464
56.39309,-5.46358
56.39267,-5.46229
56.39253,-5.46196
56.39241,-5.46171
56.39229,-5.46151
56.39216,-5.46133
56.39203,-5.46117
56.39188,-5.46103
56.39114,-5.46056
56.39031,-5.45999
56.39009,-5.45983
56.38992,-5.45967
56.38979,-5.45953
56.38953,-5.45919
56.38916,-5.45865
56.38901,-5.45846
56.38886,-5.45833
56.38869,-5.45826
56.38852,-5.45826
56.38833,-5.45829
56.38766,-5.45847
56.38737,-5.45854
56.38711,-5.45859
56.38696,-5.45861
56.38679,-5.4586
56.38664,-5.45859
56.38649,-5.45855
56.38607,-5.45839
56.38582,-5.45833
56.38567,-5.45833
56.3855,-5.45833
56.38524,-5.45839
56.38503,-5.45847
56.38483,-5.45858
56.3845,-5.45879
56.38436,-5.45886
56.38422,-5.45892
56.3841,-5.45895
56.38387,-5.45898
56.3836,-5.45897
56.38285,-5.45885
56.38257,-5.4588
56.3821,-5.45874
56.38188,-5.45873
56.38177,-5.45874
56.38166,-5.45877
56.3815,-5.45884
56.38127,-5.45901
56.38081,-5.45936
56.38051,-5.45958
56.38027,-5.45975
56.38007,-5.45986
56.37985,-5.45993
56.37963,-5.45996
56.37946,-5.45997
56.37927,-5.45996
56.37913,-5.45993
56.37898,-5.45983
56.37891,-5.45977
56.37882,-5.45965
56.37851,-5.45918
56.37837,-5.45897
56.37822,-5.4588
56.37784,-5.45839
56.37758,-5.45804
56.3773,-5.45767
56.37722,-5.45753
56.37714,-5.45734
56.37709,-5.45709
56.37708,-5.4569
56.37709,-5.4567
56.37713,-5.4565
56.37716,-5.45634
56.37746,-5.45503
56.37748,-5.45487
56.37749,-5.45463
56.37748,-5.45441
56.37745,-5.45418
56.37741,-5.4539
56.3774,-5.45371
56.3774,-5.45355
56.37741,-5.4534
56.37745,-5.45325
56.37782,-5.45206
56.37786,-5.45191
56.37787,-5.45177
56.37788,-5.45161
56.37787,-5.45146
56.37783,-5.45128
56.37778,-5.45112
56.37771,-5.45097
56.37762,-5.45082
56.37745,-5.45056
56.37731,-5.45034
56.37722,-5.4502
56.37705,-5.4499
56.37691,-5.44956
56.37673,-5.44908
56.37654,-5.44853
56.37642,-5.44814
56.37639,-5.44801
56.37632,-5.4477
56.37625,-5.44724
56.37617,-5.4467
56.37612,-5.44626
56.3761,-5.44592
56.37605,-5.44531
56.37602,-5.44501
56.37599,-5.44481
56.37595,-5.44461
56.37589,-5.44435
56.3756,-5.44349
56.37556,-5.44338
56.37541,-5.44302
56.37527,-5.44267
56.37509,-5.4423
56.37488,-5.44191
56.37457,-5.44137
56.37423,-5.44085
56.37401,-5.44053
56.37378,-5.44025
56.37359,-5.44002
56.37336,-5.43977
56.3732,-5.43959
56.37302,-5.43939
56.37288,-5.43927
56.37228,-5.4387
56.37216,-5.4386
56.37203,-5.43849
56.37192,-5.43843
56.37176,-5.43838
56.37154,-5.43834
56.37073,-5.43826
56.37025,-5.43822
56.3693,-5.43816
56.36869,-5.43815
56.3677,-5.43812
56.36756,-5.43814
56.36742,-5.43818
56.36729,-5.43826
56.36703,-5.43849
56.36665,-5.43886
56.3665,-5.43901
56.36595,-5.43959
56.36534,-5.44024
56.36513,-5.44045
56.36408,-5.44154
56.36322,-5.44244
56.36301,-5.44268
56.36282,-5.44293
56.36264,-5.4432
56.36243,-5.44355
56.36221,-5.44399
56.36202,-5.44444
56.36186,-5.44489
56.36174,-5.44527
56.36168,-5.44549
56.36158,-5.44586
56.36149,-5.44635
56.36141,-5.44693
56.36135,-5.44746
56.36132,-5.44775
56.36115,-5.4498
56.3611,-5.45032
56.36101,-5.45091
56.3609,-5.4515
56.36078,-5.45196
56.36065,-5.45242
56.36052,-5.45285
56.36037,-5.45324
56.36018,-5.45371
56.35999,-5.45408
56.3598,-5.45446
56.35957,-5.45482
56.3593,-5.45522
56.35899,-5.4556
56.35861,-5.45608
56.35842,-5.45634
56.35821,-5.45666
56.35798,-5.45704
56.35778,-5.45744
56.35762,-5.45782
56.3574,-5.45841
56.35724,-5.45892
56.3571,-5.45947
56.35699,-5.46005
56.35689,-5.46063
56.3567,-5.46233
56.3566,-5.46288
56.35646,-5.46334
56.35628,-5.46371
56.35601,-5.46417
56.35552,-5.46485
56.35533,-5.46518
56.35518,-5.4655
56.35443,-5.46743
56.35423,-5.46803
56.35405,-5.46861
56.35386,-5.46932
56.35365,-5.47024
56.35348,-5.47111
56.35288,-5.47427
56.35268,-5.47533
56.35254,-5.47619
56.35247,-5.47671
56.35241,-5.47723
56.35238,-5.47764
56.35236,-5.47795
56.35234,-5.47842
56.35233,-5.47882
56.35234,-5.47958
56.35238,-5.48037
56.35245,-5.48113
56.35251,-5.48164
56.35263,-5.4824
56.35293,-5.48429
56.35298,-5.4847
56.35302,-5.48507
56.35307,-5.48556
56.3531,-5.486
56.35312,-5.48647
56.35313,-5.48695
56.35313,-5.48743
56.35313,-5.48791
56.3531,-5.48853
56.35305,-5.48917
56.35282,-5.49192
56.35272,-5.49314
56.35265,-5.49411
56.35255,-5.49538
56.35249,-5.49587
56.35243,-5.49635
56.35236,-5.49676
56.35228,-5.49717
56.35211,-5.4979
56.35186,-5.49883
56.35166,-5.49942
56.35145,-5.49999
56.3511,-5.50076
56.35089,-5.50116
56.35065,-5.50156
56.3504,-5.50194
56.35012,-5.50233
56.3498,-5.50273
56.34908,-5.50341
56.34859,-5.50386
56.34743,-5.50495
56.34637,-5.5059
56.34621,-5.50607
56.34585,-5.5064
56.34565,-5.50662
56.3452,-5.50723
56.34497,-5.50762
56.34476,-5.50801
56.34448,-5.50856
56.34404,-5.50945
56.34381,-5.50981
56.34351,-5.5102
56.34324,-5.51057
56.34296,-5.511
56.34264,-5.51152
56.34238,-5.51194
56.34216,-5.51227
56.34179,-5.5127
56.34099,-5.51363
56.34051,-5.51417
56.3401,-5.51463
56.33989,-5.51483
56.3397,-5.51496
56.33953,-5.51504
56.33936,-5.51509
56.33921,-5.5151
56.33903,-5.51509
56.33879,-5.51501
56.33852,-5.51484
56.33828,-5.51462
56.33795,-5.51421
56.33723,-5.51332
56.33716,-5.51323
56.33687,-5.51288
56.33671,-5.51273
56.33648,-5.51258
56.33628,-5.51251
56.3361,-5.51247
56.33591,-5.51247
56.33573,-5.51251
56.33555,-5.51259
56.3354,-5.51268
56.33519,-5.51283
56.33445,-5.51339
56.33423,-5.51352
56.33405,-5.51359
56.33385,-5.51363
56.33368,-5.51363
56.33347,-5.51359
56.33329,-5.51352
56.33313,-5.51342
56.33297,-5.51329
56.33281,-5.51311
56.33265,-5.51288
56.33247,-5.51255
56.33234,-5.51229
56.33219,-5.51193
56.33208,-5.51169
56.33177,-5.51115
56.3314,-5.51046
56.33138,-5.51043
56.33109,-5.5099
56.33059,-5.50901
56.33045,-5.50873
56.33036,-5.50848
56.33028,-5.50819
56.33022,-5.50788
56.33018,-5.50763
56.33014,-5.50742
56.33009,-5.50724
56.32998,-5.5069
56.32992,-5.50669
56.32988,-5.50645
56.32983,-5.50598
56.32979,-5.50548
56.32969,-5.50471
56.32965,-5.50443
56.3296,-5.50427
56.32953,-5.50411
56.32934,-5.5038
56.32907,-5.50338
56.32896,-5.50325
56.32885,-5.50319
56.32872,-5.50316
56.32838,-5.50314
56.32825,-5.50311
56.32812,-5.50306
56.32771,-5.5029
56.32745,-5.50278
56.32721,-5.50263
56.3268,-5.50236
56.3266,-5.50221
56.3262,-5.50184
56.32531,-5.50099
56.32487,-5.50053
56.32368,-5.49929
56.32263,-5.49819
56.32223,-5.49777
56.32207,-5.49758
56.32193,-5.49736
56.32174,-5.49703
56.32151,-5.49653
56.32065,-5.49479
56.32039,-5.49426
56.31984,-5.49312
56.31913,-5.49171
56.31885,-5.49117
56.31842,-5.49039
56.31824,-5.49003
56.31788,-5.48925
56.3176,-5.48864
56.31744,-5.48827
56.31732,-5.48794
56.31707,-5.487
56.317,-5.48678
56.3169,-5.48653
56.31655,-5.4857
56.31633,-5.48509
56.31623,-5.48485
56.31614,-5.4847
56.31578,-5.48418
56.3155,-5.48376
56.31468,-5.48242
56.31457,-5.48215
56.31448,-5.48186
56.31427,-5.48107
56.31416,-5.48075
56.31407,-5.48052
56.31396,-5.48033
56.31385,-5.4802
56.3137,-5.48007
56.31317,-5.47974
56.31302,-5.47963
56.31287,-5.47947
56.31217,-5.47873
56.31206,-5.47855
56.31196,-5.4783
56.31188,-5.47799
56.31184,-5.47771
56.31175,-5.47687
56.3116,-5.47559
56.31159,-5.47528
56.31159,-5.47501
56.31161,-5.47468
56.31165,-5.4744
56.31174,-5.474
56.31194,-5.47323
56.31204,-5.47281
56.3121,-5.4725
56.31213,-5.47228
56.31216,-5.47201
56.31216,-5.47171
56.31214,-5.47142
56.3121,-5.4711
56.31202,-5.47072
56.31192,-5.47042
56.31178,-5.47012
56.31161,-5.46987
56.31147,-5.4697
56.31133,-5.46958
56.31116,-5.46947
56.311,-5.46941
56.31066,-5.4693
56.31037,-5.46921
56.31012,-5.46912
56.30977,-5.46894
56.30948,-5.46873
56.30925,-5.46853
56.30899,-5.46828
56.30861,-5.46785
56.30822,-5.46737
56.30805,-5.46722
56.3079,-5.4671
56.30771,-5.46702
56.30751,-5.46699
56.30731,-5.46701
56.3071,-5.4671
56.30688,-5.46727
56.30669,-5.46745
56.30576,-5.4686
56.30564,-5.46875
56.30552,-5.46886
56.30541,-5.46893
56.30527,-5.46901
56.30503,-5.46904
56.30477,-5.46902
56.30456,-5.46898
56.30439,-5.46891
56.30421,-5.4688
56.30406,-5.46862
56.30392,-5.46839
56.30378,-5.46807
56.3033,-5.4669
56.30314,-5.46657
56.30303,-5.46639
56.30291,-5.46625
56.30276,-5.46614
56.3026,-5.46605
56.30222,-5.46589
56.30204,-5.46578
56.30195,-5.46568
56.30186,-5.46552
56.30172,-5.46518
56.30162,-5.46499
56.30152,-5.46483
56.30141,-5.46471
56.30119,-5.46452
56.30097,-5.46434
56.30077,-5.46421
56.30051,-5.46407
56.30029,-5.46391
56.30009,-5.46372
56.29981,-5.46337
56.29965,-5.46324
56.29948,-5.46314
56.29935,-5.46313
56.29919,-5.46314
56.29895,-5.46323
56.29865,-5.46337
56.29851,-5.46348
56.29837,-5.4636
56.29818,-5.46382
56.29805,-5.46395
56.29787,-5.46411
56.2975,-5.46439
56.29732,-5.46454
56.29659,-5.46517
56.29573,-5.46579
56.29541,-5.466
56.29525,-5.46613
56.29509,-5.46631
56.29478,-5.46674
56.29455,-5.46705
56.29433,-5.46731
56.29369,-5.46804
56.29352,-5.46819
56.29336,-5.4683
56.29309,-5.46846
56.29296,-5.46853
56.29284,-5.46855
56.29279,-5.46854
56.29257,-5.46842
56.29247,-5.46838
56.29235,-5.46838
56.29225,-5.46843
56.29214,-5.46854
56.29206,-5.46866
56.29181,-5.46913
56.29157,-5.46953
56.29141,-5.4697
56.29126,-5.46986
56.29103,-5.47004
56.29023,-5.4705
56.28993,-5.47072
56.28966,-5.47098
56.28942,-5.47125
56.28921,-5.47155
56.289,-5.47189
56.28878,-5.4723
56.28825,-5.47352
56.28806,-5.47393
56.28795,-5.47415
56.28777,-5.47442
56.28746,-5.47483
56.28719,-5.47515
56.28698,-5.47537
56.28677,-5.47556
56.2865,-5.47574
56.28615,-5.47597
56.28585,-5.47618
56.28568,-5.47636
56.28557,-5.47653
56.2852,-5.47723
56.28509,-5.47745
56.285,-5.47772
56.28494,-5.47797
56.2848,-5.47855
56.28474,-5.47879
56.28466,-5.47906
56.28454,-5.47933
56.28444,-5.47955
56.28418,-5.48001
56.28408,-5.4802
56.28397,-5.48049
56.28387,-5.48072
56.28376,-5.48091
56.2837,-5.48099
56.28358,-5.48115
56.28324,-5.48157
56.28297,-5.48181
56.2825,-5.48215
56.28154,-5.48283
56.28137,-5.48297
56.28053,-5.48365
56.28022,-5.48388
56.28003,-5.48399
56.27985,-5.48405
56.27951,-5.4841
56.27932,-5.4841
56.27922,-5.48406
56.27912,-5.48399
56.27899,-5.48385
56.2789,-5.48373
56.27879,-5.48354
56.2787,-5.48327
56.27864,-5.48303
56.27851,-5.48218
56.27847,-5.48199
56.27841,-5.48174
56.2783,-5.48144
56.27818,-5.48118
56.27806,-5.48104
56.27793,-5.48094
56.27759,-5.48071
56.27745,-5.48058
56.27734,-5.48042
56.27712,-5.48002
56.27704,-5.4799
56.27696,-5.47982
56.27686,-5.47979
56.27675,-5.47978
56.27655,-5.47979
56.27643,-5.47979
56.27633,-5.47979
56.27625,-5.47977
56.2762,-5.47975
56.2761,-5.47971
56.27602,-5.47965
56.27595,-5.47957
56.27585,-5.47945
56.27501,-5.47808
56.27486,-5.47788
56.27473,-5.47774
56.27461,-5.47765
56.27448,-5.4776
56.27437,-5.47759
56.27424,-5.47762
56.27407,-5.47769
56.2739,-5.47777
56.27371,-5.47783
56.27356,-5.47786
56.27323,-5.47789
56.2731,-5.47793
56.27294,-5.47796
56.27285,-5.478
56.27261,-5.47814
56.27235,-5.47827
56.27202,-5.4784
56.27105,-5.47875
56.27005,-5.47911
56.26944,-5.47932
56.26916,-5.47938
56.26875,-5.47947
56.26861,-5.47946
56.26838,-5.47943
56.26821,-5.47936
56.26803,-5.47933
56.26793,-5.47935
56.26783,-5.4794
56.26759,-5.47959
56.26744,-5.47968
56.2673,-5.47975
56.26714,-5.47975
56.26699,-5.47969
56.26679,-5.47951
56.26648,-5.4792
56.26639,-5.47917
56.26632,-5.4792
56.26612,-5.47932
56.26603,-5.47938
56.26592,-5.47939
56.26567,-5.47933
56.26558,-5.47929
56.26553,-5.47923
56.26543,-5.47907
56.26493,-5.47791
56.26488,-5.47773
56.26486,-5.47756
56.26487,-5.47734
56.26489,-5.47694
56.26488,-5.4767
56.26481,-5.47612
56.26477,-5.4759
56.26475,-5.47583
56.26473,-5.47575
56.26464,-5.47563
56.26454,-5.47553
56.26433,-5.4754
56.26418,-5.47527
56.26404,-5.4751
56.26392,-5.47498
56.26382,-5.47489
56.2637,-5.47485
56.26354,-5.47486
56.26331,-5.47493
56.26318,-5.47495
56.26304,-5.47493
56.26255,-5.47478
56.2621,-5.47459
56.26189,-5.4745
56.26181,-5.47447
56.26159,-5.47437
56.26148,-5.47435
56.26141,-5.47434
56.26135,-5.47435
56.26128,-5.47437
56.26119,-5.47441
56.26108,-5.47447
56.26099,-5.47452
56.26082,-5.47466
56.26068,-5.47473
56.26062,-5.47476
56.26041,-5.47483
56.26003,-5.47503
56.2598,-5.47516
56.25975,-5.47519
56.2596,-5.47528
56.25955,-5.47532
56.25944,-5.47541
56.25931,-5.47552
56.25915,-5.47569
56.25897,-5.47589
56.25816,-5.47685
56.25768,-5.47742
56.25734,-5.47787
56.25712,-5.47817
56.25678,-5.47868
56.25644,-5.47922
56.25598,-5.47995
56.25567,-5.48047
56.25531,-5.4811
56.2552,-5.48132
56.2551,-5.48154
56.25501,-5.48176
56.2549,-5.48207
56.25483,-5.48228
56.25479,-5.48246
56.25476,-5.48262
56.25473,-5.48287
56.25469,-5.48315
56.25464,-5.48343
56.25456,-5.48384
56.25451,-5.48415
56.25449,-5.48445
56.25448,-5.48478
56.25448,-5.48506
56.25451,-5.48536
56.25456,-5.48573
56.25471,-5.48661
56.25484,-5.48755
56.25503,-5.48886
56.25514,-5.48963
56.25516,-5.48986
56.25516,-5.49008
56.25512,-5.49032
56.25506,-5.49069
56.25466,-5.4926
56.25428,-5.49445
56.25426,-5.49466
56.25425,-5.49498
56.25423,-5.49566
56.25421,-5.49611
56.25417,-5.4964
56.25412,-5.49667
56.25404,-5.497
56.25401,-5.49711
56.25397,-5.49722
56.25353,-5.49834
56.25295,-5.49964
56.25278,-5.50001
56.25262,-5.50053
56.25248,-5.501
56.25239,-5.50137
56.25235,-5.50165
56.25231,-5.50212
56.2523,-5.50266
56.25229,-5.50378
56.25228,-5.50422
56.25225,-5.50458
56.25219,-5.50494
56.25209,-5.50527
56.25147,-5.50688
56.25107,-5.50777
56.25023,-5.50996
56.25014,-5.51012
56.25005,-5.51024
56.24994,-5.5103
56.24983,-5.51035
56.24962,-5.51039
56.24936,-5.51042
56.24893,-5.51051
56.24882,-5.51049
56.24871,-5.51045
56.24837,-5.51028
56.24822,-5.51023
56.24804,-5.51023
56.24782,-5.51026
56.24764,-5.51029
56.2474,-5.51038
56.24719,-5.51053
56.24701,-5.51068
56.24678,-5.51094
56.24662,-5.51117
56.24649,-5.51138
56.2464,-5.5116
56.24635,-5.51182
56.24634,-5.51208
56.24634,-5.51231
56.24635,-5.51257
56.24639,-5.51281
56.24646,-5.51304
56.24654,-5.51325
56.24663,-5.51349
56.24668,-5.51371
56.24675,-5.51408
56.24678,-5.5143
56.24679,-5.51446
56.24678,-5.51464
56.24673,-5.51483
56.24665,-5.51507
56.24636,-5.51581
56.24624,-5.51619
56.24612,-5.51665
56.24602,-5.51713
56.24593,-5.51759
56.24586,-5.51798
56.24577,-5.5191
56.24571,-5.5197
56.24565,-5.52018
56.24558,-5.52057
56.24548,-5.52101
56.24535,-5.52148
56.2452,-5.52194
56.24473,-5.52327
56.24453,-5.52395
56.24439,-5.52449
56.2443,-5.52485
56.244,-5.52635
56.24385,-5.52703
56.24377,-5.52754
56.24372,-5.5279
56.2437,-5.52817
56.24367,-5.52864
56.24366,-5.52905
56.24366,-5.52929
56.24366,-5.52942
56.24367,-5.52988
56.24377,-5.53107
56.24381,-5.53161
56.24383,-5.53213
56.24383,-5.53253
56.24381,-5.53299
56.24377,-5.53338
56.24373,-5.53369
56.24365,-5.53406
56.24352,-5.53462
56.24324,-5.53565
56.24298,-5.53659
56.24285,-5.53694
56.24267,-5.53742
56.24242,-5.53793
56.24214,-5.53837
56.24192,-5.53871
56.2414,-5.53933
56.24096,-5.53987
56.24012,-5.5409
56.2397,-5.54141
56.23943,-5.54176
56.23928,-5.54197
56.23913,-5.54221
56.23893,-5.54258
56.23876,-5.54295
56.23859,-5.54338
56.23856,-5.54344
56.23842,-5.54386
56.23833,-5.54418
56.23825,-5.54457
56.23815,-5.54504
56.23809,-5.54541
56.23802,-5.54598
56.23789,-5.54733
56.23783,-5.54777
56.23778,-5.54809
56.23771,-5.54841
56.23761,-5.54876
56.2375,-5.5491
56.23725,-5.54981
56.2368,-5.55095
56.23661,-5.55127
56.23655,-5.55137
56.23644,-5.55162
56.23635,-5.55174
56.23606,-5.55208
56.23587,-5.5523
56.23566,-5.55245
56.23546,-5.55257
56.23527,-5.55262
56.23505,-5.55265
56.23485,-5.55266
56.23466,-5.55262
56.23446,-5.55256
56.23422,-5.55243
56.23398,-5.55228
56.23376,-5.55204
56.23354,-5.55173
56.23318,-5.55117
56.23244,-5.54994
56.23242,-5.54991
56.23207,-5.54929
56.23195,-5.54908
56.23182,-5.54889
56.23164,-5.54864
56.23146,-5.54843
56.23135,-5.54831
56.23117,-5.54817
56.23099,-5.54806
56.23079,-5.54801
56.23058,-5.54797
56.23041,-5.54796
56.23031,-5.54795
56.23002,-5.54798
56.22935,-5.54809
56.22907,-5.54813
56.22887,-5.54814
56.22868,-5.54812
56.22841,-5.54807
56.22801,-5.54792
56.22664,-5.54737
56.22572,-5.54701
56.22383,-5.54625
56.22362,-5.54619
56.2234,-5.54615
56.22317,-5.54613
56.22293,-5.54615
56.22282,-5.54616
56.2218,-5.5463
56.22151,-5.54634
56.22125,-5.54635
56.22101,-5.54632
56.22079,-5.54626
56.2206,-5.54619
56.2204,-5.54608
56.22012,-5.54586
56.2199,-5.54564
56.21967,-5.54537
56.21943,-5.54498
56.21935,-5.54481
56.21923,-5.54457
56.21907,-5.54414
56.21894,-5.5437
56.21884,-5.5433
56.21877,-5.54291
56.21872,-5.54249
56.21869,-5.54206
56.21862,-5.54129
56.21852,-5.54003
56.21841,-5.5385
56.21827,-5.53663
56.21823,-5.53627
56.21819,-5.53597
56.21813,-5.53574
56.21769,-5.53444
56.21759,-5.53414
56.21728,-5.53322
56.21706,-5.5326
56.21666,-5.53143
56.21638,-5.53071
56.21628,-5.53039
56.2162,-5.53008
56.21614,-5.52981
56.21608,-5.5296
56.216,-5.52944
56.21591,-5.52926
56.2157,-5.52891
56.2156,-5.52869
56.21551,-5.52848
56.21541,-5.52818
56.21533,-5.52798
56.21525,-5.52784
56.21518,-5.52773
56.21438,-5.52687
56.21379,-5.52624
56.21371,-5.52612
56.21365,-5.52598
56.21361,-5.52586
56.21358,-5.52571
56.21357,-5.52553
56.21358,-5.52535
56.2136,-5.52518
56.21362,-5.52501
56.21372,-5.52451
56.21376,-5.52423
56.21389,-5.52305
56.2139,-5.52291
56.2139,-5.52281
56.21388,-5.52274
56.21385,-5.52267
56.21379,-5.52264
56.21373,-5.52263
56.2135,-5.52265
56.21337,-5.52263
56.21321,-5.52259
56.21295,-5.52249
56.21268,-5.52242
56.21259,-5.52235
56.21251,-5.52224
56.21243,-5.52208
56.21236,-5.52186
56.21232,-5.52168
56.21231,-5.52155
56.21231,-5.52138
56.21235,-5.52107
56.21234,-5.52091
56.21232,-5.52076
56.21226,-5.52059
56.21219,-5.52044
56.21212,-5.52035
56.21205,-5.5203
56.21148,-5.52015
56.21145,-5.52013
56.21135,-5.52007
56.21115,-5.5199
56.21097,-5.51974
56.21086,-5.5196
56.21078,-5.51944
56.21071,-5.51926
56.21062,-5.51902
56.21057,-5.5189
56.21048,-5.51878
56.21021,-5.5185
56.21013,-5.51838
56.21002,-5.51818
56.20997,-5.51802
56.20992,-5.51793
56.20985,-5.51779
56.20979,-5.5177
56.20967,-5.51756
56.20961,-5.51746
56.20956,-5.51735
56.20952,-5.51723
56.20949,-5.51708
56.20947,-5.51689
56.20935,-5.51583
56.20931,-5.51547
56.20927,-5.51533
56.20924,-5.51525
56.20919,-5.51517
56.20914,-5.51514
56.20906,-5.51511
56.20899,-5.51512
56.2089,-5.51516
56.20867,-5.51529
56.20842,-5.51538
56.20831,-5.51538
56.20819,-5.51536
56.20798,-5.51527
56.20788,-5.51525
56.20779,-5.51527
56.20769,-5.51533
56.20755,-5.51543
56.20747,-5.51549
56.20737,-5.51551
56.2073,-5.51549
56.20723,-5.51542
56.20716,-5.51532
56.20711,-5.51518
56.20705,-5.51499
56.20697,-5.51458
56.20691,-5.51428
56.20687,-5.51411
56.20683,-5.51398
56.20678,-5.51387
56.20671,-5.5138
56.20663,-5.51374
56.20649,-5.51367
56.20633,-5.5136
56.20617,-5.5136
56.20566,-5.51362
56.20545,-5.51363
56.2053,-5.51362
56.20515,-5.51358
56.20502,-5.51352
56.20491,-5.51346
56.2045,-5.51312
56.20431,-5.51293
56.20409,-5.51263
56.20397,-5.51247
56.20386,-5.51235
56.20382,-5.51232
56.20374,-5.51226
56.20364,-5.51221
56.20361,-5.51219
56.20277,-5.51172
56.20172,-5.5111
56.20071,-5.5105
56.20005,-5.51014
56.19988,-5.51001
56.19976,-5.5099
56.19948,-5.50957
56.19937,-5.50946
56.19929,-5.50938
56.19919,-5.50932
56.19906,-5.50928
56.19889,-5.50927
56.19873,-5.50929
56.19861,-5.50935
56.19845,-5.50946
56.19834,-5.50954
56.19823,-5.5096
56.19813,-5.50962
56.19803,-5.50962
56.19795,-5.50959
56.19787,-5.50951
56.1978,-5.5094
56.19773,-5.50925
56.19756,-5.50874
56.19749,-5.50857
56.19743,-5.50843
56.19736,-5.50833
56.19665,-5.50753
56.19646,-5.50731
56.19574,-5.50652
56.19359,-5.50417
56.19342,-5.50399
56.19153,-5.50197
56.19066,-5.50101
56.19058,-5.50091
56.19052,-5.50081
56.19042,-5.50057
56.1903,-5.50018
56.19026,-5.50005
56.19022,-5.49993
56.19013,-5.49965
56.19001,-5.49937
56.18988,-5.49909
56.18973,-5.49887
56.18953,-5.49863
56.18918,-5.49817
56.18909,-5.49804
56.18902,-5.49798
56.18892,-5.49794
56.18883,-5.49793
56.18873,-5.498
56.18866,-5.49809
56.18856,-5.49822
56.18837,-5.4984
56.18807,-5.49865
56.18794,-5.49875
56.18783,-5.49879
56.18765,-5.49881
56.18751,-5.49879
56.18742,-5.49878
56.18732,-5.49873
56.18726,-5.49863
56.18724,-5.4985
56.18725,-5.49832
56.18733,-5.49789
56.18736,-5.49764
56.18737,-5.4975
56.18736,-5.49735
56.18733,-5.49723
56.18729,-5.49713
56.18723,-5.49705
56.18714,-5.49699
56.18701,-5.49692
56.18679,-5.49689
56.18646,-5.49684
56.18626,-5.49683
56.18605,-5.49685
56.18603,-5.49686
56.18577,-5.49693
56.18569,-5.49692
56.18561,-5.49685
56.1855,-5.4967
56.18539,-5.49654
56.18523,-5.49625
56.18516,-5.49609
56.18511,-5.49591
56.18507,-5.49572
56.18506,-5.49555
56.18507,-5.49536
56.18516,-5.4945
56.1852,-5.49408
56.18522,-5.49339
56.18521,-5.49166
56.18521,-5.49157
56.18521,-5.4913
56.18522,-5.4899
56.18521,-5.4893
56.18518,-5.48894
56.18513,-5.48857
56.18498,-5.48778
56.18487,-5.48725
56.1848,-5.48703
56.18466,-5.48671
56.1846,-5.48651
56.18459,-5.48631
56.18459,-5.48604
56.18465,-5.48503
56.18465,-5.48468
56.18464,-5.48426
56.18462,-5.48365
56.18463,-5.48339
56.18465,-5.4829
56.18465,-5.48265
56.18461,-5.48221
56.18458,-5.48198
56.18448,-5.48138
56.18441,-5.48101
56.18437,-5.4806
56.18435,-5.48027
56.18432,-5.47996
56.1843,-5.47977
56.18427,-5.47957
56.18418,-5.47922
56.18414,-5.47904
56.18411,-5.47882
56.1841,-5.47864
56.18411,-5.47841
56.18416,-5.47767
56.18418,-5.47748
56.18436,-5.4766
56.1844,-5.47638
56.18442,-5.47614
56.18444,-5.47575
56.18444,-5.47531
56.18443,-5.47494
56.1844,-5.47461
56.18434,-5.47396
56.18427,-5.47332
56.18422,-5.47296
56.18405,-5.47161
56.18392,-5.47046
56.1839,-5.47016
56.18389,-5.46998
56.18391,-5.46981
56.18396,-5.46968
56.18401,-5.46958
56.18409,-5.4695
56.18416,-5.46945
56.18424,-5.46942
56.18451,-5.46937
56.18465,-5.46931
56.18476,-5.46922
56.18489,-5.46908
56.18531,-5.46843
56.1854,-5.46825
56.18547,-5.46804
56.18558,-5.46762
56.18571,-5.46702
56.18574,-5.46688
56.18574,-5.46671
56.18572,-5.46655
56.18567,-5.46637
56.18558,-5.46617
56.18469,-5.4647
56.18424,-5.46384
56.18401,-5.46344
56.18384,-5.46314
56.18364,-5.4628
56.18346,-5.46252
56.1833,-5.46229
56.18317,-5.46214
56.18305,-5.46201
56.18287,-5.46187
56.18272,-5.46179
56.18244,-5.46171
56.1821,-5.46162
56.18179,-5.46157
56.18158,-5.46155
56.18129,-5.46154
56.18107,-5.46156
56.18091,-5.46162
56.18072,-5.46171
56.18038,-5.46186
56.1802,-5.46192
56.18005,-5.46195
56.17991,-5.46193
56.17968,-5.46186
56.1795,-5.46181
56.17932,-5.46178
56.17915,-5.46179
56.17896,-5.46184
56.17853,-5.46199
56.1781,-5.46214
56.17751,-5.46234
56.1771,-5.46248
56.17684,-5.46252
56.17667,-5.46248
56.17657,-5.46246
56.17645,-5.46243
56.17613,-5.46241
56.17525,-5.4624
56.17491,-5.46241
56.1747,-5.46244
56.17453,-5.46251
56.17436,-5.46261
56.17419,-5.46276
56.17403,-5.4629
56.17364,-5.46328
56.1734,-5.46353
56.17324,-5.46373
56.17304,-5.464
56.17247,-5.46478
56.17234,-5.46499
56.17193,-5.46572
56.17155,-5.46639
56.17143,-5.4666
56.17129,-5.46674
56.17116,-5.46687
56.17108,-5.46695
56.17088,-5.46714
56.17056,-5.46749
56.17009,-5.46799
56.16962,-5.4685
56.16945,-5.46868
56.16934,-5.46877
56.16918,-5.46886
56.16854,-5.46914
56.16797,-5.46945
56.16759,-5.46965
56.16721,-5.46985
56.16704,-5.46991
56.16686,-5.46997
56.16657,-5.47004
56.1663,-5.47011
56.16612,-5.47017
56.16601,-5.47024
56.16585,-5.47035
56.1657,-5.47048
56.16528,-5.47089
56.16475,-5.47139
56.1646,-5.47154
56.16447,-5.47165
56.16434,-5.4717
56.16424,-5.47171
56.16413,-5.47169
56.16383,-5.47155
56.16364,-5.47147
56.16354,-5.47142
56.16348,-5.47135
56.1634,-5.47124
56.16327,-5.47098
56.16318,-5.47079
56.16297,-5.47041
56.16275,-5.47006
56.16262,-5.4699
56.16249,-5.46976
56.16237,-5.46966
56.16226,-5.4696
56.16215,-5.46957
56.16193,-5.46953
56.16163,-5.46949
56.16151,-5.46948
56.16139,-5.46949
56.16122,-5.46951
56.16107,-5.46957
56.16094,-5.46963
56.16077,-5.46977
56.16027,-5.47015
56.16014,-5.47024
56.16002,-5.47029
56.15991,-5.47031
56.15977,-5.47031
56.15956,-5.47026
56.15944,-5.47025
56.15934,-5.47027
56.15924,-5.47032
56.15916,-5.47038
56.15906,-5.47047
56.15885,-5.47073
56.15848,-5.47115
56.15809,-5.47156
56.15791,-5.47179
56.15782,-5.47189
56.15769,-5.47197
56.15758,-5.47204
56.15747,-5.47207
56.15731,-5.47211
56.15719,-5.47215
56.15706,-5.47222
56.15696,-5.4723
56.15687,-5.47239
56.15678,-5.47249
56.15667,-5.47264
56.15656,-5.47278
56.15648,-5.47287
56.15635,-5.47296
56.15619,-5.47306
56.15604,-5.47315
56.15586,-5.47325
56.15572,-5.47337
56.15561,-5.47345
56.15548,-5.47353
56.15506,-5.47377
56.15461,-5.47397
56.15433,-5.47413
56.15418,-5.47425
56.15405,-5.47437
56.15393,-5.47454
56.15383,-5.47469
56.15374,-5.47483
56.15362,-5.47496
56.15329,-5.47521
56.15313,-5.47532
56.15304,-5.47536
56.15294,-5.47539
56.15286,-5.47538
56.15275,-5.47533
56.15262,-5.47525
56.15254,-5.47521
56.15246,-5.47518
56.15236,-5.47515
56.15223,-5.47514
56.15199,-5.47516
56.15168,-5.4752
56.1515,-5.4752
56.15124,-5.47513
56.15118,-5.47511
56.15105,-5.47512
56.15092,-5.47516
56.1508,-5.47525
56.15037,-5.47562
56.14997,-5.47604
56.14956,-5.47646
56.1492,-5.47679
56.14884,-5.47713
56.14855,-5.47742
56.14823,-5.47772
56.14783,-5.47815
56.14766,-5.47834
56.14733,-5.47863
56.14604,-5.47971
56.14589,-5.47983
56.14575,-5.47991
56.14556,-5.47997
56.14473,-5.48016
56.14446,-5.48022
56.14426,-5.48033
56.14405,-5.48047
56.14378,-5.48066
56.1436,-5.48077
56.14334,-5.48091
56.14313,-5.48103
56.14287,-5.48115
56.14243,-5.4814
56.14223,-5.48154
56.14181,-5.48191
56.14084,-5.4828
56.14045,-5.48314
56.13985,-5.4836
56.13958,-5.48377
56.13941,-5.48389
56.13897,-5.48414
56.13855,-5.48437
56.13811,-5.4846
56.13795,-5.4847
56.13791,-5.48472
56.13761,-5.48492
56.13739,-5.48508
56.13694,-5.48545
56.13659,-5.48577
56.13648,-5.48586
56.1362,-5.48607
56.13608,-5.48612
56.13595,-5.48614
56.13569,-5.48612
56.13564,-5.48612
56.1356,-5.48612
56.1355,-5.48612
56.13547,-5.48612
56.13532,-5.48612
56.13513,-5.48615
56.13493,-5.48623
56.13474,-5.48633
56.13454,-5.48646
56.13434,-5.48658
56.13421,-5.48665
56.13411,-5.48667
56.13399,-5.48666
56.13394,-5.48662
56.13382,-5.48651
56.13373,-5.48638
56.13359,-5.48619
56.1335,-5.48606
56.13326,-5.48575
56.1331,-5.48552
56.13307,-5.48548
56.13301,-5.48534
56.13296,-5.48515
56.13282,-5.48463
56.13274,-5.48437
56.13268,-5.4842
56.13259,-5.48401
56.13253,-5.4839
56.13245,-5.48381
56.13237,-5.48378
56.13227,-5.48378
56.13204,-5.48385
56.13177,-5.48401
56.13161,-5.48415
56.13139,-5.48438
56.13087,-5.48494
56.13046,-5.48537
56.13018,-5.48564
56.12989,-5.48587
56.12909,-5.48633
56.12841,-5.48675
56.1276,-5.4873
56.12708,-5.48766
56.12654,-5.48799
56.12587,-5.48843
56.12568,-5.48855
56.12538,-5.48879
56.12513,-5.48899
56.12486,-5.48924
56.1238,-5.49035
56.12288,-5.49131
56.12241,-5.49186
56.12228,-5.49198
56.12213,-5.49209
56.12196,-5.49218
56.12177,-5.49223
56.12158,-5.49223
56.12132,-5.49218
56.12097,-5.49208
56.12065,-5.49203
56.12037,-5.49199
56.11873,-5.49181
56.11813,-5.49173
56.11797,-5.49167
56.1178,-5.49159
56.11761,-5.49144
56.11747,-5.49129
56.11732,-5.4911
56.11716,-5.49085
56.11689,-5.49043
56.11662,-5.48989
56.1165,-5.48957
56.11612,-5.48842
56.11594,-5.48796
56.11577,-5.48762
56.11573,-5.48754
56.11561,-5.48732
56.11546,-5.48709
56.11494,-5.48646
56.11489,-5.48638
56.11446,-5.48584
56.11339,-5.48437
56.1132,-5.4841
56.11302,-5.48388
56.11276,-5.48364
56.11253,-5.48343
56.11205,-5.48298
56.11143,-5.48242
56.11086,-5.48191
56.11022,-5.48135
56.10918,-5.48042
56.10899,-5.48025
56.10877,-5.48006
56.10799,-5.4794
56.1074,-5.47883
56.1069,-5.47835
56.10667,-5.47816
56.10641,-5.47797
56.10619,-5.47784
56.10591,-5.47769
56.10539,-5.47744
56.10512,-5.4773
56.10485,-5.47712
56.10437,-5.4767
56.10424,-5.47663
56.10409,-5.47658
56.10388,-5.47656
56.10358,-5.4766
56.10328,-5.47666
56.10261,-5.47684
56.10211,-5.47689
56.10167,-5.47687
56.10129,-5.47683
56.10093,-5.47671
56.10052,-5.47653
56.1001,-5.47634
56.09935,-5.47602
56.09931,-5.476
56.09922,-5.47597
56.09888,-5.47584
56.09795,-5.47544
56.09689,-5.47501
56.09645,-5.47483
56.09498,-5.47423
56.09389,-5.47379
56.0935,-5.47361
56.09323,-5.47346
56.09278,-5.47316
56.09242,-5.47285
56.09199,-5.47244
56.09164,-5.47205
56.09072,-5.47098
56.08975,-5.46985
56.08871,-5.4686
56.08842,-5.46824
56.08825,-5.46796
56.08758,-5.4666
56.08684,-5.46513
56.08634,-5.46415
56.08473,-5.46101
56.08459,-5.46071
56.08398,-5.45914
56.08294,-5.45643
56.08265,-5.45568
56.08256,-5.45542
56.08246,-5.4552
56.08231,-5.45489
56.08212,-5.45454
56.08192,-5.45423
56.08169,-5.45391
56.08144,-5.45363
56.08122,-5.4534
56.08097,-5.4532
56.0808,-5.45309
56.08059,-5.45298
56.08026,-5.45283
56.07991,-5.45274
56.07964,-5.45272
56.07903,-5.4527
56.07887,-5.4527
56.07836,-5.45268
56.07827,-5.45268
56.07804,-5.45268
56.07763,-5.45272
56.07738,-5.4528
56.07717,-5.45289
56.07687,-5.45305
56.07657,-5.45327
56.07636,-5.45345
56.07614,-5.45365
56.07603,-5.45379
56.07589,-5.45399
56.07551,-5.45454
56.07527,-5.45487
56.07503,-5.4552
56.07479,-5.45549
56.07465,-5.45564
56.07449,-5.4558
56.07426,-5.45602
56.07399,-5.45623
56.07372,-5.45641
56.07346,-5.45657
56.07258,-5.45699
56.07229,-5.45717
56.07206,-5.45735
56.0718,-5.4576
56.07157,-5.45786
56.07133,-5.45817
56.07125,-5.4583
56.07115,-5.45847
56.07091,-5.45889
56.07045,-5.45988
56.0701,-5.46058
56.0699,-5.46092
56.06983,-5.46104
56.06971,-5.46122
56.06945,-5.46153
56.06916,-5.46183
56.06879,-5.46216
56.06782,-5.463
56.06674,-5.46395
56.06603,-5.46456
56.06576,-5.46476
56.06552,-5.46489
56.06511,-5.46507
56.0641,-5.46549
56.06331,-5.46584
56.06301,-5.46599
56.06284,-5.46608
56.06262,-5.46626
56.06181,-5.467
56.06151,-5.46727
56.06131,-5.46744
56.06115,-5.46754
56.06103,-5.46759
56.06092,-5.4676
56.06082,-5.46758
56.06066,-5.46752
56.06036,-5.46733
56.06016,-5.46714
56.06009,-5.46706
56.06003,-5.46696
56.0599,-5.46669
56.05967,-5.46598
56.05901,-5.46371
56.0585,-5.46198
56.05823,-5.46109
56.05815,-5.46088
56.05807,-5.4607
56.05794,-5.4605
56.05728,-5.45951
56.05636,-5.45823
56.05527,-5.45668
56.05407,-5.455
56.05351,-5.45422
56.05333,-5.45393
56.05318,-5.45367
56.05215,-5.45161
56.05114,-5.44961
56.05102,-5.44936
56.05091,-5.44915
56.05076,-5.44888
56.05065,-5.44871
56.05053,-5.44854
56.05014,-5.44805
56.04955,-5.44738
56.0489,-5.44665
56.04847,-5.44618
56.04804,-5.44576
56.048,-5.44573
56.04783,-5.44557
56.04706,-5.44484
56.04664,-5.44445
56.046,-5.44383
56.04543,-5.44331
56.04519,-5.44307
56.04443,-5.44236
56.04425,-5.4422
56.04411,-5.44208
56.04374,-5.44175
56.04324,-5.44131
56.04293,-5.44103
56.04269,-5.44083
56.04259,-5.44076
56.04246,-5.44068
56.04225,-5.44058
56.04215,-5.44053
56.04179,-5.44039
56.04132,-5.44025
56.04106,-5.44019
56.04083,-5.44017
56.04063,-5.44017
56.04032,-5.44024
56.04006,-5.44031
56.0398,-5.44043
56.03873,-5.44108
56.03828,-5.44134
56.03797,-5.4415
56.03779,-5.44158
56.03769,-5.44156
56.03761,-5.44155
56.03749,-5.44148
56.03749,-5.4414
56.03748,-5.44134
56.03746,-5.44121
56.03745,-5.44103
56.03745,-5.44084
56.03746,-5.44059
56.03746,-5.44043
56.03745,-5.44024
56.03743,-5.44004
56.03732,-5.4393
56.03715,-5.43815
56.03707,-5.43761
56.03701,-5.43722
56.03694,-5.43676
56.03688,-5.4364
56.03684,-5.43612
56.03683,-5.436
56.03682,-5.43586
56.03673,-5.435
56.03659,-5.43372
56.03659,-5.43364
56.03658,-5.43353
56.03661,-5.43336
56.03657,-5.43323
56.03654,-5.433
56.0365,-5.43286
56.03648,-5.43275
56.03642,-5.43258
56.03628,-5.43227
56.03626,-5.43223
56.0358,-5.43119
56.03536,-5.43026
56.03515,-5.42981
56.03505,-5.42957
56.03495,-5.42937
56.03481,-5.4292
56.03469,-5.4291
56.03451,-5.42907
56.03448,-5.42927
56.03443,-5.42945
56.03433,-5.42965
56.03414,-5.42998
56.03403,-5.43019
56.0339,-5.43042
56.0338,-5.43049
56.03363,-5.43058
56.0335,-5.43063
56.03332,-5.43066
56.03262,-5.43073
56.03211,-5.43077
56.03174,-5.43081
56.03107,-5.43087
56.03073,-5.43091
56.03046,-5.43093
56.03014,-5.43088
56.0293,-5.43076
56.02877,-5.4307
56.02861,-5.43068
56.02817,-5.43063
56.02797,-5.43059
56.02789,-5.43057
56.02751,-5.43042
56.02712,-5.43028
56.0269,-5.43019
56.02653,-5.43006
56.026,-5.4299
56.02569,-5.42976
56.02543,-5.42963
56.02519,-5.42945
56.02506,-5.42931
56.02493,-5.42899
56.02491,-5.42888
56.02489,-5.42882
56.02486,-5.42878
56.02484,-5.42876
56.0248,-5.42875
56.02474,-5.42877
56.02447,-5.42879
56.02436,-5.42876
56.02424,-5.4287
56.02404,-5.42853
56.02386,-5.42833
56.02354,-5.42792
56.0233,-5.42758
56.0229,-5.42697
56.02254,-5.42646
56.02243,-5.4263
56.0222,-5.42599
56.02181,-5.42551
56.02157,-5.42524
56.02134,-5.42499
56.02115,-5.42481
56.02082,-5.42453
56.02055,-5.42431
56.0203,-5.42416
56.02013,-5.42406
56.01999,-5.424
56.01962,-5.42388
56.0193,-5.42383
56.01893,-5.42379
56.01871,-5.42376
56.01845,-5.42368
56.01826,-5.4236
56.0181,-5.42351
56.01792,-5.4234
56.01778,-5.42332
56.01751,-5.42311
56.01713,-5.42279
56.01696,-5.42263
56.01602,-5.42178
56.01502,-5.42073
56.01453,-5.42018
56.01361,-5.41915
56.01314,-5.41845
56.01276,-5.41773
56.01229,-5.41636
56.01197,-5.41493
56.01189,-5.41418
56.01186,-5.41327
56.0119,-5.41227
56.012,-5.41097
56.01221,-5.40819
56.01224,-5.40789
56.01229,-5.40756
56.01237,-5.40704
56.01242,-5.40654
56.01244,-5.40605
56.01244,-5.40539
56.01237,-5.40417
56.01236,-5.40367
56.01244,-5.40304
56.01259,-5.40255
56.01324,-5.401
56.01377,-5.39947
56.01405,-5.39895
56.0142,-5.39851
56.01433,-5.39805
56.01452,-5.3972
56.01509,-5.39454
56.01534,-5.39357
56.01556,-5.39218
56.01578,-5.39035
56.01589,-5.38869
56.01597,-5.38663
56.01601,-5.3855
56.01618,-5.37978
56.0162,-5.37883
56.01625,-5.37622
56.01625,-5.37617
56.01622,-5.37316
56.01622,-5.37255
56.01631,-5.37186
56.01647,-5.37133
56.01672,-5.37074
56.01725,-5.37001
56.01805,-5.36917
56.01852,-5.36869
56.01894,-5.36808
56.01926,-5.36782
56.01961,-5.36766
56.02014,-5.36756
56.02024,-5.36755
56.02104,-5.3673
56.02169,-5.36733
56.02189,-5.36726
56.02212,-5.36713
56.02235,-5.36674
56.02247,-5.36637
56.02272,-5.36534
56.02289,-5.36491
56.02307,-5.36457
56.02325,-5.36431
56.02344,-5.36413
56.02366,-5.36396
56.02389,-5.36387
56.02524,-5.36353
56.02564,-5.36326
56.02588,-5.36298
56.0261,-5.36266
56.0266,-5.36169
56.02678,-5.36135
56.02691,-5.36109
56.02754,-5.36011
56.02786,-5.35976
56.02828,-5.35949
56.02855,-5.35939
56.02881,-5.35924
56.02905,-5.35907
56.02925,-5.35889
56.02944,-5.35869
56.02973,-5.35831
56.03053,-5.35709
56.03126,-5.35601
56.03162,-5.35564
56.03271,-5.35494
56.03499,-5.35291
56.0364,-5.35164
56.03707,-5.35104
56.03812,-5.3502
56.03856,-5.34958
56.03995,-5.34749
56.04089,-5.3458
56.04137,-5.34521
56.04192,-5.3448
56.04356,-5.34418
56.04449,-5.34397
56.04616,-5.34359
56.04644,-5.3438
56.04692,-5.34433
56.04722,-5.34476
56.04759,-5.34543
56.04801,-5.34593
56.04847,-5.34607
56.04905,-5.34593
56.04946,-5.34609
56.0502,-5.34661
56.05042,-5.34669
56.05071,-5.34681
56.0514,-5.34681
56.0521,-5.34629
56.0533,-5.34539
56.05449,-5.3445
56.05508,-5.34404
56.05543,-5.34364
56.05553,-5.3435
56.05591,-5.3428
56.05644,-5.34169
56.05662,-5.34135
56.05678,-5.34108
56.05693,-5.34088
56.05711,-5.34076
56.05724,-5.34072
56.05928,-5.3402
56.05979,-5.34009
56.06039,-5.33997
56.06068,-5.33985
56.0611,-5.33958
56.06131,-5.33938
56.06149,-5.3392
56.06175,-5.33893
56.06184,-5.33883
56.06257,-5.33821
56.06263,-5.33817
56.06289,-5.33801
56.06321,-5.33779
56.06329,-5.33774
56.06375,-5.3375
56.06404,-5.33733
56.06427,-5.33721
56.06475,-5.33696
56.06506,-5.3369
56.06541,-5.33683
56.06577,-5.33703
56.06605,-5.33719
56.06636,-5.33725
56.06666,-5.33715
56.06825,-5.33624
56.06934,-5.33549
56.07029,-5.33476
56.07058,-5.33448
56.0711,-5.33382
56.07142,-5.33322
56.07198,-5.33198
56.07219,-5.33125
56.07278,-5.32889
56.07301,-5.32788
56.07313,-5.32738
56.07388,-5.32416
56.0752,-5.31848
56.07549,-5.31732
56.07584,-5.31622
56.07675,-5.31387
56.07785,-5.31108
56.0787,-5.30892
56.07919,-5.30771
56.08016,-5.30532
56.08061,-5.30413
56.08087,-5.3026
56.08111,-5.30098
56.08139,-5.29969
56.08166,-5.29909
56.08224,-5.29819
56.08269,-5.29764
56.08351,-5.29679
56.08419,-5.29598
56.08461,-5.29558
56.08525,-5.29522
56.08581,-5.29515
56.08608,-5.29511
56.08641,-5.29506
56.08757,-5.2941
56.08844,-5.2933
56.08927,-5.29267
56.08987,-5.29255
56.0903,-5.29275
56.09075,-5.29324
56.0913,-5.29371
56.09167,-5.29384
56.09199,-5.29379
56.09252,-5.29337
56.09314,-5.29258
56.09383,-5.29167
56.09436,-5.29066
56.09523,-5.28872
56.09618,-5.28632
56.09673,-5.28488
56.09766,-5.28246
56.0983,-5.28106
56.09889,-5.27994
56.09895,-5.27984
56.09924,-5.27929
56.09974,-5.27839
56.10001,-5.27796
56.10049,-5.27722
56.10146,-5.27535
56.1019,-5.27439
56.10207,-5.27391
56.10234,-5.27271
56.10262,-5.27141
56.10298,-5.27047
56.10351,-5.27002
56.10412,-5.26979
56.10542,-5.26986
56.10583,-5.26974
56.10594,-5.26961
56.10621,-5.2693
56.10682,-5.26792
56.1073,-5.26678
56.10794,-5.26525
56.10864,-5.26353
56.10927,-5.26259
56.1103,-5.26073
56.11068,-5.2601
56.11114,-5.25954
56.11185,-5.25893
56.11231,-5.25854
56.11268,-5.25807
56.11302,-5.25745
56.114,-5.25605
56.11435,-5.25548
56.11438,-5.25543
56.11466,-5.25493
56.11492,-5.2544
56.11516,-5.25389
56.11519,-5.25383
56.11525,-5.25367
56.11539,-5.25337
56.1156,-5.25294
56.11574,-5.25266
56.11585,-5.2525
56.116,-5.25232
56.11614,-5.25222
56.11617,-5.2522
56.11659,-5.25197
56.11668,-5.25193
56.11693,-5.25169
56.11725,-5.25126
56.11766,-5.25073
56.11799,-5.25024
56.11868,-5.2489
56.11884,-5.24871
56.11893,-5.2486
56.11943,-5.2481
56.11971,-5.2478
56.11999,-5.24751
56.12012,-5.24739
56.12023,-5.2473
56.1204,-5.24717
56.12057,-5.24706
56.12099,-5.24683
56.12115,-5.24673
56.12131,-5.24663
56.12143,-5.24651
56.12158,-5.24635
56.12173,-5.24618
56.122,-5.24587
56.12248,-5.24535
56.12285,-5.2449
56.12311,-5.24448
56.1234,-5.24401
56.12379,-5.2434
56.12393,-5.24317
56.12404,-5.24296
56.1241,-5.24279
56.12418,-5.24253
56.1243,-5.24206
56.12442,-5.24167
56.12455,-5.24135
56.12471,-5.24103
56.12507,-5.24041
56.12527,-5.24005
56.12544,-5.23976
56.12551,-5.23964
56.12567,-5.23938
56.12586,-5.23911
56.1261,-5.23886
56.12639,-5.23864
56.12646,-5.23858
56.12665,-5.23843
56.12701,-5.23818
56.12735,-5.23798
56.12778,-5.23769
56.12796,-5.23755
56.12817,-5.23733
56.12836,-5.23703
56.12861,-5.23657
56.12884,-5.23612
56.12899,-5.23575
56.12901,-5.2357
56.12912,-5.2354
56.12932,-5.23483
56.12959,-5.23407
56.12985,-5.23336
56.13028,-5.2323
56.13092,-5.23066
56.13106,-5.23039
56.13123,-5.2301
56.13141,-5.22979
56.13183,-5.22908
56.13224,-5.22837
56.1324,-5.22811
56.13257,-5.22777
56.13276,-5.22738
56.13298,-5.22687
56.13318,-5.22633
56.13376,-5.22469
56.13405,-5.22389
56.13423,-5.22345
56.13437,-5.22316
56.13455,-5.22284
56.13477,-5.22248
56.13497,-5.22226
56.13559,-5.22161
56.13578,-5.22138
56.13605,-5.22101
56.13634,-5.22058
56.13653,-5.22024
56.1367,-5.21991
56.13697,-5.21929
56.1372,-5.2188
56.13758,-5.21815
56.13802,-5.21747
56.1382,-5.2172
56.13838,-5.21694
56.13904,-5.21602
56.13918,-5.21577
56.13934,-5.21539
56.13953,-5.21478
56.13992,-5.21352
56.14014,-5.21285
56.14017,-5.21276
56.14057,-5.21166
56.14111,-5.21016
56.14131,-5.20969
56.14146,-5.20936
56.14159,-5.20912
56.14176,-5.20891
56.14195,-5.20873
56.14218,-5.20853
56.1424,-5.20834
56.14272,-5.20806
56.14331,-5.20743
56.14354,-5.20717
56.14375,-5.20679
56.14394,-5.20638
56.14417,-5.20582
56.14495,-5.20387
56.14524,-5.20302
56.14541,-5.20263
56.14564,-5.20208
56.14596,-5.20138
56.14615,-5.20102
56.14641,-5.20052
56.14673,-5.19999
56.14698,-5.19962
56.1472,-5.19928
56.1474,-5.19891
56.14754,-5.19853
56.14775,-5.19758
56.14783,-5.19724
56.14796,-5.19678
56.14816,-5.1962
56.14842,-5.19558
56.14862,-5.19517
56.14878,-5.1949
56.14928,-5.19413
56.14948,-5.19378
56.14968,-5.19335
56.14988,-5.19286
56.15003,-5.19241
56.15014,-5.19195
56.15019,-5.19175
56.15029,-5.19107
56.15033,-5.19058
56.1504,-5.18999
56.15051,-5.18947
56.1507,-5.18878
56.15087,-5.18826
56.15124,-5.1871
56.15134,-5.18671
56.15164,-5.18573
56.15179,-5.1854
56.15194,-5.18518
56.15209,-5.18503
56.15226,-5.18491
56.15248,-5.1848
56.15303,-5.18465
56.1534,-5.18452
56.15444,-5.18414
56.15448,-5.18413
56.15479,-5.1841
56.15504,-5.18411
56.15522,-5.18421
56.1557,-5.18459
56.15588,-5.18473
56.15608,-5.18479
56.15625,-5.18479
56.15646,-5.18473
56.15689,-5.1844
56.1571,-5.18428
56.15728,-5.18425
56.15749,-5.18429
56.15767,-5.18437
56.15797,-5.18463
56.15832,-5.18501
56.1587,-5.18551
56.15902,-5.1858
56.15973,-5.18601
56.16036,-5.18625
56.16053,-5.18628
56.1607,-5.18625
56.16095,-5.18616
56.16144,-5.18588
56.16185,-5.18562
56.16249,-5.18513
56.16302,-5.18466
56.16367,-5.18412
56.16388,-5.18395
56.16403,-5.18384
56.16417,-5.18376
56.16434,-5.18371
56.16455,-5.18367
56.16478,-5.18367
56.1653,-5.18379
56.16751,-5.18433
56.16778,-5.18433
56.16809,-5.18428
56.16836,-5.18418
56.16854,-5.18408
56.16894,-5.18378
56.16943,-5.18326
56.16956,-5.18317
56.16972,-5.18308
56.16988,-5.18303
56.17012,-5.18301
56.17093,-5.18325
56.17127,-5.18331
56.17152,-5.18336
56.17172,-5.18336
56.17193,-5.1833
56.17252,-5.18301
56.17347,-5.18246
56.17368,-5.18231
56.17392,-5.18208
56.17419,-5.18174
56.17491,-5.18069
56.17558,-5.17967
56.17603,-5.17916
56.17637,-5.17888
56.177,-5.17845
56.17804,-5.1778
56.17865,-5.1775
56.17922,-5.17729
56.17931,-5.17724
56.17961,-5.1771
56.17981,-5.17697
56.18024,-5.1766
56.18044,-5.17636
56.18066,-5.17604
56.18094,-5.17559
56.18146,-5.17465
56.18191,-5.17372
56.18291,-5.17109
56.18338,-5.16981
56.18363,-5.16899
56.18396,-5.16773
56.1841,-5.16723
56.18422,-5.16686
56.18442,-5.16635
56.18462,-5.16596
56.18552,-5.16426
56.18648,-5.16236
56.18715,-5.16079
56.18777,-5.15924
56.18911,-5.15641
56.18959,-5.1552
56.18988,-5.15295
56.19003,-5.15151
56.19015,-5.15043
56.19021,-5.14944
56.19022,-5.14825
56.1902,-5.14716
56.19022,-5.14671
56.19027,-5.14628
56.19036,-5.14586
56.19049,-5.14542
56.19067,-5.14496
56.19095,-5.1445
56.19116,-5.14418
56.19171,-5.14336
56.19241,-5.14242
56.19257,-5.14224
56.19326,-5.14163
56.19362,-5.14127
56.19381,-5.14102
56.19397,-5.14081
56.19415,-5.14049
56.19465,-5.13954
56.19513,-5.13857
56.19528,-5.13808
56.19542,-5.1377
56.19552,-5.13726
56.19561,-5.13673
56.1958,-5.1347
56.19587,-5.13415
56.19595,-5.13364
56.19608,-5.13302
56.19621,-5.13252
56.19654,-5.13162
56.19719,-5.1299
56.19839,-5.12674
56.19853,-5.12627
56.19864,-5.12574
56.19872,-5.12531
56.19901,-5.12351
56.19934,-5.12154
56.1994,-5.12125
56.19947,-5.12098
56.19959,-5.12063
56.19984,-5.12
56.19995,-5.1197
56.20006,-5.11925
56.20067,-5.11595
56.20111,-5.11364
56.20144,-5.11193
56.2017,-5.11081
56.20235,-5.1094
56.20262,-5.10882
56.20361,-5.10702
56.20374,-5.10678
56.20466,-5.1059
56.20559,-5.105
56.20668,-5.10413
56.20722,-5.10393
56.20821,-5.1038
56.2086,-5.10357
56.20908,-5.10306
56.20969,-5.10215
56.21052,-5.10068
56.21092,-5.09978
56.21129,-5.09885
56.21157,-5.09809
56.21197,-5.09689
56.21227,-5.09605
56.21262,-5.09517
56.213,-5.09447
56.21348,-5.0938
56.21392,-5.09325
56.214,-5.09315
56.21432,-5.09292
56.21551,-5.09215
56.21649,-5.09152
56.21717,-5.09106
56.21759,-5.09077
56.21796,-5.09051
56.21819,-5.09016
56.2185,-5.08965
56.21904,-5.0888
56.21939,-5.08822
56.21951,-5.08802
56.21966,-5.0877
56.21978,-5.08737
56.21988,-5.087
56.21999,-5.08646
56.22004,-5.08604
56.22007,-5.08558
56.22008,-5.08475
56.22012,-5.08426
56.22021,-5.08387
56.22033,-5.08354
56.22048,-5.08325
56.22073,-5.08295
56.22132,-5.08242
56.22188,-5.08191
56.22208,-5.08165
56.22224,-5.08129
56.22259,-5.08006
56.22267,-5.07975
56.22295,-5.07878
56.22302,-5.07854
56.22312,-5.07833
56.22325,-5.07815
56.2234,-5.07804
56.22355,-5.07794
56.22369,-5.07792
56.22403,-5.07792
56.22413,-5.07791
56.22428,-5.0778
56.22438,-5.07768
56.22455,-5.07736
56.22469,-5.07715
56.22487,-5.077
56.22504,-5.07692
56.22529,-5.0769
56.22559,-5.07689
56.22617,-5.07674
56.22726,-5.07644
56.22752,-5.07638
56.22771,-5.0763
56.22791,-5.07617
56.22814,-5.076
56.22836,-5.07572
56.22851,-5.07553
56.22872,-5.07519
56.22897,-5.07475
56.2292,-5.07432
56.22935,-5.07403
56.2294,-5.07396
56.22988,-5.07354
56.22998,-5.0736
56.23004,-5.07362
56.23008,-5.07362
56.2302,-5.07357
56.2303,-5.07346
56.23035,-5.07327
56.2304,-5.07309
56.23041,-5.07306
56.23123,-5.0723
56.23127,-5.07229
56.23131,-5.07229
56.23135,-5.07232
56.23138,-5.07236
56.23141,-5.07242
56.23145,-5.07253
56.23154,-5.07283
56.23167,-5.07323
56.23178,-5.07347
56.23194,-5.07371
56.23205,-5.07383
56.2322,-5.07388
56.23241,-5.07382
56.23263,-5.07376
56.2328,-5.07372
56.23315,-5.07359
56.23351,-5.07348
56.23374,-5.07337
56.23415,-5.07304
56.23457,-5.07252
56.23489,-5.07198
56.23539,-5.07102
56.23566,-5.0705
56.23616,-5.06939
56.23673,-5.06818
56.2369,-5.06781
56.23717,-5.06725
56.23743,-5.06673
56.23755,-5.06658
56.23772,-5.0664
56.23823,-5.06596
56.2384,-5.06576
56.23858,-5.06551
56.23895,-5.06483
56.23923,-5.06424
56.23952,-5.06371
56.23975,-5.06334
56.24016,-5.06284
56.24047,-5.06241
56.24083,-5.0618
56.24126,-5.06103
56.24147,-5.06068
56.24181,-5.06022
56.24221,-5.05972
56.24315,-5.05852
56.24333,-5.05834
56.24341,-5.05825
56.24365,-5.05803
56.24394,-5.05783
56.24414,-5.05771
56.24427,-5.0576
56.24441,-5.05738
56.24461,-5.05703
56.24479,-5.05673
56.24511,-5.05625
56.24542,-5.05578
56.24599,-5.05492
56.24615,-5.05468
56.24631,-5.05447
56.2465,-5.05423
56.24667,-5.05397
56.2469,-5.05362
56.24708,-5.05331
56.24725,-5.053
56.24735,-5.05279
56.24745,-5.05256
56.24752,-5.05239
56.24759,-5.0522
56.24765,-5.05198
56.24772,-5.05173
56.24779,-5.05147
56.24784,-5.05119
56.2479,-5.05086
56.24794,-5.05051
56.24796,-5.05018
56.24798,-5.04984
56.24798,-5.0496
56.24798,-5.04933
56.24796,-5.04909
56.24794,-5.04882
56.2479,-5.04844
56.24784,-5.04809
56.24779,-5.04783
56.24772,-5.04757
56.24765,-5.04731
56.24755,-5.04702
56.24743,-5.04669
56.2473,-5.0464
56.24719,-5.0462
56.24708,-5.04602
56.247,-5.04588
56.2469,-5.04575
56.24678,-5.0456
56.24667,-5.04546
56.24657,-5.04536
56.24647,-5.04527
56.24634,-5.04516
56.24619,-5.04505
56.24601,-5.04495
56.2458,-5.04485
56.2457,-5.04481
56.2455,-5.04477
56.2453,-5.04475
56.24499,-5.04471
56.24469,-5.04475
56.24395,-5.04504
56.24371,-5.04513
56.24281,-5.04549
56.24229,-5.04565
56.24174,-5.0459
56.24113,-5.04609
56.24056,-5.04627
56.23943,-5.04648
56.23899,-5.04658
56.23861,-5.04659
56.2381,-5.04665
56.2373,-5.04682
56.2366,-5.04693
56.23619,-5.04693
56.23521,-5.04674
56.23481,-5.04663
56.23445,-5.04646
56.23427,-5.04632
56.23414,-5.04613
56.23406,-5.04587
56.234,-5.04562
56.23394,-5.04528
56.23392,-5.04492
56.23399,-5.04429
56.23412,-5.04328
56.23441,-5.04074
56.2345,-5.04018
56.23478,-5.03888
56.2351,-5.03748
56.23544,-5.03604
56.23578,-5.03467
56.23703,-5.0313
56.23837,-5.0275
56.23977,-5.02379
56.24015,-5.02249
56.24022,-5.02173
56.24031,-5.02032
56.24071,-5.01804
56.24117,-5.01601
56.24178,-5.0133
56.24228,-5.01138
56.24264,-5.01011
56.24283,-5.00923
56.24305,-5.00767
56.24322,-5.00592
56.24328,-5.00251
56.24352,-4.99919
56.24359,-4.99814
56.24362,-4.9975
56.24371,-4.9964
56.24378,-4.99593
56.24382,-4.99571
56.24388,-4.99538
56.24428,-4.99418
56.24498,-4.99187
56.24509,-4.99159
56.24517,-4.99136
56.24529,-4.99106
56.24537,-4.99078
56.2455,-4.99028
56.24571,-4.98958
56.24641,-4.98812
56.24678,-4.98736
56.24715,-4.98652
56.24773,-4.98506
56.24834,-4.98337
56.249,-4.98175
56.24945,-4.98072
56.24964,-4.98025
56.24995,-4.97977
56.2507,-4.97884
56.25101,-4.97837
56.25134,-4.97777
56.25234,-4.97535
56.25333,-4.97298
56.25391,-4.97141
56.25411,-4.97084
56.25434,-4.97025
56.25459,-4.96966
56.25495,-4.96893
56.25509,-4.96854
56.25521,-4.9682
56.25532,-4.96778
56.25543,-4.96716
56.25561,-4.96615
56.25573,-4.96544
56.25585,-4.96495
56.25597,-4.96455
56.25618,-4.96401
56.25637,-4.96347
56.2566,-4.96287
56.25697,-4.96186
56.25712,-4.96139
56.2572,-4.96104
56.25726,-4.96068
56.2573,-4.96026
56.25739,-4.95949
56.25753,-4.95865
56.25767,-4.95786
56.25778,-4.9571
56.25788,-4.95618
56.25808,-4.95436
56.25825,-4.95311
56.25847,-4.95174
56.25858,-4.95108
56.25869,-4.95048
56.25883,-4.95001
56.25892,-4.94973
56.25905,-4.94944
56.25948,-4.94867
56.25983,-4.94799
56.2601,-4.9475
56.26026,-4.94721
56.26136,-4.94513
56.26204,-4.94377
56.26249,-4.94283
56.26275,-4.94229
56.26289,-4.94204
56.26306,-4.9418
56.26326,-4.94159
56.26355,-4.94127
56.26375,-4.941
56.26393,-4.94072
56.26421,-4.94023
56.26449,-4.9398
56.26463,-4.93957
56.26502,-4.93903
56.26624,-4.93737
56.26653,-4.93699
56.26725,-4.936
56.26794,-4.93504
56.26871,-4.9338
56.26883,-4.93361
56.26934,-4.93279
56.26974,-4.93202
56.27054,-4.9303
56.27089,-4.92952
56.27136,-4.92837
56.27144,-4.92819
56.27152,-4.92795
56.2716,-4.92769
56.27166,-4.92747
56.27172,-4.92721
56.27175,-4.92706
56.27181,-4.92678
56.27191,-4.92618
56.27211,-4.92496
56.27263,-4.92214
56.27269,-4.92178
56.27274,-4.9214
56.27277,-4.9212
56.27278,-4.921
56.27279,-4.9208
56.27279,-4.92061
56.27279,-4.92042
56.27278,-4.92024
56.27276,-4.92002
56.27273,-4.91981
56.2727,-4.91964
56.27266,-4.91947
56.27261,-4.91928
56.27256,-4.91911
56.27252,-4.91898
56.27247,-4.91884
56.27241,-4.91871
56.27234,-4.91857
56.27227,-4.91844
56.27218,-4.91829
56.27209,-4.91815
56.27199,-4.91803
56.27188,-4.91792
56.27178,-4.91783
56.27167,-4.91775
56.27156,-4.91769
56.27145,-4.91764
56.27134,-4.91761
56.27123,-4.91759
56.27113,-4.91759
56.27103,-4.9176
56.27089,-4.91762
56.27079,-4.91764
56.27069,-4.91767
56.2706,-4.91771
56.27051,-4.91777
56.27043,-4.91782
56.27036,-4.91787
56.27026,-4.91796
56.27017,-4.91805
56.27008,-4.91815
56.27,-4.91826
56.26972,-4.91863
56.26947,-4.919
56.26918,-4.9194
56.26889,-4.91982
56.2679,-4.92119
56.2668,-4.92277
56.26607,-4.92379
56.26571,-4.92432
56.2647,-4.92597
56.26365,-4.9274
56.26253,-4.9289
56.2623,-4.9292
56.26194,-4.92969
56.2618,-4.92988
56.26084,-4.93119
56.26062,-4.93148
56.26011,-4.93215
56.2599,-4.93244
56.2598,-4.93257
56.25968,-4.9327
56.2595,-4.93287
56.25799,-4.93394
56.25696,-4.93471
56.25597,-4.93544
56.25573,-4.9356
56.25556,-4.93569
56.25543,-4.93572
56.25513,-4.93573
56.25503,-4.93573
56.25492,-4.93573
56.25474,-4.93576
56.25456,-4.93581
56.25439,-4.93588
56.25358,-4.93619
56.25302,-4.93641
56.2528,-4.93652
56.25263,-4.93664
56.25233,-4.9369
56.25211,-4.93709
56.25197,-4.9372
56.25186,-4.93725
56.25175,-4.93729
56.25148,-4.93736
56.25121,-4.93741
56.25078,-4.93744
56.25058,-4.93742
56.25041,-4.93738
56.25029,-4.93733
56.25016,-4.93726
56.24995,-4.93712
56.24981,-4.937
56.24961,-4.93678
56.24945,-4.93655
56.24932,-4.93632
56.24921,-4.93608
56.2491,-4.9358
56.249,-4.93549
56.24888,-4.93508
56.24875,-4.93461
56.24863,-4.93412
56.24856,-4.93377
56.24851,-4.93341
56.2485,-4.93329
56.24846,-4.93301
56.24821,-4.93088
56.24813,-4.9302
56.24765,-4.92598
56.2475,-4.92476
56.24737,-4.92353
56.24714,-4.92109
56.24709,-4.92058
56.24679,-4.91709
56.24627,-4.91142
56.24598,-4.9082
56.24577,-4.90589
56.24546,-4.90249
56.24537,-4.90141
56.24532,-4.90031
56.24532,-4.89236
56.24534,-4.8915
56.24543,-4.88895
56.24541,-4.88418
56.24538,-4.87997
56.24537,-4.87566
56.24535,-4.87106
56.24546,-4.8674
56.24548,-4.86508
56.24546,-4.86366
56.24547,-4.86287
56.24545,-4.86154
56.24537,-4.86059
56.24519,-4.85877
56.24518,-4.85821
56.24519,-4.85737
56.24522,-4.85688
56.24527,-4.85641
56.24535,-4.8557
56.24541,-4.85531
56.24544,-4.85504
56.24552,-4.85435
56.24561,-4.85369
56.24568,-4.85309
56.24577,-4.85236
56.24584,-4.85181
56.24591,-4.85126
56.24595,-4.85091
56.24599,-4.85056
56.24605,-4.85008
56.24608,-4.84975
56.24609,-4.84944
56.24608,-4.84922
56.24605,-4.84892
56.24601,-4.84864
56.24595,-4.84836
56.24588,-4.84814
56.24583,-4.84796
56.24578,-4.84783
56.24564,-4.84754
56.24553,-4.84735
56.2454,-4.84719
56.24527,-4.84704
56.24515,-4.84694
56.24505,-4.84686
56.24495,-4.8468
56.24482,-4.84675
56.24468,-4.84672
56.24458,-4.84671
56.24455,-4.84671
56.24439,-4.84671
56.24424,-4.84674
56.24404,-4.8468
56.24373,-4.8469
56.24356,-4.84695
56.24347,-4.84698
56.24334,-4.84703
56.24329,-4.84705
56.24324,-4.84706
56.24306,-4.84712
56.24273,-4.84722
56.24227,-4.84735
56.24213,-4.84739
56.24203,-4.84742
56.2419,-4.84746
56.24175,-4.84751
56.24156,-4.84758
56.24147,-4.84761
56.24134,-4.84769
56.24119,-4.84778
56.2411,-4.84785
56.241,-4.84792
56.24091,-4.84801
56.24073,-4.84821
56.24057,-4.84843
56.24043,-4.84861
56.24026,-4.84883
56.24013,-4.84901
56.24004,-4.84913
56.23999,-4.84919
56.23992,-4.84927
56.23987,-4.84934
56.2398,-4.84943
56.23973,-4.84954
56.23965,-4.84967
56.23955,-4.84984
56.23946,-4.85002
56.23937,-4.85023
56.23929,-4.85041
56.23921,-4.85062
56.23915,-4.85076
56.23892,-4.85136
56.23882,-4.85162
56.23875,-4.85179
56.23868,-4.85191
56.2386,-4.85211
56.23853,-4.85226
56.23845,-4.85241
56.23837,-4.85256
56.2383,-4.85267
56.23823,-4.85276
56.23814,-4.85287
56.23803,-4.85299
56.23792,-4.85311
56.23782,-4.85323
56.23738,-4.8537
56.23688,-4.85421
56.23658,-4.85451
56.23637,-4.85472
56.23624,-4.85485
56.23611,-4.85497
56.236,-4.85507
56.23588,-4.85517
56.23578,-4.85524
56.23563,-4.85534
56.2356,-4.85536
56.23548,-4.85544
56.23533,-4.85551
56.23515,-4.85561
56.23501,-4.85567
56.23486,-4.85572
56.23469,-4.85577
56.23451,-4.85581
56.23435,-4.85583
56.23418,-4.85584
56.23402,-4.85585
56.23384,-4.85585
56.2336,-4.85584
56.23335,-4.85583
56.23319,-4.85582
56.23296,-4.85582
56.23279,-4.85582
56.23264,-4.85581
56.23252,-4.85582
56.23236,-4.85584
56.23223,-4.85586
56.23211,-4.85589
56.23195,-4.85594
56.2317,-4.85601
56.23137,-4.8561
56.23104,-4.85619
56.23076,-4.85626
56.23055,-4.85632
56.23027,-4.85639
56.23006,-4.85645
56.22982,-4.85655
56.2295,-4.85667
56.22927,-4.85677
56.22909,-4.85685
56.22885,-4.85695
56.22866,-4.85703
56.22848,-4.8571
56.22834,-4.85715
56.22825,-4.85718
56.22812,-4.8572
56.22796,-4.85722
56.22782,-4.85723
56.22764,-4.85721
56.22752,-4.85719
56.22737,-4.85717
56.22722,-4.85714
56.22711,-4.8571
56.22699,-4.85704
56.22683,-4.85695
56.22669,-4.85685
56.22654,-4.85671
56.22649,-4.85665
56.22644,-4.85659
56.22636,-4.85649
56.22629,-4.85637
56.22624,-4.85626
56.22617,-4.8561
56.22611,-4.85596
56.22607,-4.85583
56.22603,-4.85571
56.226,-4.8556
56.22596,-4.85543
56.22591,-4.85517
56.22582,-4.85465
56.22575,-4.85424
56.2257,-4.85388
56.22568,-4.8537
56.22567,-4.85353
56.22566,-4.85339
56.22566,-4.85325
56.22567,-4.85307
56.22567,-4.85293
56.22569,-4.85279
56.22571,-4.85264
56.22575,-4.85234
56.22582,-4.85177
56.22585,-4.85156
56.22585,-4.85145
56.22586,-4.85131
56.22585,-4.85119
56.22584,-4.85105
56.22582,-4.85092
56.2258,-4.85083
56.22577,-4.85071
56.22573,-4.85059
56.22569,-4.85048
56.22564,-4.85037
56.22559,-4.85027
56.22552,-4.85016
56.22544,-4.85005
56.22536,-4.84993
56.22527,-4.8498
56.22516,-4.84964
56.225,-4.84941
56.22488,-4.84921
56.22476,-4.84903
56.22456,-4.8487
56.2245,-4.84861
56.22442,-4.84849
56.22428,-4.84825
56.22422,-4.84816
56.22416,-4.84805
56.2241,-4.84793
56.22403,-4.84776
56.22396,-4.84763
56.22387,-4.84744
56.22378,-4.84725
56.22368,-4.84707
56.22361,-4.84694
56.2235,-4.84677
56.22336,-4.84655
56.22317,-4.84626
56.22285,-4.84578
56.22274,-4.84562
56.2225,-4.84526
56.22238,-4.84509
56.22226,-4.84491
56.2221,-4.84468
56.22185,-4.84429
56.22159,-4.84387
56.22149,-4.84371
56.22135,-4.8435
56.22121,-4.8433
56.22106,-4.8431
56.22085,-4.84279
56.22063,-4.84248
56.22053,-4.84235
56.22042,-4.84219
56.22025,-4.84195
56.22017,-4.84185
56.22008,-4.84171
56.21997,-4.84155
56.21987,-4.8414
56.21979,-4.84126
56.2197,-4.8411
56.21954,-4.8408
56.21942,-4.84057
56.21932,-4.84039
56.21923,-4.84023
56.21915,-4.84011
56.21905,-4.83998
56.21896,-4.83985
56.21877,-4.83962
56.21825,-4.83903
56.21798,-4.83871
56.21786,-4.83858
56.21745,-4.8381
56.21701,-4.83759
56.21693,-4.83751
56.21682,-4.83739
56.21673,-4.83731
56.21662,-4.83723
56.21636,-4.83706
56.21597,-4.8368
56.21554,-4.83652
56.21502,-4.83619
56.21467,-4.83596
56.21439,-4.83578
56.21408,-4.83556
56.21395,-4.83548
56.21382,-4.83537
56.21376,-4.83532
56.21368,-4.83524
56.21355,-4.83512
56.21341,-4.83497
56.21302,-4.83453
56.21274,-4.83422
56.2125,-4.83395
56.21237,-4.83379
56.21229,-4.83371
56.21225,-4.83365
56.21212,-4.83351
56.21193,-4.8333
56.21174,-4.8331
56.21165,-4.833
56.21158,-4.83293
56.21147,-4.83282
56.21135,-4.8327
56.21122,-4.83258
56.21108,-4.83247
56.21095,-4.83236
56.21079,-4.83223
56.21061,-4.83209
56.21046,-4.83198
56.21032,-4.83188
56.21018,-4.83178
56.20995,-4.83165
56.20983,-4.83158
56.20968,-4.8315
56.20954,-4.83143
56.20939,-4.83135
56.20925,-4.83129
56.20911,-4.83123
56.20902,-4.83119
56.20889,-4.83113
56.20874,-4.83106
56.20852,-4.83097
56.20838,-4.83091
56.20823,-4.83084
56.20801,-4.83075
56.20774,-4.83064
56.20747,-4.83052
56.20733,-4.83046
56.20715,-4.83039
56.20701,-4.83033
56.20686,-4.83026
56.20672,-4.83018
56.2066,-4.83011
56.2065,-4.83004
56.2064,-4.82996
56.2063,-4.82987
56.20616,-4.82972
56.20591,-4.82944
56.20578,-4.82929
56.20565,-4.82915
56.2055,-4.82899
56.20533,-4.82881
56.2052,-4.82867
56.20507,-4.82855
56.20496,-4.82845
56.20486,-4.82836
56.20476,-4.82828
56.20462,-4.82817
56.20448,-4.82809
56.20435,-4.82801
56.20421,-4.82794
56.20411,-4.82789
56.20399,-4.82784
56.20384,-4.8278
56.20369,-4.82776
56.20348,-4.82772
56.20324,-4.82765
56.20308,-4.82763
56.20292,-4.8276
56.20255,-4.82754
56.2024,-4.82751
56.20228,-4.82749
56.20217,-4.82746
56.2021,-4.82742
56.20199,-4.82737
56.20192,-4.82733
56.20184,-4.82727
56.20176,-4.82721
56.20167,-4.82713
56.20157,-4.82702
56.2015,-4.82692
56.20141,-4.8268
56.20133,-4.82665
56.20125,-4.8265
56.20118,-4.82634
56.20112,-4.82618
56.20103,-4.82593
56.2009,-4.82556
56.2007,-4.82502
56.20052,-4.82447
56.2004,-4.82411
56.20032,-4.82385
56.20027,-4.82359
56.20021,-4.82333
56.20017,-4.82305
56.20014,-4.82281
56.20013,-4.82259
56.20012,-4.82221
56.20012,-4.82209
56.20011,-4.82128
56.2001,-4.82075
56.2001,-4.82043
56.20008,-4.82018
56.20004,-4.81992
56.2,-4.81967
56.19998,-4.81951
56.19994,-4.81935
56.19985,-4.81901
56.1997,-4.81845
56.19955,-4.81796
56.19941,-4.81747
56.19927,-4.81696
56.19917,-4.8166
56.19912,-4.81642
56.19901,-4.81608
56.19888,-4.81574
56.19865,-4.81519
56.19837,-4.8145
56.19813,-4.81391
56.19804,-4.81367
56.19799,-4.81351
56.19796,-4.81336
56.19793,-4.8132
56.19792,-4.81307
56.19791,-4.81294
56.19792,-4.81277
56.19793,-4.81263
56.19794,-4.81251
56.19795,-4.8124
56.19799,-4.81208
56.19835,-4.80953
56.19844,-4.8089
56.19847,-4.80854
56.1985,-4.80825
56.19851,-4.80815
56.19853,-4.80799
56.19854,-4.80773
56.19856,-4.80725
56.19858,-4.80684
56.19859,-4.80657
56.1986,-4.80634
56.1986,-4.80607
56.1986,-4.80579
56.19857,-4.80481
56.19856,-4.80436
56.19854,-4.80398
56.19851,-4.80365
56.19849,-4.80339
56.19847,-4.80325
56.19845,-4.80312
56.19842,-4.80288
56.19824,-4.80192
56.1981,-4.80118
56.19798,-4.80052
56.19795,-4.80038
56.19791,-4.80016
56.19758,-4.79843
56.19746,-4.79783
56.19736,-4.79728
56.19728,-4.79692
56.19721,-4.7966
56.19713,-4.79629
56.19705,-4.79598
56.19679,-4.79507
56.19641,-4.79373
56.19626,-4.79318
56.19615,-4.7928
56.19608,-4.79255
56.19601,-4.79228
56.1959,-4.79195
56.19582,-4.79173
56.19572,-4.79149
56.19561,-4.79127
56.19551,-4.79108
56.19538,-4.79086
56.19527,-4.79069
56.19522,-4.79063
56.19515,-4.79054
56.19509,-4.79046
56.195,-4.79036
56.19486,-4.79022
56.19457,-4.78995
56.19433,-4.78972
56.19401,-4.78941
56.19366,-4.78908
56.19356,-4.78898
56.19333,-4.78876
56.19271,-4.78817
56.19251,-4.78799
56.19208,-4.78757
56.19187,-4.78737
56.19173,-4.78723
56.19158,-4.78706
56.1915,-4.78698
56.19146,-4.78691
56.19134,-4.78676
56.19119,-4.78653
56.19092,-4.7861
56.19054,-4.7855
56.1903,-4.78512
56.19012,-4.78482
56.19001,-4.7846
56.18988,-4.78428
56.1898,-4.784
56.18973,-4.78364
56.18968,-4.78331
56.18965,-4.78295
56.18963,-4.78258
56.18963,-4.78236
56.18963,-4.78227
56.18963,-4.78199
56.18963,-4.78191
56.18965,-4.78169
56.18968,-4.78143
56.1897,-4.78129
56.18974,-4.78111
56.1898,-4.78089
56.18988,-4.78063
56.18997,-4.78039
56.19003,-4.78024
56.19014,-4.78003
56.19026,-4.77983
56.19038,-4.77964
56.1906,-4.77932
56.19094,-4.77882
56.19133,-4.77824
56.19146,-4.77806
56.19165,-4.77777
56.19183,-4.77748
56.19205,-4.77708
56.19236,-4.77652
56.1927,-4.7759
56.19298,-4.7754
56.19322,-4.77497
56.19336,-4.77471
56.19344,-4.77455
56.19356,-4.77428
56.19369,-4.77397
56.1941,-4.77295
56.19434,-4.77232
56.19461,-4.77165
56.1948,-4.77115
56.19517,-4.77026
56.19546,-4.76958
56.19573,-4.76896
56.19595,-4.76845
56.19619,-4.76787
56.19635,-4.76752
56.19651,-4.76716
56.1967,-4.76671
56.19693,-4.7662
56.19718,-4.76559
56.19745,-4.76499
56.1976,-4.76463
56.19779,-4.76414
56.19796,-4.76364
56.19806,-4.7633
56.19812,-4.76308
56.19816,-4.76294
56.19821,-4.76273
56.19826,-4.7625
56.19832,-4.76224
56.19837,-4.76201
56.19842,-4.76172
56.19846,-4.76144
56.1985,-4.76118
56.19853,-4.76095
56.19858,-4.7607
56.19862,-4.76044
56.19868,-4.76017
56.19874,-4.75991
56.19881,-4.75964
56.19889,-4.75938
56.19897,-4.75913
56.19905,-4.75891
56.19913,-4.75869
56.19921,-4.75849
56.19931,-4.75829
56.19939,-4.75812
56.19951,-4.75788
56.19962,-4.7577
56.19974,-4.7575
56.19987,-4.75731
56.2,-4.75713
56.20014,-4.75695
56.20028,-4.75679
56.20039,-4.75668
56.20053,-4.75654
56.20068,-4.75641
56.20082,-4.75631
56.201,-4.75617
56.20127,-4.75598
56.2016,-4.75575
56.20192,-4.75552
56.20211,-4.75537
56.2023,-4.75521
56.20251,-4.75502
56.20272,-4.7548
56.20293,-4.75454
56.20369,-4.75359
56.20417,-4.75297
56.20468,-4.75243
56.2052,-4.75193
56.20574,-4.75136
56.20582,-4.75128
56.20588,-4.75122
56.20592,-4.75117
56.20615,-4.75094
56.20633,-4.75076
56.20648,-4.75057
56.20656,-4.75047
56.20663,-4.75036
56.20672,-4.7502
56.20681,-4.75002
56.20687,-4.74985
56.20695,-4.74965
56.20701,-4.74945
56.20707,-4.74924
56.20712,-4.74902
56.20715,-4.74882
56.20718,-4.74863
56.2072,-4.74844
56.20722,-4.74826
56.20723,-4.74806
56.20723,-4.74781
56.20723,-4.74759
56.20722,-4.74735
56.2072,-4.74714
56.20718,-4.74694
56.20713,-4.74653
56.20712,-4.7464
56.20703,-4.74573
56.20701,-4.74554
56.20698,-4.74538
56.20694,-4.7452
56.20687,-4.745
56.20682,-4.74486
56.20676,-4.74473
56.2067,-4.74462
56.20663,-4.74452
56.20658,-4.74445
56.20653,-4.74439
56.20647,-4.74434
56.2064,-4.74429
56.20629,-4.74425
56.20621,-4.74424
56.20598,-4.74423
56.20589,-4.74422
56.20581,-4.74421
56.20574,-4.74419
56.20566,-4.74416
56.2056,-4.74413
56.20553,-4.74409
56.20542,-4.74401
56.20531,-4.74393
56.20523,-4.74385
56.20501,-4.74362
56.20494,-4.74356
56.20487,-4.74352
56.20481,-4.74349
56.20475,-4.74348
56.20465,-4.74349
56.20352,-4.74357
56.20343,-4.74358
56.20334,-4.74362
56.20325,-4.74366
56.20316,-4.7437
56.20309,-4.74376
56.20297,-4.74387
56.20288,-4.74398
56.20277,-4.74411
56.20267,-4.74423
56.20261,-4.74431
56.20252,-4.7444
56.20243,-4.74448
56.20234,-4.74456
56.20223,-4.74464
56.20216,-4.7447
56.20175,-4.74496
56.20137,-4.7452
56.20124,-4.74527
56.2012,-4.74528
56.20113,-4.74531
56.20083,-4.74543
56.20062,-4.7455
56.20053,-4.74553
56.20044,-4.74556
56.20032,-4.74557
56.20009,-4.74558
56.19998,-4.74557
56.19986,-4.74556
56.19975,-4.74554
56.19965,-4.74552
56.19922,-4.74536
56.19917,-4.74534
56.19911,-4.74531
56.19882,-4.74519
56.19867,-4.74512
56.19851,-4.74502
56.1984,-4.74495
56.19831,-4.74488
56.19822,-4.74479
56.19813,-4.74466
56.19805,-4.74449
56.19798,-4.74433
56.19794,-4.74419
56.19791,-4.74408
56.1979,-4.74405
56.19787,-4.74388
56.19786,-4.7437
56.19785,-4.74351
56.19786,-4.74331
56.19788,-4.74311
56.1979,-4.74298
56.19793,-4.74284
56.19821,-4.74174
56.19901,-4.73865
56.19916,-4.73807
56.19931,-4.73752
56.19946,-4.73693
56.2,-4.73523
56.20027,-4.73415
56.20038,-4.73362
56.20039,-4.73354
56.20055,-4.73238
56.2009,-4.72949
56.20095,-4.72908
56.20111,-4.72784
56.20127,-4.72705
56.20169,-4.72531
56.20185,-4.72468
56.20254,-4.7219
56.20269,-4.72108
56.20281,-4.71995
56.20289,-4.7191
56.20306,-4.71763
56.20319,-4.7163
56.20323,-4.7159
56.20325,-4.71558
56.20332,-4.71505
56.20343,-4.71458
56.20373,-4.71367
56.20391,-4.71314
56.20409,-4.71249
56.20412,-4.71227
56.2041,-4.71212
56.20407,-4.712
56.204,-4.71187
56.20387,-4.71169
56.20357,-4.71139
56.20339,-4.7112
56.20305,-4.71087
56.20289,-4.71071
56.20276,-4.71053
56.20216,-4.70981
56.20111,-4.70865
56.20075,-4.70824
56.1969,-4.70377
56.19598,-4.70321
56.1955,-4.70269
56.19447,-4.7013
56.19397,-4.70071
56.19333,-4.70028
56.19033,-4.69954
56.18931,-4.69907
56.18924,-4.69904
56.18796,-4.69838
56.187,-4.6978
56.18683,-4.69766
56.18632,-4.69723
56.18573,-4.69661
56.18569,-4.69655
56.18443,-4.69494
56.18319,-4.69319
56.18224,-4.69171
56.18152,-4.69082
56.18011,-4.68916
56.17943,-4.68814
56.17859,-4.6867
56.17807,-4.68601
56.17746,-4.68541
56.17692,-4.6851
56.17582,-4.68475
56.17505,-4.68442
56.17483,-4.68427
56.17418,-4.68381
56.17382,-4.68352
56.17337,-4.683
56.17264,-4.68218
56.17228,-4.68178
56.17169,-4.68113
56.17126,-4.68058
56.17095,-4.68012
56.17069,-4.67973
56.17008,-4.67874
56.17004,-4.67866
56.1696,-4.67783
56.16956,-4.67775
56.16909,-4.67677
56.1688,-4.67611
56.1686,-4.67552
56.16838,-4.67481
56.16823,-4.67412
56.16812,-4.67352
56.16804,-4.67293
56.16779,-4.671
56.16772,-4.67062
56.16762,-4.67017
56.16747,-4.66968
56.16726,-4.66912
56.16705,-4.6687
56.16677,-4.6682
56.16664,-4.66798
56.16649,-4.66775
56.16619,-4.66732
56.16585,-4.66686
56.16511,-4.66596
56.16475,-4.66559
56.16433,-4.66528
56.16412,-4.66519
56.16386,-4.66512
56.1636,-4.66511
56.16328,-4.66519
56.163,-4.66535
56.16262,-4.66568
56.16238,-4.66605
56.16207,-4.66657
56.16188,-4.66703
56.16158,-4.66777
56.16109,-4.66876
56.16052,-4.66976
56.16015,-4.67026
56.15986,-4.67059
56.15949,-4.67095
56.15902,-4.67129
56.1587,-4.67141
56.15854,-4.67148
56.15826,-4.67151
56.15797,-4.67149
56.15763,-4.67143
56.15734,-4.67133
56.15686,-4.67107
56.15623,-4.67057
56.15559,-4.67009
56.15545,-4.66997
56.15504,-4.66972
56.15385,-4.66928
56.15352,-4.66911
56.15315,-4.66888
56.15262,-4.66838
56.15207,-4.66763
56.15116,-4.66655
56.15058,-4.66601
56.14997,-4.66557
56.14944,-4.6653
56.14926,-4.66522
56.1489,-4.66508
56.14772,-4.66479
56.14754,-4.66476
56.14699,-4.66469
56.1469,-4.66467
56.14651,-4.66458
56.14612,-4.66448
56.14585,-4.66439
56.1452,-4.66416
56.14505,-4.6641
56.145,-4.66408
56.1442,-4.66376
56.14346,-4.66337
56.14291,-4.66308
56.14244,-4.66282
56.14185,-4.66244
56.14005,-4.66116
56.1396,-4.66088
56.1384,-4.66013
56.13768,-4.65973
56.13755,-4.65967
56.13703,-4.65939
56.13671,-4.65922
56.13629,-4.65899
56.13539,-4.65847
56.13508,-4.65826
56.13416,-4.65767
56.13288,-4.65675
56.13165,-4.65598
56.13076,-4.65549
56.13032,-4.65524
56.12914,-4.65471
56.12907,-4.65469
56.12792,-4.65422
56.12774,-4.65416
56.12627,-4.65364
56.12535,-4.65327
56.12491,-4.65308
56.12451,-4.65291
56.12344,-4.65243
56.12341,-4.65242
56.12226,-4.65185
56.12093,-4.65119
56.12068,-4.65103
56.12057,-4.65096
56.12005,-4.6506
56.11932,-4.65
56.11887,-4.64959
56.11843,-4.64916
56.1176,-4.64821
56.11696,-4.64738
56.11599,-4.64608
56.11541,-4.64526
56.1148,-4.64443
56.11436,-4.64393
56.11378,-4.64344
56.11351,-4.64326
56.11287,-4.64288
56.11225,-4.64247
56.11189,-4.64223
56.11155,-4.64198
56.11088,-4.64144
56.10963,-4.64031
56.10916,-4.63997
56.10861,-4.6396
56.10798,-4.63929
56.10765,-4.6392
56.10732,-4.63914
56.10679,-4.63913
56.1063,-4.63922
56.10584,-4.6394
56.10543,-4.63961
56.10514,-4.6398
56.10404,-4.64073
56.10372,-4.64098
56.10317,-4.6414
56.1025,-4.64183
56.1019,-4.64209
56.10132,-4.6423
56.10019,-4.64253
56.10013,-4.64254
56.09839,-4.64284
56.09804,-4.64288
56.09717,-4.64301
56.09673,-4.64308
56.09549,-4.64317
56.09482,-4.6432
56.09451,-4.64322
56.09328,-4.64328
56.09291,-4.64329
56.09224,-4.64324
56.09214,-4.64323
56.0916,-4.64309
56.09098,-4.64282
56.09019,-4.64232
56.0901,-4.64223
56.0896,-4.64176
56.08903,-4.6411
56.08871,-4.64072
56.0884,-4.64039
56.08816,-4.64013
56.08773,-4.63971
56.08713,-4.63929
56.08668,-4.63907
56.08602,-4.63893
56.08534,-4.63895
56.08462,-4.63913
56.08375,-4.63941
56.08292,-4.63965
56.08165,-4.63991
56.08075,-4.64005
56.08035,-4.64005
56.07994,-4.64007
56.07919,-4.64011
56.07831,-4.64008
56.07821,-4.64007
56.07753,-4.64
56.0774,-4.63998
56.07657,-4.63984
56.07563,-4.63961
56.07458,-4.6394
56.07398,-4.63928
56.07365,-4.63927
56.07304,-4.63939
56.07258,-4.6396
56.07219,-4.63984
56.07174,-4.6402
56.07144,-4.64049
56.07071,-4.64143
56.07013,-4.64224
56.06966,-4.64285
56.06931,-4.64326
56.06915,-4.64344
56.06898,-4.64362
56.06881,-4.6438
56.06868,-4.64393
56.06849,-4.6441
56.06845,-4.64414
56.06839,-4.64418
56.06828,-4.64428
56.0681,-4.64442
56.0679,-4.64458
56.06772,-4.64471
56.06759,-4.64479
56.06743,-4.64489
56.0672,-4.64502
56.06698,-4.64513
56.06685,-4.64519
56.06669,-4.64526
56.0666,-4.6453
56.06647,-4.64535
56.06625,-4.64542
56.06602,-4.64549
56.06569,-4.64557
56.06535,-4.64564
56.06463,-4.64579
56.06319,-4.64593
56.06314,-4.64593
56.06211,-4.64594
56.06182,-4.64594
56.0615,-4.64592
56.06118,-4.64592
56.06104,-4.64593
56.06055,-4.64588
56.06046,-4.64587
56.06021,-4.64587
56.05995,-4.64587
56.05955,-4.64587
56.05921,-4.64586
56.05902,-4.64586
56.05882,-4.64585
56.0576,-4.64583
56.0575,-4.64585
56.05726,-4.64589
56.05709,-4.64588
56.05684,-4.64586
56.05613,-4.64588
56.05553,-4.64594
56.05425,-4.64613
56.05371,-4.64624
56.05251,-4.64644
56.052,-4.64653
56.0508,-4.64675
56.04965,-4.64679
56.04941,-4.6468
56.0489,-4.64681
56.04847,-4.64681
56.04744,-4.64671
56.04648,-4.64655
56.04547,-4.64636
56.04358,-4.64598
56.04287,-4.64583
56.04198,-4.64566
56.04136,-4.64552
56.04127,-4.6455
56.04081,-4.64535
56.04027,-4.64511
56.03976,-4.64477
56.03931,-4.64444
56.03925,-4.6444
56.0392,-4.64436
56.03894,-4.64412
56.03845,-4.64366
56.03786,-4.64308
56.03699,-4.64212
56.03651,-4.64156
56.03564,-4.64051
56.03529,-4.6401
56.03204,-4.63621
56.03185,-4.63603
56.03162,-4.63581
56.03155,-4.63575
56.03143,-4.63564
56.03073,-4.63514
56.03012,-4.63487
56.02992,-4.63479
56.0295,-4.63463
56.02809,-4.63422
56.02759,-4.63416
56.0271,-4.6342
56.0269,-4.63405
56.02671,-4.63379
56.02669,-4.63374
56.02665,-4.6337
56.02661,-4.63367
56.02657,-4.63364
56.02653,-4.63363
56.02648,-4.63364
56.02645,-4.63365
56.0262,-4.63371
56.02593,-4.63373
56.0256,-4.63362
56.02503,-4.63331
56.02459,-4.633
56.02416,-4.63261
56.02378,-4.63221
56.02342,-4.63177
56.02301,-4.63117
56.02258,-4.63037
56.02235,-4.6299
56.02209,-4.62926
56.02183,-4.6285
56.02159,-4.62765
56.02148,-4.62714
56.02139,-4.62667
56.0212,-4.62549
56.02098,-4.62369
56.02086,-4.6228
56.02061,-4.6215
56.02039,-4.62061
56.02024,-4.62009
56.01999,-4.61936
56.01962,-4.61836
56.01914,-4.61734
56.01842,-4.6161
56.01836,-4.61602
56.0183,-4.61593
56.01817,-4.61575
56.018,-4.61551
56.01777,-4.61523
56.01751,-4.61493
56.01724,-4.61463
56.01698,-4.61438
56.01661,-4.61406
56.01609,-4.61363
56.01554,-4.61317
56.01526,-4.61294
56.01499,-4.61273
56.01464,-4.61244
56.01415,-4.61205
56.01364,-4.61163
56.01264,-4.6108
56.01179,-4.6101
56.01042,-4.60897
56.00974,-4.60828
56.00962,-4.60814
56.0091,-4.60751
56.00779,-4.60563
56.00706,-4.60468
56.00626,-4.60357
56.00587,-4.60313
56.00552,-4.60275
56.00466,-4.60193
56.00215,-4.6
56.00041,-4.59862
55.99961,-4.59805
55.99923,-4.59779
55.99914,-4.59772
55.99909,-4.59767
55.99905,-4.59762
55.99901,-4.59757
55.99898,-4.59752
55.99896,-4.59747
55.99894,-4.59741
55.99891,-4.59728
55.99888,-4.59715
55.99885,-4.59703
55.99884,-4.59695
55.99882,-4.59688
55.9988,-4.59681
55.99877,-4.59674
55.99874,-4.59669
55.9987,-4.59664
55.99867,-4.59659
55.99863,-4.59656
55.99859,-4.59653
55.99854,-4.59651
55.9985,-4.59651
55.99846,-4.59651
55.99841,-4.59651
55.99836,-4.59654
55.99831,-4.59657
55.99827,-4.59662
55.99822,-4.59668
55.99817,-4.59669
55.99812,-4.59672
55.99809,-4.59673
55.99805,-4.59674
55.99797,-4.59676
55.99791,-4.59676
55.99785,-4.59674
55.99776,-4.5967
55.99765,-4.59664
55.99502,-4.59523
55.99305,-4.59418
55.99226,-4.5936
55.99106,-4.59238
55.98844,-4.58946
55.98746,-4.58853
55.987,-4.58821
55.98641,-4.58786
55.98512,-4.58729
55.98487,-4.58722
55.984,-4.58696
55.98326,-4.58686
55.98247,-4.5869
55.98109,-4.58724
55.98041,-4.58743
55.97974,-4.58755
55.97838,-4.58755
55.97746,-4.58754
55.97737,-4.58754
55.97405,-4.5875
55.96838,-4.58747
55.96608,-4.58741
55.96556,-4.58738
55.96523,-4.58732
55.96498,-4.58724
55.9648,-4.58717
55.96456,-4.58707
55.96435,-4.58696
55.96411,-4.58681
55.96396,-4.5867
55.9638,-4.58658
55.96359,-4.5864
55.96345,-4.58627
55.96331,-4.58613
55.96322,-4.58603
55.96308,-4.58586
55.9629,-4.58563
55.96274,-4.58541
55.96262,-4.58526
55.96247,-4.58503
55.96233,-4.5848
55.96217,-4.58452
55.96199,-4.58416
55.9618,-4.58374
55.96161,-4.58324
55.9613,-4.58232
55.96115,-4.58173
55.96092,-4.58072
55.96064,-4.57951
55.96046,-4.57872
55.96022,-4.5776
55.95983,-4.57577
55.95968,-4.57509
55.95932,-4.57354
55.95872,-4.57088
55.9574,-4.56506
55.95702,-4.5634
55.95701,-4.56332
55.95699,-4.56324
55.95699,-4.56317
55.95699,-4.56309
55.957,-4.56301
55.95703,-4.56291
55.95705,-4.56279
55.95706,-4.56268
55.95705,-4.56257
55.95703,-4.56249
55.957,-4.5624
55.95695,-4.5623
55.95688,-4.56223
55.9568,-4.56215
55.95675,-4.56208
55.95672,-4.56201
55.95668,-4.56191
55.95662,-4.56166
55.95659,-4.56152
55.95658,-4.56147
55.95645,-4.56089
55.9562,-4.55988
55.95591,-4.55903
55.95561,-4.55842
55.95528,-4.55782
55.955,-4.55746
55.95412,-4.55642
55.9537,-4.55595
55.95354,-4.55571
55.95346,-4.55548
55.95346,-4.55533
55.95343,-4.55519
55.95336,-4.55505
55.95328,-4.55496
55.9532,-4.55492
55.95312,-4.55492
55.95303,-4.55497
55.95285,-4.55496
55.95269,-4.5548
55.95255,-4.55464
55.95248,-4.55457
55.95206,-4.55412
55.95162,-4.55355
55.95147,-4.55336
55.95128,-4.55306
55.95076,-4.55213
55.95049,-4.55153
55.95011,-4.5506
55.94987,-4.55011
55.94972,-4.54982
55.94968,-4.54974
55.94959,-4.54958
55.94944,-4.54941
55.94936,-4.5493
55.94916,-4.54907
55.94892,-4.54882
55.94878,-4.54869
55.94849,-4.54849
55.94814,-4.54817
55.94681,-4.54697
55.94633,-4.54656
55.94629,-4.54652
55.94618,-4.54641
55.94572,-4.54601
55.94499,-4.54536
55.94483,-4.54518
55.94471,-4.54502
55.94462,-4.54489
55.94457,-4.54479
55.94437,-4.54445
55.94391,-4.54352
55.94375,-4.54319
55.94327,-4.54223
55.94315,-4.54198
55.94273,-4.5411
55.94149,-4.53895
55.94123,-4.53853
55.94105,-4.53827
55.94059,-4.53771
55.93983,-4.53674
55.93948,-4.53634
55.93927,-4.5361
55.93848,-4.53542
55.93807,-4.53508
55.93788,-4.5349
55.93777,-4.53478
55.93767,-4.53465
55.93758,-4.53449
55.93747,-4.53426
55.93729,-4.53382
55.93718,-4.53351
55.93698,-4.53289
55.93632,-4.53077
55.93576,-4.52904
55.93551,-4.52824
55.93532,-4.52766
55.93529,-4.52757
55.93523,-4.5273
55.9352,-4.52716
55.93518,-4.527
55.93517,-4.52681
55.93517,-4.52663
55.93517,-4.52648
55.93517,-4.52643
55.93519,-4.52618
55.93525,-4.52581
55.93533,-4.52524
55.93538,-4.52494
55.93543,-4.52463
55.93552,-4.5241
55.93561,-4.52356
55.93584,-4.52218
55.93605,-4.52088
55.9361,-4.52063
55.93611,-4.52054
55.9362,-4.52001
55.93629,-4.51946
55.93631,-4.51931
55.93632,-4.5192
55.93632,-4.5191
55.93633,-4.519
55.93634,-4.51889
55.93634,-4.5187
55.93633,-4.51845
55.93632,-4.51831
55.9363,-4.5181
55.93626,-4.5179
55.93624,-4.51777
55.93621,-4.51762
55.93609,-4.51719
55.93592,-4.51662
55.93574,-4.516
55.93553,-4.51529
55.93531,-4.51459
55.93463,-4.51228
55.93438,-4.51145
55.93426,-4.51107
55.93273,-4.50685
55.9323,-4.50578
55.93222,-4.50558
55.93215,-4.50538
55.93207,-4.50508
55.932,-4.50477
55.93194,-4.50451
55.93191,-4.50432
55.93189,-4.50417
55.93188,-4.50404
55.93189,-4.50392
55.93191,-4.5038
55.93193,-4.5037
55.93195,-4.5036
55.93197,-4.50357
55.93199,-4.50352
55.932,-4.50348
55.93202,-4.5034
55.93203,-4.50335
55.93203,-4.50329
55.93203,-4.50321
55.93202,-4.50314
55.932,-4.50307
55.93198,-4.50291
55.93194,-4.50265
55.93193,-4.50247
55.93191,-4.50229
55.93191,-4.5021
55.93191,-4.50188
55.93191,-4.50163
55.93191,-4.50133
55.93192,-4.50114
55.93193,-4.50098
55.93203,-4.49973
55.93216,-4.49816
55.93235,-4.49602
55.93245,-4.49476
55.9325,-4.49413
55.93253,-4.49382
55.93255,-4.4935
55.93256,-4.49319
55.93258,-4.49279
55.9326,-4.49238
55.93261,-4.49191
55.93261,-4.49146
55.93263,-4.49042
55.93264,-4.48958
55.93265,-4.48888
55.93266,-4.48838
55.93266,-4.4878
55.93264,-4.48741
55.93263,-4.4871
55.93261,-4.48677
55.93258,-4.48649
55.93254,-4.48616
55.93249,-4.48582
55.93242,-4.48546
55.93236,-4.48517
55.93231,-4.48498
55.9322,-4.4845
55.93208,-4.48402
55.93197,-4.48359
55.93183,-4.48301
55.93168,-4.48243
55.93155,-4.48187
55.93139,-4.48122
55.93128,-4.48079
55.93123,-4.48055
55.93108,-4.47994
55.93098,-4.47952
55.93086,-4.47894
55.93074,-4.47834
55.93063,-4.47773
55.93053,-4.47711
55.93044,-4.47649
55.93036,-4.47588
55.9303,-4.4754
55.93006,-4.47377
55.92985,-4.47237
55.92971,-4.47145
55.92953,-4.47037
55.92943,-4.46977
55.92941,-4.46961
55.92939,-4.46946
55.92937,-4.46927
55.92935,-4.46907
55.92934,-4.46887
55.92933,-4.46865
55.92932,-4.46842
55.92932,-4.46802
55.92931,-4.4674
55.92931,-4.46697
55.92931,-4.4667
55.9293,-4.46643
55.92928,-4.46617
55.92926,-4.46588
55.92922,-4.46558
55.92918,-4.46525
55.92913,-4.46493
55.92907,-4.46465
55.92901,-4.46436
55.92894,-4.46406
55.92886,-4.46376
55.92876,-4.46341
55.92861,-4.46284
55.92844,-4.46221
55.92827,-4.46158
55.92804,-4.46065
55.92791,-4.4601
55.92778,-4.45951
55.92765,-4.45891
55.92752,-4.45826
55.92664,-4.45442
55.92651,-4.45387
55.92637,-4.45332
55.92616,-4.45246
55.92611,-4.45228
55.92591,-4.45137
55.92582,-4.45096
55.92567,-4.45024
55.9255,-4.44943
55.92534,-4.44859
55.92528,-4.44826
55.92525,-4.44806
55.92517,-4.44765
55.92501,-4.44669
55.92488,-4.44586
55.92474,-4.44491
55.92469,-4.44455
55.92464,-4.44417
55.92459,-4.44368
55.92452,-4.44307
55.92448,-4.44273
55.92444,-4.44231
55.92441,-4.44199
55.92425,-4.43979
55.9242,-4.43916
55.92418,-4.43864
55.92412,-4.43738
55.9241,-4.43697
55.92402,-4.43522
55.92398,-4.43349
55.92397,-4.43269
55.92393,-4.43033
55.9239,-4.42956
55.92387,-4.42901
55.92381,-4.42839
55.92377,-4.42797
55.9237,-4.4275
55.92358,-4.42665
55.92345,-4.4258
55.92331,-4.42501
55.92322,-4.42462
55.92309,-4.42411
55.92293,-4.42356
55.92278,-4.42311
55.92274,-4.42299
55.92266,-4.42277
55.9225,-4.42237
55.9224,-4.42216
55.92223,-4.42179
55.92181,-4.42093
55.92171,-4.42069
55.9216,-4.42043
55.92151,-4.42019
55.92146,-4.42
55.92141,-4.41985
55.92137,-4.41966
55.92132,-4.41941
55.92128,-4.41918
55.92126,-4.41896
55.92123,-4.41871
55.92122,-4.41848
55.92121,-4.41818
55.92123,-4.41428
55.92122,-4.41408
55.92121,-4.41376
55.9212,-4.41342
55.92117,-4.41309
55.92113,-4.41274
55.92108,-4.41237
55.92099,-4.41185
55.92088,-4.41133
55.92081,-4.41109
55.92068,-4.41064
55.92054,-4.41025
55.92038,-4.40982
55.91941,-4.40748
55.91902,-4.40657
55.91892,-4.40631
55.91891,-4.40626
55.9189,-4.40607
55.9189,-4.40602
55.91892,-4.40594
55.91894,-4.40587
55.91895,-4.40579
55.91895,-4.40572
55.91895,-4.40564
55.91894,-4.40557
55.91893,-4.40551
55.9189,-4.40541
55.91887,-4.40533
55.91883,-4.40525
55.91879,-4.40518
55.91874,-4.40513
55.91868,-4.40508
55.91856,-4.40503
55.9185,-4.40502
55.91838,-4.40494
55.91831,-4.40482
55.91826,-4.40469
55.91823,-4.40463
55.91822,-4.40461
55.91809,-4.4043
55.91766,-4.40323
55.91729,-4.40238
55.91673,-4.40104
55.91624,-4.39997
55.91568,-4.39879
55.91513,-4.39767
55.91476,-4.39695
55.9145,-4.39645
55.91354,-4.39464
55.91278,-4.39332
55.91199,-4.392
55.91114,-4.39067
55.91017,-4.38922
55.90971,-4.38857
55.90969,-4.38854
55.90905,-4.38762
55.90901,-4.38756
55.90896,-4.38749
55.90891,-4.38742
55.90889,-4.38739
55.90889,-4.38729
55.90889,-4.38719
55.90888,-4.3871
55.90885,-4.387
55.90883,-4.38692
55.9088,-4.38685
55.90876,-4.3868
55.90873,-4.38675
55.90868,-4.3867
55.90864,-4.38666
55.90859,-4.38664
55.90854,-4.38662
55.90848,-4.38662
55.90842,-4.38664
55.90838,-4.38662
55.90835,-4.38661
55.90831,-4.38657
55.9082,-4.38643
55.90812,-4.38631
55.90781,-4.38586
55.90766,-4.38564
55.90763,-4.3856
55.90674,-4.38435
55.90662,-4.38417
55.90644,-4.38392
55.90625,-4.38365
55.9062,-4.38358
55.90616,-4.38352
55.90602,-4.38331
55.90555,-4.38266
55.90534,-4.38238
55.90519,-4.38216
55.90497,-4.38185
55.9045,-4.38119
55.90429,-4.38091
55.90417,-4.38072
55.90402,-4.3805
55.90359,-4.37982
55.90339,-4.37947
55.90327,-4.37928
55.90324,-4.37922
55.90317,-4.37909
55.90308,-4.37893
55.90295,-4.37869
55.9029,-4.37861
55.90281,-4.37842
55.90268,-4.37815
55.90251,-4.37776
55.90237,-4.37745
55.9022,-4.37703
55.90211,-4.3768
55.90186,-4.37614
55.90173,-4.37575
55.90158,-4.37528
55.90151,-4.37507
55.9014,-4.37467
55.90122,-4.37399
55.90116,-4.37377
55.90108,-4.37345
55.90102,-4.37318
55.90099,-4.37296
55.90086,-4.37238
55.90079,-4.37206
55.90073,-4.37175
55.90068,-4.37143
55.90061,-4.37098
55.90056,-4.37058
55.9005,-4.3701
55.90046,-4.36972
55.90043,-4.36942
55.90041,-4.36922
55.90036,-4.36871
55.90034,-4.36837
55.90033,-4.368
55.90032,-4.36755
55.9003,-4.36696
55.9003,-4.36648
55.9003,-4.36594
55.90034,-4.36454
55.90038,-4.36398
55.90044,-4.36317
55.9005,-4.36261
55.90065,-4.3612
55.90067,-4.36097
55.90069,-4.36076
55.90071,-4.36041
55.90073,-4.36007
55.90076,-4.35965
55.90077,-4.35936
55.90077,-4.35874
55.90077,-4.35827
55.90076,-4.35809
55.90071,-4.35604
55.90071,-4.3551
55.9007,-4.35475
55.90068,-4.35424
55.90066,-4.35289
55.90063,-4.35184
55.90062,-4.35146
55.9006,-4.35106
55.90057,-4.35072
55.90053,-4.35045
55.90051,-4.35025
55.90047,-4.35003
55.90045,-4.34993
55.9004,-4.34969
55.90037,-4.34956
55.90034,-4.34941
55.90025,-4.34908
55.90017,-4.34879
55.90007,-4.34851
55.89998,-4.34827
55.89987,-4.34802
55.89974,-4.34775
55.89962,-4.3475
55.89951,-4.34731
55.89943,-4.34718
55.89928,-4.34697
55.89919,-4.34684
55.89911,-4.34674
55.89908,-4.3467
55.89882,-4.34643
55.89855,-4.34613
55.89842,-4.34599
55.89781,-4.34535
55.89754,-4.34506
55.89711,-4.3446
55.89676,-4.34422
55.89602,-4.34345
55.8957,-4.34309
55.89546,-4.34276
55.8953,-4.34251
55.89514,-4.34223
55.89502,-4.34198
55.89487,-4.34163
55.89484,-4.34158
55.89478,-4.34143
55.89472,-4.34126
55.89462,-4.34097
55.89459,-4.34089
55.89454,-4.34072
55.8945,-4.34054
55.89446,-4.34037
55.89444,-4.34026
55.89437,-4.33994
55.89432,-4.33967
55.89428,-4.33939
55.89424,-4.33904
55.8942,-4.33868
55.89413,-4.33793
55.89404,-4.33706
55.89396,-4.33628
55.8939,-4.33579
55.89386,-4.33554
55.89382,-4.3353
55.89376,-4.33501
55.89372,-4.33481
55.89365,-4.33454
55.89357,-4.33423
55.89355,-4.33416
55.89344,-4.33381
55.89337,-4.33362
55.89308,-4.33284
55.89293,-4.33244
55.89201,-4.32999
55.89184,-4.32955
55.89154,-4.32873
55.8913,-4.32812
55.89117,-4.32769
55.89101,-4.32726
55.89094,-4.32708
55.89091,-4.32699
55.89086,-4.32686
55.89077,-4.32662
55.89062,-4.32626
55.89055,-4.32607
55.89047,-4.32587
55.8904,-4.32565
55.89034,-4.32547
55.89028,-4.32534
55.89026,-4.32529
55.89021,-4.32519
55.89011,-4.32498
55.89004,-4.32482
55.88996,-4.32463
55.88934,-4.32292
55.88928,-4.32276
55.88923,-4.32261
55.88899,-4.32192
55.88896,-4.32183
55.88877,-4.32128
55.88874,-4.32119
55.88869,-4.32106
55.8886,-4.32078
55.88831,-4.31996
55.88792,-4.3188
55.8876,-4.31787
55.88756,-4.31776
55.88751,-4.31762
55.88744,-4.31741
55.88689,-4.31588
55.88676,-4.31552
55.88624,-4.31402
55.88612,-4.31365
55.88578,-4.3127
55.8852,-4.31108
55.88509,-4.31078
55.88499,-4.3105
55.88481,-4.31
55.88474,-4.30979
55.88453,-4.30923
55.88441,-4.30893
55.88417,-4.30836
55.88361,-4.30667
55.88361,-4.30667
55.88344,-4.30618
55.88342,-4.30611
55.88308,-4.3051
55.88294,-4.30467
55.88249,-4.30334
55.88201,-4.30194
55.8816,-4.30076
55.88119,-4.29956
55.88118,-4.29952
55.88089,-4.29867
55.8806,-4.29783
55.88048,-4.29748
55.88007,-4.29628
55.87977,-4.29537
55.87971,-4.2952
55.87938,-4.29425
55.87876,-4.29245
55.87875,-4.29241
55.87855,-4.29184
55.87806,-4.29041
55.87797,-4.29013
55.87791,-4.28997
55.87781,-4.28966
55.87769,-4.28932
55.87765,-4.28921
55.8775,-4.28875
55.87734,-4.28824
55.87713,-4.28752
55.87667,-4.28596
55.87663,-4.28585
55.8766,-4.28573
55.8765,-4.28541
55.87629,-4.2847
55.87595,-4.28357
55.87593,-4.2835
55.87577,-4.28295
55.87562,-4.28245
55.87558,-4.28231
55.87552,-4.28214
55.87549,-4.28204
55.87542,-4.28181
55.87527,-4.28137
55.87509,-4.2808
55.87506,-4.28072
55.87499,-4.28049
55.87497,-4.28042
55.87495,-4.28038
55.87494,-4.28032
55.8746,-4.27928
55.87455,-4.27914
55.87449,-4.27896
55.87444,-4.2788
55.8743,-4.27834
55.87427,-4.27826
55.87425,-4.27821
55.87419,-4.27802
55.87412,-4.27809
55.87409,-4.27811
55.87405,-4.27815
55.87332,-4.27886
55.87326,-4.27893
55.8732,-4.27899
55.87296,-4.27922
55.87292,-4.27914
55.87287,-4.27905
55.87282,-4.27899
55.87275,-4.2789
55.87252,-4.27863
55.87225,-4.27832
55.87216,-4.27822
55.87208,-4.27813
55.87205,-4.2781
55.87202,-4.27808
55.87198,-4.27808
55.87195,-4.27808
55.87194,-4.27804
55.87192,-4.278
55.8719,-4.27798
55.87188,-4.27797
55.87185,-4.27798
55.87183,-4.278
55.8718,-4.27795
55.87171,-4.27779
55.87168,-4.27774
55.87158,-4.27761
55.87149,-4.27751
55.87139,-4.27738
55.87109,-4.27704
55.871,-4.27695
55.87096,-4.2769
55.87062,-4.27659
55.87052,-4.27646
55.87027,-4.27605
55.87001,-4.27558
55.86995,-4.27549
55.86986,-4.27532
55.86982,-4.27524
55.86937,-4.27448
55.86925,-4.27426
55.86893,-4.2737
55.8687,-4.27328
55.86862,-4.27315
55.86852,-4.27297
55.8683,-4.27262
55.86814,-4.27234
55.86802,-4.27212
55.86778,-4.27174
55.86771,-4.27156
55.86769,-4.27152
55.86766,-4.27148
55.86756,-4.27131
55.86752,-4.27124
55.86748,-4.27118
55.86744,-4.27113
55.86742,-4.27109
55.86741,-4.27106
55.86741,-4.27103
55.86742,-4.27101
55.86745,-4.27098
55.86749,-4.27094
55.86756,-4.27087
55.86762,-4.27082
55.86777,-4.27067
55.868,-4.27044
55.86829,-4.2701
55.86859,-4.26971
55.8688,-4.26943
55.86891,-4.26924
55.86912,-4.26887
55.86934,-4.2684
55.86943,-4.26817
55.86951,-4.26795
55.86957,-4.26775
55.86964,-4.26748
55.86969,-4.26721
55.86975,-4.26691
55.86978,-4.26665
55.86981,-4.26637
55.86983,-4.26611
55.86985,-4.26549
55.86986,-4.26505
55.86991,-4.2637
55.87,-4.26241
55.87008,-4.26136
55.87022,-4.25961
55.87024,-4.25924
55.87028,-4.25885
55.87039,-4.25741
55.87047,-4.2567
55.87049,-4.25646
55.8705,-4.2561
55.87051,-4.25591
55.87052,-4.25578
55.87052,-4.25539
55.87052,-4.25508
55.8705,-4.25474
55.87048,-4.2543
55.87041,-4.25347
55.87029,-4.2518
55.87022,-4.25093
55.86998,-4.24772
55.86988,-4.2466
55.86977,-4.24553
55.86966,-4.24447
55.8696,-4.24397
55.86941,-4.24227
55.86932,-4.24147
55.86922,-4.24067
55.86913,-4.24003
55.86908,-4.23969
55.86901,-4.23933
55.86895,-4.23906
55.8689,-4.23884
55.86883,-4.23852
55.86868,-4.23806
55.86861,-4.23783
55.86853,-4.2376
55.86842,-4.23733
55.86835,-4.23715
55.86826,-4.23694
55.86803,-4.23641
55.86779,-4.23584
55.86753,-4.23522
55.86748,-4.2351
55.86741,-4.23494
55.86705,-4.23409
55.867,-4.23397
55.86695,-4.23385
55.8669,-4.23373
55.86686,-4.23363
55.8668,-4.23344
55.86675,-4.2333
55.86671,-4.23316
55.86667,-4.23303
55.86664,-4.23289
55.8666,-4.23275
55.86657,-4.23263
55.86654,-4.23249
55.86651,-4.2323
55.86647,-4.23211
55.86644,-4.23191
55.86642,-4.23171
55.86639,-4.23151
55.86637,-4.23125
55.86634,-4.23095
55.86629,-4.23027
55.86624,-4.22932
55.86619,-4.22801
55.86616,-4.22689
55.86615,-4.22614
55.86615,-4.22525
55.86616,-4.2243
55.86617,-4.22379
55.86619,-4.22324
55.86623,-4.22276
55.86626,-4.22241
55.8663,-4.22193
55.86636,-4.22151
55.86643,-4.22103
55.86657,-4.22013
55.86664,-4.2197
55.86673,-4.21911
55.86678,-4.21873
55.86684,-4.21828
55.86688,-4.21788
55.86694,-4.21706
55.86699,-4.21607
55.86706,-4.21492
55.86709,-4.2144
55.86711,-4.21407
55.86715,-4.21365
55.86719,-4.21331
55.86722,-4.21303
55.8673,-4.21257
55.86739,-4.2121
55.86823,-4.20832
55.86874,-4.20638
55.86889,-4.20581
55.86908,-4.20516
55.86934,-4.20435
55.8695,-4.20384
55.86995,-4.20249
55.87011,-4.20201
55.87025,-4.20166
55.87038,-4.20138
55.87057,-4.20099
55.87072,-4.20072
55.87091,-4.20042
55.87107,-4.20021
55.87127,-4.19996
55.87144,-4.19979
55.87164,-4.19961
55.87185,-4.19945
55.87202,-4.19933
55.8723,-4.19919
55.87254,-4.19909
55.87279,-4.19902
55.87309,-4.19895
55.87344,-4.19886
55.87419,-4.19868
55.87558,-4.19837
55.87591,-4.19829
55.87663,-4.19821
55.87781,-4.1982
55.87848,-4.19817
55.87893,-4.198
55.87935,-4.19768
55.8797,-4.19732
55.87981,-4.19717
55.87994,-4.19698
55.88013,-4.19666
55.88022,-4.19647
55.88033,-4.19623
55.88039,-4.19608
55.88044,-4.19597
55.88053,-4.1957
55.88061,-4.19543
55.88068,-4.19516
55.88073,-4.19489
55.88083,-4.19432
55.88089,-4.19392
55.88097,-4.19313
55.88106,-4.19244
55.88112,-4.19196
55.88117,-4.19166
55.88122,-4.19136
55.88155,-4.19012
55.8819,-4.18909
55.88231,-4.18817
55.88274,-4.18743
55.88305,-4.18695
55.88322,-4.18674
55.8834,-4.18655
55.88362,-4.18631
55.88391,-4.18604
55.88477,-4.18523
55.88537,-4.18467
55.88575,-4.18432
55.88611,-4.18397
55.88659,-4.18352
55.88691,-4.18321
55.88716,-4.18294
55.88747,-4.18261
55.88777,-4.18227
55.88811,-4.18188
55.88838,-4.18153
55.88875,-4.18104
55.88904,-4.18064
55.88944,-4.18005
55.88968,-4.17968
55.88999,-4.17916
55.89027,-4.17867
55.89056,-4.17814
55.89076,-4.17776
55.89091,-4.17747
55.89124,-4.17679
55.89158,-4.17606
55.89179,-4.17555
55.89202,-4.17501
55.89222,-4.1745
55.89236,-4.17412
55.89261,-4.17339
55.89288,-4.17262
55.89297,-4.17232
55.89314,-4.17178
55.89335,-4.17103
55.89354,-4.17031
55.89369,-4.16969
55.89381,-4.16918
55.89392,-4.16869
55.89411,-4.16777
55.89421,-4.16718
55.89431,-4.1666
55.89443,-4.16587
55.8945,-4.16539
55.89456,-4.16492
55.89465,-4.1642
55.89479,-4.16316
55.89486,-4.16262
55.89493,-4.16212
55.89505,-4.16133
55.89519,-4.16045
55.89554,-4.1585
55.89614,-4.15556
55.89665,-4.15341
55.89728,-4.15108
55.89786,-4.14917
55.89811,-4.14845
55.89873,-4.14675
55.89917,-4.14561
55.90008,-4.14321
55.90104,-4.14071
55.90157,-4.1393
55.90165,-4.13909
55.90217,-4.13775
55.90315,-4.13528
55.90393,-4.13339
55.90446,-4.13216
55.90581,-4.12915
55.90643,-4.12784
55.90796,-4.12461
55.90958,-4.1212
55.91174,-4.11668
55.91282,-4.11456
55.91395,-4.11245
55.91601,-4.10883
55.9166,-4.10771
55.91715,-4.10653
55.9179,-4.10485
55.91859,-4.10311
55.91922,-4.1013
55.9198,-4.09946
55.9202,-4.09789
55.92055,-4.09623
55.92078,-4.09477
55.92096,-4.09332
55.92122,-4.0907
55.9217,-4.08582
55.92204,-4.08241
55.92225,-4.08065
55.92279,-4.07745
55.92294,-4.07652
55.92308,-4.07526
55.92317,-4.07392
55.92321,-4.07282
55.92321,-4.072
55.92316,-4.07085
55.92307,-4.06975
55.92286,-4.06809
55.92251,-4.06609
55.92231,-4.06497
55.92221,-4.06426
55.92214,-4.06357
55.92208,-4.06278
55.92204,-4.06215
55.92202,-4.06157
55.922,-4.0609
55.922,-4.0603
55.92202,-4.05973
55.92205,-4.05907
55.92209,-4.05847
55.92215,-4.0578
55.92224,-4.05705
55.92231,-4.05654
55.92235,-4.05627
55.92245,-4.0557
55.92253,-4.05527
55.92265,-4.05473
55.92279,-4.05413
55.9229,-4.05364
55.92305,-4.05295
55.92328,-4.05209
55.92355,-4.05117
55.92387,-4.05025
55.92402,-4.04981
55.92423,-4.04928
55.92461,-4.04827
55.92512,-4.04716
55.92579,-4.04593
55.9262,-4.04518
55.9269,-4.04411
55.92781,-4.04289
55.92859,-4.04187
55.93034,-4.03957
55.93207,-4.03725
55.93284,-4.03617
55.93359,-4.03502
55.93432,-4.03379
55.93502,-4.03254
55.9356,-4.03149
55.93594,-4.03081
55.93639,-4.02983
55.93731,-4.02762
55.9377,-4.02662
55.93818,-4.02532
55.93889,-4.02344
55.93933,-4.02233
55.93979,-4.02129
55.94013,-4.02058
55.94045,-4.01989
55.94091,-4.01874
55.94131,-4.01789
55.94174,-4.01702
55.9421,-4.01631
55.9424,-4.01581
55.94298,-4.01469
55.94343,-4.01386
55.94442,-4.01195
55.94501,-4.01085
55.94571,-4.00962
55.94633,-4.00855
55.9469,-4.00751
55.94784,-4.00601
55.94812,-4.00558
55.94969,-4.00334
55.95144,-4.00032
55.95314,-3.99722
55.95608,-3.99191
55.957,-3.99035
55.95798,-3.98887
55.95984,-3.98609
55.96151,-3.98361
55.96313,-3.98105
55.96342,-3.98052
55.96384,-3.97973
55.96423,-3.9789
55.96492,-3.97718
55.96563,-3.97515
55.96609,-3.97369
55.96619,-3.97336
55.96655,-3.9721
55.96687,-3.97101
55.96729,-3.96961
55.96771,-3.96827
55.9682,-3.96686
55.96881,-3.96525
55.96938,-3.96395
55.96994,-3.96266
55.97028,-3.96196
55.97098,-3.96048
55.97378,-3.95544
55.97579,-3.95188
55.9768,-3.95
55.97781,-3.94806
55.97839,-3.94699
55.97893,-3.94609
55.97932,-3.94551
55.97964,-3.94511
55.98007,-3.94465
55.9804,-3.94441
55.98076,-3.94419
55.98114,-3.944
55.98153,-3.94389
55.98195,-3.94378
55.98251,-3.94375
55.98398,-3.94382
55.98427,-3.94384
55.98457,-3.94388
55.9848,-3.9439
55.985,-3.94391
55.98671,-3.94402
55.99022,-3.94428
55.99079,-3.94418
55.99129,-3.944
55.99167,-3.94382
55.99189,-3.9437
55.99209,-3.94356
55.99264,-3.9431
55.99316,-3.94252
55.99355,-3.94196
55.99391,-3.94133
55.99416,-3.94081
55.99441,-3.94023
55.99458,-3.93976
55.99488,-3.93885
55.99504,-3.93831
55.99559,-3.93642
55.99662,-3.933
55.99692,-3.932
55.99706,-3.93152
55.9975,-3.92998
55.99773,-3.92922
55.99855,-3.92651
55.99888,-3.92548
55.99982,-3.92293
56.00006,-3.92257
56.00042,-3.92171
56.00068,-3.92112
56.00085,-3.92078
56.0011,-3.92035
56.00161,-3.91957
56.00189,-3.91911
56.00202,-3.91887
56.0021,-3.91871
56.00223,-3.91841
56.00234,-3.91813
56.00246,-3.91778
56.00257,-3.91738
56.00263,-3.91708
56.00272,-3.91652
56.00274,-3.91633
56.00278,-3.91583
56.00279,-3.91516
56.00278,-3.91493
56.00273,-3.91432
56.00268,-3.91373
56.00235,-3.91071
56.0023,-3.91018
56.00227,-3.90954
56.00226,-3.90913
56.00226,-3.90865
56.00229,-3.90812
56.00231,-3.90787
56.00235,-3.9074
56.00243,-3.90682
56.00249,-3.90648
56.00261,-3.90593
56.00275,-3.90542
56.0032,-3.90393
56.00508,-3.89788
56.00522,-3.89748
56.00873,-3.88615
56.00943,-3.88419
56.01018,-3.88233
56.01103,-3.88049
56.01186,-3.87891
56.01298,-3.8771
56.01333,-3.87665
56.01363,-3.87631
56.01367,-3.87627
56.01371,-3.87623
56.01376,-3.8762
56.01381,-3.87618
56.01386,-3.87617
56.01391,-3.87617
56.01396,-3.87617
56.014,-3.87619
56.01405,-3.87621
56.01409,-3.87623
56.01413,-3.87626
56.01416,-3.87629
56.0142,-3.87633
56.01423,-3.87637
56.01426,-3.87641
56.01429,-3.87646
56.01431,-3.87652
56.01434,-3.87657
56.01437,-3.87667
56.0144,-3.87678
56.01442,-3.87689
56.01443,-3.87701
56.01443,-3.87712
56.01443,-3.87724
56.01442,-3.87736
56.0144,-3.87748
56.01437,-3.8776
56.01433,-3.8777
56.01428,-3.8778
56.0142,-3.87795
56.01414,-3.87806
56.0141,-3.87812
56.014,-3.87793
56.01389,-3.87769
56.01379,-3.87745
56.01369,-3.87719
56.0136,-3.87693
56.01352,-3.87666
56.01344,-3.87639
56.01338,-3.8761
56.01332,-3.87582
56.01327,-3.87554
56.01323,-3.87525
56.0132,-3.87495
56.01318,-3.87466
56.01316,-3.87436
56.01316,-3.87406
56.01314,-3.87355
56.01314,-3.87295
56.01313,-3.87274
56.01311,-3.87253
56.01309,-3.87232
56.01306,-3.8721
56.01302,-3.87189
56.01298,-3.87168
56.01295,-3.87155
56.01294,-3.87142
56.01294,-3.87129
56.01295,-3.87115
56.01297,-3.87103
56.01299,-3.87098
56.01301,-3.87093
56.01303,-3.87081
56.01304,-3.87069
56.01303,-3.87058
56.01301,-3.87046
56.01298,-3.87038
56.01294,-3.87031
56.0129,-3.87025
56.01286,-3.87017
56.01283,-3.87009
56.0128,-3.87
56.01278,-3.8699
56.01276,-3.8698
56.01273,-3.86958
56.0127,-3.86935
56.01267,-3.86913
56.01264,-3.86896
56.0126,-3.86879
56.01256,-3.86861
56.01229,-3.86741
56.01185,-3.86552
56.01157,-3.86426
56.01147,-3.8638
56.01139,-3.86327
56.01107,-3.86075
56.01099,-3.86034
56.01091,-3.86002
56.0108,-3.8597
56.01064,-3.85934
56.01045,-3.85893
56.01031,-3.85855
56.01022,-3.85818
56.01014,-3.85778
56.01,-3.85678
56.00986,-3.85573
56.00978,-3.85509
56.00974,-3.85437
56.00972,-3.85375
56.00973,-3.85303
56.00972,-3.85101
56.00971,-3.85019
56.00968,-3.84938
56.00961,-3.84777
56.0095,-3.84582
56.0094,-3.84346
56.00938,-3.84324
56.00935,-3.84306
56.00931,-3.8429
56.00926,-3.84277
56.00919,-3.84265
56.00908,-3.84246
56.00891,-3.8422
56.00864,-3.84184
56.00812,-3.84108
56.00797,-3.84082
56.00789,-3.84066
56.00772,-3.84026
56.0076,-3.84004
56.00756,-3.83997
56.00752,-3.83989
56.00749,-3.83984
56.00746,-3.83978
56.00744,-3.83971
56.00742,-3.83963
56.00741,-3.83955
56.0074,-3.83949
56.00739,-3.83943
56.00737,-3.83937
56.00735,-3.83933
56.00732,-3.83929
56.00729,-3.83926
56.00726,-3.83924
56.00722,-3.8392
56.0072,-3.83915
56.00717,-3.83909
56.00715,-3.83903
56.00713,-3.83896
56.00712,-3.8389
56.00708,-3.83859
56.00701,-3.83816
56.00693,-3.83771
56.00684,-3.83727
56.00655,-3.83589
56.00645,-3.83536
56.00641,-3.83512
56.00637,-3.83487
56.00635,-3.83459
56.00633,-3.83422
56.00631,-3.83379
56.00629,-3.83294
56.00628,-3.83216
56.00625,-3.83054
56.00623,-3.82992
56.00619,-3.82942
56.00615,-3.82916
56.00613,-3.82898
56.00612,-3.82888
56.00602,-3.82819
56.00593,-3.82771
56.00576,-3.82677
56.00566,-3.82623
56.00562,-3.826
56.00553,-3.82556
56.00546,-3.82517
56.00535,-3.82451
56.00526,-3.82376
56.00523,-3.82356
56.00521,-3.82338
56.00509,-3.82236
56.00508,-3.82229
56.00507,-3.8222
56.005,-3.82169
56.00493,-3.82113
56.00492,-3.82105
56.00485,-3.82052
56.00478,-3.82002
56.00474,-3.81975
56.00471,-3.81948
56.00467,-3.81915
56.00465,-3.81905
56.00461,-3.81868
56.00452,-3.81791
56.00437,-3.81685
56.00436,-3.81675
56.00444,-3.81636
56.00447,-3.81631
56.00448,-3.81623
56.00449,-3.81617
56.00447,-3.8161
56.00445,-3.81605
56.00445,-3.81604
56.00442,-3.81601
56.00438,-3.81599
56.00431,-3.81583
56.00414,-3.81552
56.00403,-3.81515
56.00398,-3.81496
56.00387,-3.81455
56.0038,-3.81432
56.00363,-3.81372
56.00362,-3.81369
56.00352,-3.8133
56.00337,-3.81266
56.00328,-3.81228
56.00307,-3.81136
56.00304,-3.81126
56.00287,-3.81048
56.00281,-3.81017
56.00273,-3.80974
56.00268,-3.80941
56.00266,-3.80922
56.00265,-3.80914
56.00262,-3.8088
56.00259,-3.80827
56.00257,-3.80783
56.00255,-3.80763
56.0025,-3.80663
56.0025,-3.80642
56.0025,-3.80625
56.00254,-3.80602
56.00258,-3.80587
56.00272,-3.80554
56.00276,-3.80547
56.00279,-3.80537
56.00281,-3.80526
56.0028,-3.80515
56.00277,-3.80505
56.00272,-3.80497
56.00266,-3.80492
56.00263,-3.80491
56.0026,-3.80491
56.00256,-3.80493
56.0024,-3.80481
56.00227,-3.80466
56.00222,-3.80447
56.00221,-3.80443
56.00216,-3.80427
56.00217,-3.80404
56.00212,-3.80316
56.00208,-3.80256
56.00201,-3.80174
56.002,-3.80165
56.00196,-3.80126
56.00195,-3.80115
56.00189,-3.80074
56.00186,-3.80052
56.00172,-3.79962
56.00158,-3.79878
56.00134,-3.79756
56.00118,-3.79683
56.00109,-3.79642
56.00101,-3.79608
56.001,-3.79601
56.00049,-3.79371
56.00044,-3.79326
56.00037,-3.79266
56.00037,-3.79243
56.00037,-3.79226
56.0004,-3.79156
56.00043,-3.79106
56.00044,-3.79088
56.00045,-3.79047
56.00044,-3.79017
56.00042,-3.78986
56.0004,-3.78967
56.00035,-3.7892
56.0003,-3.78884
56.0003,-3.78879
56.0003,-3.78873
56.00033,-3.78834
56.00034,-3.78827
56.00035,-3.78821
56.00038,-3.78814
56.00043,-3.78811
56.0005,-3.78811
56.00077,-3.78815
56.00081,-3.78816
56.00101,-3.78818
56.00106,-3.78819
56.00115,-3.78817
56.00124,-3.78813
56.00139,-3.78802
56.00151,-3.7879
56.00163,-3.78771
56.00172,-3.78751
56.0018,-3.78729
56.00184,-3.78709
56.00187,-3.78686
56.00187,-3.78671
56.00187,-3.7861
56.00187,-3.78599
56.00187,-3.78584
56.00187,-3.78573
56.00188,-3.78482
56.00188,-3.78435
56.0019,-3.78419
56.0019,-3.78416
56.00195,-3.78411
56.00198,-3.78405
56.002,-3.78397
56.002,-3.78388
56.00199,-3.7838
56.00197,-3.78374
56.00198,-3.78367
56.00198,-3.78359
56.00197,-3.78349
56.00194,-3.78339
56.00189,-3.78326
56.00185,-3.78317
56.00178,-3.78307
56.00171,-3.78299
56.00161,-3.78293
56.0015,-3.78289
56.00137,-3.78287
56.00081,-3.7828
56.00068,-3.78279
56.00061,-3.78277
56.00053,-3.78271
56.00048,-3.78265
56.00042,-3.78257
56.00037,-3.78248
56.00033,-3.78242
56.00028,-3.78237
56.00024,-3.78234
56.00019,-3.78231
56.00004,-3.78225
56,-3.78221
55.99997,-3.78219
55.99994,-3.78213
55.99991,-3.78197
55.9999,-3.7818
55.99989,-3.78156
55.99989,-3.78146
55.99988,-3.78135
55.99989,-3.78118
55.9999,-3.78087
55.99992,-3.78053
55.99994,-3.78024
55.99997,-3.78006
56.00001,-3.77974
56.00016,-3.77867
56.00017,-3.7786
56.00019,-3.77844
56.00009,-3.77832
56.00005,-3.77826
55.99994,-3.77812
55.99987,-3.77805
55.99962,-3.77779
55.99957,-3.77774
55.99929,-3.77748
55.99875,-3.77694
55.99855,-3.77678
55.99851,-3.77677
55.99849,-3.77676
55.99844,-3.77676
55.99833,-3.77671
55.99831,-3.77667
55.99829,-3.77663
55.99826,-3.77661
55.99823,-3.77661
55.99818,-3.77637
55.9981,-3.7753
55.99816,-3.775
55.99818,-3.77494
55.99819,-3.77488
55.99819,-3.77481
55.99818,-3.77475
55.99816,-3.7747
55.99814,-3.77466
55.99811,-3.77464
55.99808,-3.77462
55.99801,-3.77439
55.99797,-3.77402
55.99797,-3.77395
55.99796,-3.77391
55.99791,-3.77331
55.99788,-3.77289
55.99782,-3.77229
55.99772,-3.77109
55.99771,-3.77102
55.9977,-3.77085
55.99758,-3.76936
55.99756,-3.76913
55.99746,-3.76813
55.99736,-3.76737
55.99721,-3.76616
55.99712,-3.76541
55.99709,-3.76504
55.99705,-3.7645
55.99691,-3.76245
55.99687,-3.76173
55.99681,-3.7605
55.99676,-3.7596
55.99672,-3.75884
55.9967,-3.75855
55.99668,-3.75842
55.99661,-3.7582
55.99658,-3.75809
55.99658,-3.75805
55.99657,-3.758
55.99663,-3.75764
55.99663,-3.75741
55.99662,-3.75714
55.99655,-3.75543
55.99654,-3.75528
55.99652,-3.75513
55.99649,-3.75492
55.99644,-3.75467
55.99639,-3.75445
55.99636,-3.75421
55.99634,-3.75399
55.99633,-3.75381
55.99633,-3.75369
55.99635,-3.7536
55.99638,-3.75355
55.99641,-3.75351
55.99646,-3.75349
55.99652,-3.75347
55.99661,-3.75345
55.99669,-3.75345
55.99677,-3.75347
55.99685,-3.75351
55.99758,-3.75388
55.99785,-3.75397
55.99819,-3.75394
55.99839,-3.75388
55.99858,-3.75377
55.99876,-3.75364
55.99891,-3.75347
55.99912,-3.75321
55.99929,-3.75297
55.99948,-3.75278
55.99956,-3.7527
55.9996,-3.75271
55.99966,-3.75268
55.99969,-3.75262
55.99972,-3.75254
55.99972,-3.75246
55.99971,-3.75238
55.99968,-3.75232
55.99964,-3.75227
55.99959,-3.75226
55.99951,-3.75197
55.99947,-3.75132
55.99945,-3.74758
55.99943,-3.74635
55.99942,-3.74505
55.99939,-3.74327
55.99939,-3.74285
55.9994,-3.74252
55.99943,-3.74212
55.99947,-3.74175
55.99958,-3.74139
55.9997,-3.74124
55.99976,-3.74121
55.9998,-3.74116
55.99984,-3.74108
55.99987,-3.74098
55.99988,-3.74085
55.99987,-3.74073
55.99984,-3.74064
55.9998,-3.74055
55.99966,-3.74031
55.99958,-3.74009
55.99939,-3.7393
55.99926,-3.73846
55.99917,-3.7374
55.99907,-3.73546
55.99906,-3.73522
55.999,-3.73401
55.99889,-3.73279
55.99877,-3.73188
55.99874,-3.73162
55.99859,-3.73093
55.99846,-3.73042
55.99829,-3.72989
55.99808,-3.7292
55.99783,-3.72849
55.99767,-3.72801
55.9976,-3.72776
55.9975,-3.72738
55.99745,-3.72713
55.99736,-3.7267
55.99732,-3.72648
55.99725,-3.72605
55.99719,-3.72569
55.99716,-3.72539
55.99707,-3.72473
55.99699,-3.72411
55.99688,-3.72318
55.99678,-3.7223
55.99675,-3.72202
55.99673,-3.7218
55.99669,-3.7214
55.99663,-3.72081
55.99656,-3.72039
55.99655,-3.72026
55.99653,-3.71984
55.99653,-3.71978
55.99653,-3.71971
55.99653,-3.71962
55.99655,-3.71955
55.99657,-3.71946
55.99661,-3.71939
55.99664,-3.71932
55.99667,-3.71929
55.99678,-3.7192
55.99683,-3.71916
55.99693,-3.71918
55.99703,-3.71916
55.99713,-3.71908
55.99724,-3.71894
55.99766,-3.71821
55.99776,-3.71797
55.9978,-3.71787
55.99782,-3.71781
55.99785,-3.71774
55.9979,-3.71749
55.9979,-3.7173
55.99788,-3.71711
55.99782,-3.71688
55.99773,-3.7167
55.99768,-3.71663
55.99755,-3.71647
55.99739,-3.7164
55.99731,-3.71639
55.99723,-3.71639
55.99717,-3.71637
55.9971,-3.71632
55.99705,-3.71627
55.997,-3.71621
55.99695,-3.71613
55.99691,-3.71605
55.99685,-3.7159
55.9968,-3.71574
55.99675,-3.71555
55.99665,-3.71523
55.99654,-3.71486
55.99643,-3.71451
55.99631,-3.71415
55.99622,-3.71386
55.99611,-3.71354
55.99598,-3.71318
55.99589,-3.71292
55.99576,-3.71257
55.99565,-3.71228
55.99557,-3.71207
55.99549,-3.71185
55.99535,-3.7115
55.99529,-3.71132
55.99522,-3.71112
55.99507,-3.71068
55.99496,-3.71035
55.99482,-3.70991
55.99463,-3.70932
55.99392,-3.70723
55.99377,-3.70677
55.99365,-3.7064
55.99354,-3.70604
55.99338,-3.70554
55.99333,-3.70538
55.99329,-3.70524
55.99318,-3.70489
55.99308,-3.70456
55.993,-3.70429
55.99292,-3.70402
55.99282,-3.70368
55.99274,-3.70341
55.99262,-3.70303
55.99252,-3.70268
55.99242,-3.70236
55.99231,-3.70199
55.9922,-3.70163
55.99209,-3.70128
55.99197,-3.70088
55.99186,-3.70051
55.99174,-3.70012
55.99158,-3.69961
55.99142,-3.69911
55.99126,-3.69856
55.99111,-3.69807
55.99095,-3.69756
55.99085,-3.69717
55.99072,-3.69673
55.99062,-3.69634
55.99056,-3.69608
55.9905,-3.69583
55.99044,-3.69561
55.99039,-3.69537
55.99032,-3.69506
55.99027,-3.69484
55.99023,-3.69464
55.9902,-3.69449
55.99014,-3.69421
55.9901,-3.69402
55.99006,-3.69382
55.98998,-3.69338
55.98992,-3.69299
55.98986,-3.69266
55.98981,-3.69234
55.98974,-3.69195
55.98967,-3.69145
55.98961,-3.69099
55.98958,-3.69074
55.98955,-3.69051
55.98952,-3.69022
55.98947,-3.68982
55.98943,-3.68936
55.9894,-3.68905
55.98937,-3.68864
55.98934,-3.68828
55.98931,-3.68789
55.98927,-3.68739
55.98865,-3.67924
55.98828,-3.67422
55.98826,-3.67397
55.98823,-3.67368
55.98819,-3.67335
55.98816,-3.67296
55.98812,-3.6726
55.98808,-3.67222
55.98803,-3.67181
55.98799,-3.67152
55.98796,-3.67125
55.98791,-3.67088
55.98787,-3.67055
55.98783,-3.67028
55.98777,-3.66984
55.98773,-3.66953
55.98767,-3.66916
55.98761,-3.66877
55.98756,-3.66845
55.98752,-3.66819
55.98747,-3.66792
55.9874,-3.66753
55.98737,-3.66731
55.98732,-3.66704
55.98725,-3.66671
55.98719,-3.6664
55.98714,-3.66611
55.98708,-3.66581
55.98703,-3.66554
55.98698,-3.66531
55.9869,-3.66491
55.98685,-3.66463
55.9868,-3.66437
55.98674,-3.66405
55.98667,-3.66371
55.9866,-3.66332
55.98652,-3.66294
55.98646,-3.66257
55.98636,-3.66201
55.9863,-3.66162
55.98626,-3.66138
55.98622,-3.6611
55.98618,-3.66085
55.98613,-3.66052
55.98607,-3.66005
55.98602,-3.65965
55.98596,-3.65917
55.98591,-3.65875
55.98586,-3.65825
55.98582,-3.65783
55.98579,-3.65756
55.98576,-3.65721
55.98573,-3.6569
55.98571,-3.65657
55.98568,-3.6563
55.98567,-3.65603
55.98565,-3.65571
55.98563,-3.65542
55.98561,-3.65507
55.98559,-3.65481
55.98558,-3.65452
55.98557,-3.65423
55.98555,-3.65399
55.98554,-3.6537
55.98553,-3.65338
55.98552,-3.65311
55.98551,-3.65286
55.9855,-3.65253
55.98548,-3.65209
55.98546,-3.65169
55.98544,-3.65127
55.98542,-3.65081
55.9854,-3.65034
55.98538,-3.64998
55.98536,-3.64955
55.98534,-3.64906
55.98533,-3.64869
55.98531,-3.64834
55.98529,-3.64784
55.98527,-3.64748
55.98526,-3.64714
55.98525,-3.64687
55.98523,-3.6465
55.98521,-3.64612
55.9852,-3.64574
55.98519,-3.64546
55.98518,-3.6452
55.98516,-3.6449
55.98513,-3.64427
55.98511,-3.64369
55.98508,-3.64307
55.98505,-3.64242
55.98502,-3.64178
55.98499,-3.64109
55.98497,-3.64044
55.98495,-3.63994
55.98492,-3.6393
55.9849,-3.63881
55.98487,-3.63834
55.98485,-3.63786
55.98484,-3.6375
55.98482,-3.63723
55.9848,-3.6369
55.98478,-3.63662
55.98475,-3.6362
55.98472,-3.63585
55.9847,-3.63561
55.98467,-3.63536
55.98464,-3.63507
55.98459,-3.63463
55.98455,-3.63434
55.98451,-3.63399
55.98447,-3.63372
55.98443,-3.63346
55.98437,-3.63309
55.98432,-3.63273
55.98425,-3.63232
55.9842,-3.63207
55.98412,-3.63162
55.98405,-3.63129
55.98399,-3.63097
55.98393,-3.63072
55.98381,-3.6302
55.98372,-3.62983
55.98366,-3.62957
55.98355,-3.62919
55.9835,-3.62899
55.98343,-3.62875
55.98291,-3.62684
55.98274,-3.62621
55.98254,-3.6255
55.98236,-3.62482
55.98216,-3.62404
55.98204,-3.62357
55.98194,-3.62313
55.98183,-3.62261
55.98174,-3.62212
55.98168,-3.62177
55.98162,-3.62139
55.98155,-3.62098
55.98148,-3.62046
55.98142,-3.62001
55.98135,-3.61942
55.98129,-3.61882
55.98123,-3.61805
55.98119,-3.61739
55.98116,-3.61679
55.98115,-3.61611
55.98114,-3.61519
55.98115,-3.61449
55.98115,-3.61383
55.98117,-3.61312
55.9812,-3.6123
55.98123,-3.61169
55.98128,-3.61095
55.98131,-3.6105
55.98135,-3.60997
55.98142,-3.60915
55.98149,-3.60843
55.98157,-3.60768
55.98162,-3.60728
55.98168,-3.60685
55.98174,-3.60639
55.98181,-3.60588
55.98188,-3.60546
55.98195,-3.60507
55.98202,-3.60464
55.9821,-3.60423
55.98216,-3.60389
55.98223,-3.60354
55.98232,-3.60309
55.9824,-3.60268
55.98249,-3.60229
55.98258,-3.60186
55.98265,-3.60159
55.98278,-3.60105
55.98288,-3.60064
55.983,-3.60019
55.98309,-3.59984
55.98316,-3.59958
55.98325,-3.59922
55.98335,-3.59885
55.98339,-3.59869
55.98345,-3.59849
55.98351,-3.59824
55.98359,-3.59796
55.98371,-3.59749
55.98386,-3.59694
55.98398,-3.59647
55.98414,-3.59587
55.98425,-3.59548
55.98446,-3.59467
55.98456,-3.59429
55.98473,-3.59365
55.98494,-3.59289
55.98519,-3.59197
55.98547,-3.59088
55.98581,-3.5896
55.98601,-3.58884
55.98622,-3.58805
55.98649,-3.58703
55.98663,-3.58653
55.98692,-3.58542
55.98735,-3.58379
55.98777,-3.58211
55.98792,-3.58142
55.98799,-3.5811
55.98805,-3.58078
55.98809,-3.58056
55.98813,-3.58033
55.98817,-3.58011
55.98821,-3.5799
55.98825,-3.57966
55.98829,-3.57943
55.98833,-3.57918
55.98836,-3.57898
55.9884,-3.5787
55.98843,-3.57845
55.98846,-3.57819
55.98849,-3.57797
55.98852,-3.57772
55.98854,-3.57753
55.98856,-3.57735
55.98858,-3.57713
55.9886,-3.57694
55.98862,-3.57672
55.98864,-3.5765
55.98866,-3.5763
55.98868,-3.57607
55.98869,-3.57588
55.98871,-3.57557
55.98873,-3.57526
55.98875,-3.57496
55.98876,-3.57463
55.98877,-3.57439
55.98878,-3.57414
55.98879,-3.57388
55.98879,-3.57364
55.9888,-3.57334
55.9888,-3.57313
55.9888,-3.5728
55.9888,-3.57256
55.9888,-3.57224
55.9888,-3.57198
55.98879,-3.57161
55.98878,-3.57123
55.98877,-3.57096
55.98876,-3.57067
55.98874,-3.57027
55.98872,-3.57003
55.98871,-3.5698
55.98869,-3.56952
55.98867,-3.5692
55.98863,-3.56879
55.9886,-3.56846
55.98858,-3.5682
55.98855,-3.56792
55.98852,-3.56764
55.98849,-3.56733
55.98846,-3.56694
55.98843,-3.56665
55.9884,-3.56632
55.98836,-3.56597
55.98834,-3.56569
55.98832,-3.56548
55.9883,-3.56527
55.98827,-3.56501
55.98823,-3.56458
55.98818,-3.56408
55.98814,-3.56362
55.9881,-3.56322
55.98808,-3.56297
55.98805,-3.56267
55.98801,-3.56234
55.98798,-3.56201
55.98795,-3.56171
55.98793,-3.56144
55.9879,-3.56112
55.98785,-3.56062
55.98781,-3.56024
55.98777,-3.55982
55.98773,-3.55941
55.98768,-3.55885
55.98765,-3.55855
55.98761,-3.55812
55.98758,-3.55782
55.98755,-3.55755
55.98751,-3.55712
55.98748,-3.55681
55.98744,-3.55639
55.98739,-3.55584
55.98735,-3.55542
55.98731,-3.55504
55.98728,-3.55473
55.98723,-3.55421
55.98721,-3.55395
55.98718,-3.55364
55.98713,-3.55314
55.98709,-3.55271
55.98707,-3.55246
55.98704,-3.55217
55.98701,-3.55188
55.98698,-3.55161
55.98694,-3.55114
55.9869,-3.55076
55.98687,-3.5504
55.98683,-3.55002
55.98679,-3.54968
55.98674,-3.54921
55.98671,-3.54897
55.98668,-3.54872
55.98664,-3.54842
55.98661,-3.54817
55.98655,-3.54777
55.98649,-3.54739
55.98645,-3.5471
55.98638,-3.54674
55.98633,-3.54643
55.98626,-3.54609
55.98621,-3.5458
55.98615,-3.54551
55.9861,-3.54528
55.98604,-3.54501
55.98599,-3.54479
55.98592,-3.54452
55.98586,-3.54424
55.98577,-3.54389
55.98573,-3.54374
55.98568,-3.54355
55.98563,-3.54336
55.98557,-3.54317
55.98551,-3.54294
55.98541,-3.54257
55.98533,-3.54229
55.98527,-3.54208
55.98523,-3.5419
55.98517,-3.54168
55.98512,-3.5415
55.98508,-3.54132
55.98503,-3.54115
55.98498,-3.54092
55.98492,-3.54067
55.98488,-3.5405
55.98481,-3.54023
55.98469,-3.53969
55.98463,-3.53942
55.98456,-3.5391
55.98451,-3.53883
55.98446,-3.53859
55.98441,-3.53837
55.98437,-3.53816
55.98433,-3.53793
55.98427,-3.53761
55.98424,-3.53745
55.98419,-3.53719
55.98415,-3.53694
55.98412,-3.53674
55.98408,-3.53648
55.98402,-3.53612
55.98396,-3.53576
55.98391,-3.53537
55.98385,-3.53498
55.98381,-3.53467
55.98377,-3.53437
55.98373,-3.53405
55.9837,-3.53372
55.98366,-3.53337
55.98361,-3.53292
55.98358,-3.53262
55.98355,-3.53228
55.98352,-3.53199
55.9835,-3.53168
55.98347,-3.53137
55.98346,-3.53113
55.98344,-3.53086
55.98342,-3.53057
55.9834,-3.53016
55.98338,-3.52981
55.98335,-3.52951
55.98333,-3.52924
55.98331,-3.52897
55.98328,-3.52837
55.98327,-3.52808
55.98325,-3.5278
55.98323,-3.52743
55.9832,-3.52694
55.98318,-3.52664
55.98316,-3.52625
55.98313,-3.52595
55.98311,-3.52565
55.98309,-3.52535
55.98307,-3.52506
55.98305,-3.52475
55.98302,-3.52436
55.98298,-3.5238
55.98295,-3.52344
55.9829,-3.52287
55.98287,-3.52244
55.98283,-3.52204
55.98279,-3.52154
55.98274,-3.52106
55.9827,-3.52062
55.98265,-3.52015
55.9826,-3.51963
55.98256,-3.51921
55.98249,-3.51849
55.98241,-3.5177
55.98234,-3.51707
55.98227,-3.51639
55.98225,-3.51618
55.98222,-3.51596
55.9822,-3.51575
55.98216,-3.51545
55.98213,-3.51518
55.98208,-3.51475
55.98204,-3.51439
55.98201,-3.51411
55.98198,-3.51389
55.98194,-3.51354
55.9819,-3.51325
55.98186,-3.51294
55.98181,-3.51247
55.98177,-3.51214
55.98173,-3.51184
55.9817,-3.51158
55.98167,-3.51129
55.98162,-3.5109
55.98159,-3.51063
55.98156,-3.51029
55.98152,-3.50997
55.98147,-3.50955
55.98144,-3.50935
55.98138,-3.50891
55.98134,-3.5086
55.98132,-3.50845
55.9813,-3.50829
55.98126,-3.508
55.98124,-3.50786
55.98115,-3.50713
55.98111,-3.50678
55.98108,-3.50655
55.98102,-3.50606
55.98097,-3.50565
55.98093,-3.50535
55.98088,-3.50489
55.98084,-3.50457
55.98078,-3.50409
55.98069,-3.50337
55.98058,-3.50244
55.98051,-3.5019
55.98045,-3.50147
55.98041,-3.5011
55.98037,-3.50076
55.98033,-3.50043
55.98025,-3.4998
55.98016,-3.49907
55.98009,-3.49849
55.98001,-3.49788
55.97994,-3.49734
55.97986,-3.49667
55.97981,-3.49625
55.97971,-3.49551
55.97963,-3.49491
55.97956,-3.49434
55.97947,-3.49374
55.97939,-3.49315
55.97932,-3.49272
55.97924,-3.49214
55.97911,-3.49128
55.97901,-3.49061
55.97894,-3.49021
55.97884,-3.48957
55.9788,-3.48927
55.97874,-3.48895
55.9787,-3.48868
55.97837,-3.48684
55.97826,-3.4862
55.97815,-3.4856
55.97806,-3.48511
55.97794,-3.48448
55.97778,-3.4837
55.97766,-3.48307
55.97754,-3.48246
55.97746,-3.48211
55.97741,-3.48183
55.97734,-3.48149
55.97726,-3.48114
55.97715,-3.4806
55.97707,-3.48023
55.97696,-3.47975
55.97686,-3.47928
55.97674,-3.47875
55.97666,-3.47842
55.97655,-3.47792
55.97642,-3.4774
55.97629,-3.47685
55.97619,-3.47643
55.97607,-3.47595
55.97594,-3.47542
55.97584,-3.47502
55.97572,-3.47454
55.97558,-3.474
55.97546,-3.47351
55.97539,-3.47324
55.97527,-3.47281
55.97519,-3.47248
55.97504,-3.47191
55.97489,-3.47137
55.97474,-3.47085
55.97466,-3.47054
55.97457,-3.47023
55.97447,-3.46986
55.97436,-3.46948
55.97426,-3.46916
55.97415,-3.46878
55.97399,-3.46824
55.97389,-3.46789
55.9737,-3.46727
55.97359,-3.4669
55.97346,-3.46646
55.97332,-3.46604
55.9732,-3.46567
55.97311,-3.46539
55.97299,-3.465
55.97289,-3.46469
55.9728,-3.46443
55.97272,-3.46417
55.9726,-3.4638
55.97242,-3.46326
55.97225,-3.46275
55.97208,-3.46223
55.97194,-3.46183
55.97183,-3.46152
55.97162,-3.46092
55.97152,-3.46066
55.97139,-3.46029
55.97128,-3.45997
55.97105,-3.45933
55.97085,-3.4588
55.9707,-3.45838
55.97055,-3.458
55.97044,-3.45775
55.9697,-3.45581
55.96955,-3.45543
55.96941,-3.45507
55.96924,-3.45465
55.96911,-3.45436
55.969,-3.45408
55.96879,-3.45358
55.96864,-3.45324
55.96852,-3.45296
55.9684,-3.45268
55.96831,-3.45246
55.96817,-3.45215
55.96811,-3.452
55.96802,-3.4518
55.96794,-3.45161
55.96778,-3.45124
55.9677,-3.45107
55.96764,-3.45093
55.96736,-3.4503
55.9672,-3.44997
55.96715,-3.44985
55.96705,-3.44965
55.96696,-3.44946
55.96687,-3.44928
55.96678,-3.44911
55.96668,-3.44891
55.96655,-3.44868
55.96649,-3.44857
55.96639,-3.44841
55.96627,-3.4482
55.96613,-3.44795
55.96604,-3.44781
55.96594,-3.44765
55.96585,-3.44752
55.96569,-3.44727
55.96553,-3.44704
55.9654,-3.44686
55.96527,-3.44668
55.96516,-3.44653
55.96501,-3.44634
55.96494,-3.44625
55.96483,-3.44612
55.96472,-3.44598
55.96458,-3.44581
55.96443,-3.44564
55.96432,-3.44552
55.96416,-3.44535
55.96403,-3.4452
55.96387,-3.44502
55.96362,-3.44475
55.96341,-3.44451
55.96325,-3.44434
55.96296,-3.44402
55.96286,-3.4439
55.96273,-3.44375
55.96264,-3.44365
55.96253,-3.44352
55.96244,-3.4434
55.96235,-3.44329
55.96226,-3.44318
55.96213,-3.44302
55.96206,-3.44292
55.96197,-3.44281
55.9619,-3.44271
55.9618,-3.44258
55.9617,-3.44244
55.96159,-3.4423
55.96149,-3.44216
55.96128,-3.44187
55.96118,-3.44171
55.9611,-3.44159
55.96101,-3.44146
55.96091,-3.44131
55.96078,-3.44112
55.96069,-3.44098
55.96062,-3.44086
55.96055,-3.44074
55.96046,-3.44059
55.96038,-3.44045
55.96026,-3.44025
55.96019,-3.44013
55.96013,-3.44002
55.96008,-3.43993
55.96002,-3.4398
55.95994,-3.43964
55.95986,-3.43949
55.95979,-3.43935
55.95974,-3.43923
55.95968,-3.43911
55.95962,-3.43897
55.95956,-3.43885
55.95951,-3.43873
55.95943,-3.43856
55.95938,-3.43844
55.9593,-3.43825
55.95922,-3.43804
55.95913,-3.43783
55.95906,-3.43764
55.95899,-3.43745
55.95891,-3.43721
55.95882,-3.43697
55.95875,-3.43676
55.95869,-3.43656
55.95862,-3.43637
55.95858,-3.43623
55.9585,-3.43596
55.95844,-3.43578
55.95838,-3.43559
55.95834,-3.43542
55.95829,-3.43525
55.95824,-3.43508
55.95819,-3.43488
55.95813,-3.43467
55.95809,-3.43448
55.95805,-3.43432
55.95799,-3.43407
55.95797,-3.43397
55.95794,-3.43383
55.9579,-3.43366
55.95786,-3.43348
55.95782,-3.4333
55.95779,-3.43314
55.95775,-3.43293
55.95773,-3.43282
55.9577,-3.43266
55.95765,-3.4324
55.9576,-3.43214
55.95757,-3.43192
55.95754,-3.43173
55.95748,-3.43141
55.95742,-3.431
55.95734,-3.43051
55.95728,-3.43008
55.95718,-3.42949
55.95709,-3.42894
55.95703,-3.42848
55.95695,-3.42797
55.95685,-3.42735
55.95672,-3.42646
55.95659,-3.42563
55.95632,-3.424
55.95611,-3.42268
55.95594,-3.42165
55.95583,-3.42111
55.95574,-3.42071
55.95565,-3.4203
55.95555,-3.41991
55.95544,-3.41949
55.95527,-3.41892
55.95514,-3.41851
55.95497,-3.41803
55.95481,-3.41762
55.95465,-3.41722
55.95444,-3.41675
55.95425,-3.41634
55.95397,-3.41577
55.95367,-3.41522
55.95323,-3.41454
55.95294,-3.41414
55.95266,-3.41379
55.95238,-3.41346
55.95214,-3.4132
55.95166,-3.4127
55.95133,-3.41236
55.95098,-3.41202
55.95022,-3.41125
55.94984,-3.41087
55.94936,-3.41038
55.94738,-3.40841
55.94683,-3.40786
55.94582,-3.40684
55.94529,-3.4063
55.94464,-3.40567
55.94403,-3.40513
55.9432,-3.40447
55.94222,-3.40374
55.94122,-3.40308
55.94026,-3.40252
55.93948,-3.40213
55.93912,-3.40195
55.93823,-3.40156
55.93664,-3.40094
55.93609,-3.40072
55.93558,-3.40058
55.93524,-3.40052
55.93489,-3.40047
55.93459,-3.40045
55.93442,-3.40045
55.93416,-3.40045
55.93404,-3.40046
55.93374,-3.40049
55.93284,-3.40068
55.93223,-3.40089
55.93162,-3.40113
55.93139,-3.40111
55.93125,-3.40116
55.93102,-3.40122
55.93078,-3.40128
55.93062,-3.4013
55.93029,-3.40135
55.92977,-3.40134
55.92934,-3.40124
55.92891,-3.40104
55.92866,-3.40088
55.92825,-3.40055
55.92778,-3.40003
55.92754,-3.39968
55.9274,-3.39943
55.92717,-3.399
55.92701,-3.39865
55.92688,-3.3983
55.92671,-3.39781
55.92655,-3.39722
55.92644,-3.39668
55.9264,-3.39647
55.92633,-3.39598
55.92626,-3.39517
55.92625,-3.39484
55.92619,-3.39416
55.92625,-3.39336
55.92634,-3.39246
55.92645,-3.39161
55.92658,-3.39079
55.92679,-3.38971
55.92692,-3.38918
55.92704,-3.38868
55.92708,-3.38854
55.92711,-3.38841
55.92714,-3.3883
55.92717,-3.3882
55.9272,-3.38809
55.92725,-3.38793
55.9273,-3.38777
55.92737,-3.38753
55.92741,-3.3874
55.92746,-3.38726
55.9275,-3.38714
55.92755,-3.38699
55.92765,-3.38671
55.92787,-3.3861
55.92819,-3.38522
55.92866,-3.38381
55.92909,-3.3824
55.9293,-3.38148
55.92949,-3.38056
55.92966,-3.37958
55.92974,-3.37904
55.92982,-3.37853
55.93,-3.37711
55.93015,-3.37568
55.93042,-3.37276
55.93056,-3.3706
55.93057,-3.36961
55.93054,-3.36824
55.9305,-3.36715
55.93036,-3.36407
55.93023,-3.36144
55.93013,-3.36001
55.93002,-3.35901
55.92998,-3.35861
55.92979,-3.35737
55.92965,-3.35669
55.92945,-3.35568
55.92918,-3.35469
55.9289,-3.35377
55.92874,-3.35329
55.9284,-3.35241
55.92804,-3.3516
55.9276,-3.35075
55.92715,-3.34995
55.92675,-3.34932
55.92597,-3.34825
55.92475,-3.34671
55.92402,-3.34579
55.92327,-3.3448
55.9227,-3.34397
55.92229,-3.34336
55.92179,-3.34251
55.92142,-3.3418
55.92094,-3.34081
55.92062,-3.34003
55.92019,-3.33882
55.91992,-3.33793
55.91972,-3.33714
55.91949,-3.33607
55.91933,-3.3352
55.9192,-3.33428
55.9191,-3.33338
55.919,-3.33194
55.91897,-3.33095
55.91899,-3.32946
55.91906,-3.32844
55.91918,-3.32717
55.91938,-3.32586
55.91958,-3.32483
55.91981,-3.32385
55.92007,-3.32289
55.92034,-3.32204
55.92062,-3.32127
55.92092,-3.32055
55.92172,-3.31872
55.92259,-3.31678
55.92348,-3.31483
55.9242,-3.31331
55.9243,-3.31313
55.92439,-3.31303
55.92442,-3.313
55.92447,-3.31297
55.92462,-3.31291
55.92472,-3.31291
55.92482,-3.31289
55.92489,-3.31285
55.92495,-3.31281
55.92507,-3.31269
55.92514,-3.31258
55.92522,-3.31245
55.92528,-3.31228
55.92532,-3.31214
55.92532,-3.31212
55.92535,-3.31201
55.92536,-3.31189
55.92537,-3.31177
55.92538,-3.31163
55.92536,-3.31145
55.92534,-3.31132
55.92531,-3.31119
55.92527,-3.31111
55.92523,-3.31102
55.92517,-3.31092
55.92516,-3.3109
55.9251,-3.31083
55.92503,-3.31078
55.92496,-3.31075
55.92486,-3.31075
55.92478,-3.31074
55.92464,-3.31066
55.92451,-3.31056
55.92432,-3.3104
55.9241,-3.31016
55.9239,-3.30992
55.92351,-3.30947
55.92331,-3.30917
55.92319,-3.309
55.92281,-3.30847
55.92247,-3.30799
55.92207,-3.30751
55.92192,-3.3073
55.92176,-3.30709
55.9216,-3.30686
55.92147,-3.30665
55.92122,-3.30623
55.92022,-3.30455
55.92012,-3.30434
55.9201,-3.3043
55.92007,-3.30421
55.92005,-3.30403
55.92005,-3.30393
55.92005,-3.30378
55.92005,-3.30374
55.92005,-3.30372
55.92005,-3.30358
55.92007,-3.30343
55.92008,-3.30325
55.92012,-3.30306
55.92015,-3.30288
55.92019,-3.3027
55.92024,-3.30254
55.9203,-3.30234
55.92037,-3.30212
55.92041,-3.30202
55.9205,-3.30174
55.92051,-3.30168
55.92057,-3.30149
55.92062,-3.30128
55.92068,-3.30101
55.92073,-3.30078
55.92076,-3.30058
55.9208,-3.30032
55.92083,-3.30008
55.92088,-3.29968
55.92095,-3.29906
55.92103,-3.2985
55.92116,-3.29757
55.92125,-3.29702
55.92135,-3.29652
55.92142,-3.29615
55.92159,-3.29529
55.92206,-3.29293
55.92211,-3.29257
55.92215,-3.29236
55.92218,-3.29219
55.92222,-3.29204
55.92226,-3.29193
55.92231,-3.2918
55.92235,-3.29177
55.92237,-3.29174
55.92243,-3.29167
55.92247,-3.2916
55.9225,-3.29153
55.92252,-3.29145
55.92253,-3.29137
55.92254,-3.2913
55.92253,-3.2912
55.92251,-3.29108
55.9225,-3.29099
55.92249,-3.29089
55.92249,-3.29078
55.9225,-3.29066
55.92251,-3.29052
55.92266,-3.28975
55.92275,-3.28927
55.92283,-3.28874
55.92289,-3.28827
55.92292,-3.2881
55.923,-3.28743
55.92302,-3.28726
55.92303,-3.28715
55.92307,-3.28688
55.9231,-3.28664
55.92326,-3.28533
55.92335,-3.28463
55.92337,-3.28447
55.92341,-3.28423
55.92347,-3.28384
55.92355,-3.28342
55.92363,-3.28295
55.9237,-3.28258
55.9238,-3.28199
55.92385,-3.28186
55.9239,-3.28179
55.92401,-3.28169
55.92406,-3.28166
55.92417,-3.28152
55.9242,-3.28141
55.92423,-3.28123
55.92422,-3.28104
55.92418,-3.28082
55.92415,-3.28067
55.92412,-3.28035
55.92412,-3.28023
55.92413,-3.2801
55.92424,-3.27952
55.92438,-3.27884
55.9245,-3.27827
55.92456,-3.278
55.92473,-3.27731
55.92563,-3.2736
55.92584,-3.27275
55.92598,-3.2722
55.92611,-3.27172
55.92629,-3.27111
55.92633,-3.27102
55.92636,-3.27095
55.9264,-3.2709
55.92651,-3.27082
55.92656,-3.27081
55.92661,-3.27078
55.92664,-3.27074
55.92668,-3.27068
55.92671,-3.27059
55.92673,-3.2705
55.92673,-3.27041
55.92673,-3.27027
55.9267,-3.27
55.92668,-3.2698
55.92667,-3.26968
55.92666,-3.26955
55.92667,-3.26942
55.92669,-3.26924
55.92673,-3.26901
55.92679,-3.26876
55.92681,-3.26866
55.92687,-3.26847
55.92694,-3.26826
55.92701,-3.26808
55.92709,-3.26791
55.92717,-3.26777
55.92736,-3.26746
55.92759,-3.26712
55.92799,-3.26646
55.92809,-3.26627
55.9282,-3.26607
55.92892,-3.26445
55.92915,-3.26392
55.92926,-3.26366
55.92931,-3.26354
55.92936,-3.26342
55.9294,-3.26331
55.92944,-3.26318
55.92948,-3.26304
55.92952,-3.26287
55.92955,-3.26272
55.92957,-3.2626
55.92959,-3.26245
55.9296,-3.26232
55.92961,-3.2622
55.92962,-3.26196
55.92963,-3.26176
55.92964,-3.26165
55.92961,-3.26132
55.92962,-3.261
55.92964,-3.26041
55.92966,-3.25988
55.92967,-3.25947
55.92968,-3.25906
55.92971,-3.25858
55.92973,-3.25815
55.92975,-3.25792
55.92977,-3.25766
55.9298,-3.25739
55.92983,-3.25717
55.92987,-3.25691
55.92991,-3.25669
55.92995,-3.25652
55.92998,-3.25638
55.93006,-3.25613
55.9301,-3.25597
55.93027,-3.25544
55.93033,-3.25521
55.93043,-3.25492
55.93047,-3.25476
55.93058,-3.25441
55.93069,-3.25407
55.93078,-3.25379
55.93085,-3.25357
55.93089,-3.25343
55.93107,-3.25287
55.93109,-3.25279
55.93118,-3.25253
55.93124,-3.25234
55.93151,-3.25146
55.93173,-3.25075
55.93174,-3.25072
55.93194,-3.25007
55.93197,-3.24997
55.93207,-3.24965
55.93218,-3.24928
55.93222,-3.24915
55.93223,-3.24911
55.93231,-3.24885
55.93245,-3.24835
55.93255,-3.24804
55.93261,-3.24784
55.93282,-3.24715
55.93304,-3.24645
55.93315,-3.24619
55.93324,-3.24598
55.93337,-3.24574
55.93343,-3.24562
55.93352,-3.24546
55.93361,-3.24531
55.93377,-3.24503
55.93384,-3.24493
55.93402,-3.24464
55.93412,-3.24448
55.93427,-3.24425
55.93437,-3.24409
55.93463,-3.24369
55.93468,-3.24362
55.93482,-3.24341
55.93492,-3.24326
55.93554,-3.24225
55.93559,-3.24216
55.93593,-3.2416
55.93597,-3.24153
55.936,-3.24147
55.93609,-3.24129
55.93617,-3.24111
55.93623,-3.24094
55.93628,-3.24076
55.93635,-3.24053
55.93639,-3.24032
55.93644,-3.24007
55.93649,-3.23978
55.93655,-3.23943
55.9366,-3.23916
55.93663,-3.23892
55.93674,-3.23795
55.93678,-3.23767
55.9368,-3.23744
55.93686,-3.237
55.93687,-3.23689
55.9369,-3.23673
55.93702,-3.23602
55.93716,-3.23527
55.93717,-3.23523
55.93723,-3.23492
55.93727,-3.23474
55.93732,-3.23455
55.9374,-3.23421
55.93748,-3.23388
55.93755,-3.2336
55.93765,-3.23317
55.93775,-3.23267
55.93778,-3.23256
55.9378,-3.23244
55.93794,-3.23168
55.93796,-3.23162
55.93798,-3.23152
55.93813,-3.23109
55.9384,-3.23036
55.93843,-3.23027
55.93845,-3.2302
55.93847,-3.23013
55.9385,-3.23004
55.93853,-3.22993
55.93856,-3.2298
55.93859,-3.22965
55.93866,-3.22935
55.93876,-3.22882
55.93881,-3.22851
55.9389,-3.22795
55.93895,-3.22767
55.93901,-3.22728
55.9391,-3.22676
55.93912,-3.22664
55.93914,-3.22655
55.93914,-3.22652
55.93915,-3.22647
55.93917,-3.22638
55.9392,-3.22627
55.93919,-3.22615
55.93917,-3.22604
55.93917,-3.22598
55.93916,-3.22594
55.9391,-3.22519
55.93908,-3.22477
55.93907,-3.22461
55.93906,-3.22445
55.93906,-3.22431
55.93905,-3.22416
55.93906,-3.22403
55.93906,-3.22388
55.93907,-3.22368
55.93908,-3.22361
55.93908,-3.22355
55.93908,-3.22341
55.93943,-3.2229
55.93944,-3.22289
55.93948,-3.22284
55.93962,-3.22263
55.93969,-3.22252
55.93975,-3.22241
55.93977,-3.22235
55.9398,-3.22224
55.93981,-3.22216
55.93982,-3.22206
55.93983,-3.22174
55.93984,-3.22153
55.93984,-3.2214
55.93983,-3.22124
55.93982,-3.22076
55.93982,-3.22053
55.93982,-3.2204
55.93983,-3.22032
55.93984,-3.22026
55.93984,-3.22019
55.93985,-3.22014
55.94,-3.21956
55.94005,-3.21937
55.94011,-3.21913
55.94023,-3.21869
55.94026,-3.21857
55.9403,-3.21843
55.94033,-3.21833
55.94036,-3.21822
55.94041,-3.21803
55.94046,-3.21787
55.94051,-3.21771
55.94057,-3.21754
55.94062,-3.21739
55.94065,-3.2173
55.94069,-3.21721
55.9408,-3.21693
55.94094,-3.21659
55.94103,-3.21639
55.94122,-3.21593
55.94123,-3.21591
55.94131,-3.21573
55.94163,-3.21493
55.94187,-3.21433
55.9419,-3.21425
55.94194,-3.21415
55.942,-3.21399
55.9421,-3.21372
55.9422,-3.21343
55.94228,-3.21313
55.94231,-3.21303
55.94233,-3.21294
55.94235,-3.21287
55.94237,-3.21277
55.9424,-3.21267
55.94263,-3.21177
55.94273,-3.21135
55.94281,-3.21104
55.94284,-3.21092
55.94304,-3.21008
55.94308,-3.2099
55.94315,-3.20962
55.94318,-3.20951
55.9432,-3.2094
55.94322,-3.20932
55.94325,-3.20918
55.94327,-3.20907
55.94329,-3.20898
55.94332,-3.2088
55.94335,-3.20863
55.94336,-3.20858
55.94342,-3.20824
55.94344,-3.20816
55.94347,-3.20802
55.94352,-3.20786
55.94357,-3.2077
55.94363,-3.20755
55.94369,-3.20743
55.94374,-3.20733
55.94378,-3.20723
55.94384,-3.20713
55.94386,-3.20708
55.94387,-3.20705
55.94389,-3.20702
55.94391,-3.20698
55.94394,-3.20694
55.944,-3.20684
55.94406,-3.20672
55.94421,-3.20645
55.94439,-3.20609
55.94443,-3.20608
55.94446,-3.20607
55.94448,-3.20606
55.94451,-3.20607
55.94454,-3.20608
55.94462,-3.20615
55.94474,-3.20625
55.94496,-3.20645
55.94512,-3.2066
55.94519,-3.20666
55.94535,-3.2068
55.94559,-3.20702
55.94567,-3.20705
55.94569,-3.20704
55.94571,-3.20704
55.94575,-3.20701
55.94579,-3.20692
55.94579,-3.20658
55.94579,-3.20611
55.9458,-3.2057
55.94582,-3.20551
55.94583,-3.20529
55.94581,-3.20509
55.94581,-3.2049
55.94582,-3.20459
55.94582,-3.20453
55.94582,-3.20375
55.94582,-3.20351
55.94583,-3.20317
55.94583,-3.2027
55.94583,-3.20212
55.94584,-3.20199
55.94584,-3.20193
55.94584,-3.20187
55.94585,-3.20182
55.94586,-3.20178
55.94587,-3.20173
55.94589,-3.20168
55.94605,-3.20125
55.94608,-3.20116
55.94611,-3.20108
55.94613,-3.201
55.94616,-3.20091
55.94619,-3.2008
55.9462,-3.20078
55.94621,-3.20072
55.94624,-3.20062
55.94625,-3.20057
55.94627,-3.20048
55.94629,-3.20039
55.94632,-3.20028
55.94635,-3.20013
55.94637,-3.19997
55.9464,-3.19983
55.94642,-3.19972
55.94644,-3.19961
55.94646,-3.19948
55.94647,-3.19943
55.94647,-3.19938
55.94648,-3.1993
55.94649,-3.19922
55.9465,-3.199
55.94651,-3.19888
55.94652,-3.19875
55.94652,-3.19871
55.94652,-3.19868
55.94653,-3.19865
55.94654,-3.19861
55.94656,-3.19857
55.94664,-3.1983
55.9467,-3.19813
55.94677,-3.19795
55.94681,-3.19783
55.94688,-3.19764
55.94689,-3.19762
55.94694,-3.19746
55.94696,-3.19739
55.94698,-3.19731
55.94706,-3.19708
55.94715,-3.19675
55.94724,-3.19646
55.94727,-3.19637
55.94732,-3.19618
55.94735,-3.19607
55.94738,-3.19595
55.94743,-3.19579
55.94754,-3.19532
55.94758,-3.19516
55.94762,-3.19499
55.94772,-3.19463
55.94775,-3.1945
55.94777,-3.19443
55.94779,-3.19435
55.9478,-3.19431
55.94781,-3.19427
55.94782,-3.19422
55.94783,-3.19418
55.94783,-3.19414
55.94783,-3.19407
55.94782,-3.19365
55.94782,-3.19357
55.94782,-3.19352
55.94782,-3.19348
55.94784,-3.19338
55.9479,-3.19325
55.94792,-3.19322
55.94793,-3.19316
55.94799,-3.19293
55.94805,-3.19268
55.94811,-3.19245
55.94816,-3.19213
55.94826,-3.19163
55.94828,-3.19153
55.94829,-3.19142
55.9483,-3.19137
55.94834,-3.19097
55.94839,-3.19049
55.94845,-3.18987
55.94848,-3.18966
55.94852,-3.18925
55.94855,-3.18895
55.94856,-3.18888
55.94857,-3.18866
55.94861,-3.18819
55.94863,-3.18792
55.94865,-3.18764
55.94867,-3.18732
55.94867,-3.18729
55.9487,-3.18708
55.94876,-3.18673
55.94879,-3.18653
55.94879,-3.18649
55.94884,-3.18618
55.94888,-3.18599
55.9489,-3.18592
55.94892,-3.18579
55.94894,-3.18569
55.94896,-3.1856
55.94897,-3.18551
55.94902,-3.18554
55.94956,-3.18586
55.9497,-3.18594
55.95008,-3.18616
55.95034,-3.18631
55.95032,-3.18645
55.95029,-3.18665
55.95027,-3.18677
55.95025,-3.18695
55.95021,-3.18722
55.9502,-3.18735
55.95017,-3.18755
55.95029,-3.18761
55.95033,-3.18762
55.95037,-3.18765
55.95103,-3.18796
55.95121,-3.18805
55.9522,-3.18853
55.95268,-3.18877
55.95271,-3.18878
55.95308,-3.18896
55.95312,-3.18898
55.95319,-3.18902
55.95321,-3.18903
55.95328,-3.18906
55.95323,-3.18934
55.95319,-3.18961
55.95309,-3.19016
55.95294,-3.19102
55.95292,-3.19113
55.95288,-3.19136
55.95278,-3.19193
55.95276,-3.19202
55.95273,-3.19222
55.95272,-3.1923
55.95262,-3.19284
55.95257,-3.19315
55.95254,-3.19335
55.95256,-3.19336
55.9526,-3.19339
55.95263,-3.19341
55.95268,-3.19342
55.95271,-3.19344
55.95277,-3.19347
55.95293,-3.19355
55.95307,-3.19362
55.95317,-3.19368
55.95332,-3.19376
55.95336,-3.19378
55.9535,-3.19385
55.95363,-3.19392
55.9537,-3.19396
55.95389,-3.19406
55.95398,-3.1941
55.95394,-3.19433
55.95367,-3.19593
55.95353,-3.19674
55.95352,-3.19681
55.95351,-3.19688
55.9535,-3.19696
55.95348,-3.19708
55.95345,-3.1971
55.95344,-3.19713
55.95342,-3.19716
55.95342,-3.1972
55.95341,-3.19724
55.95341,-3.19729
55.95342,-3.19734
55.95343,-3.19737
55.95339,-3.19763
55.95314,-3.19907
55.95297,-3.20007
55.95294,-3.20025
55.95293,-3.20027
55.95292,-3.20029
55.95291,-3.20031
55.9529,-3.20034
55.95289,-3.20038
55.95289,-3.20041
55.9529,-3.20045
55.95291,-3.20048
55.95292,-3.20051
55.95293,-3.20053
55.95295,-3.20055
55.95297,-3.20056
55.95299,-3.20056
55.95301,-3.20056
55.95303,-3.20055
55.95304,-3.20053
55.95305,-3.20052
55.95306,-3.20049
55.95307,-3.20047
55.95308,-3.20044
55.95315,-3.20049
55.95337,-3.20063
55.95371,-3.20084
55.95429,-3.2012
55.95431,-3.20121
55.95441,-3.20127
55.9545,-3.20132
55.95484,-3.2015
55.95528,-3.20173
55.95538,-3.20179
55.9555,-3.20185
55.9561,-3.20218
55.95631,-3.2023
55.95675,-3.20253
55.95682,-3.20257
55.95686,-3.20281
55.9569,-3.20305
55.95693,-3.20329
55.95695,-3.2034
55.95696,-3.20351
55.95699,-3.20376
55.95699,-3.20388
55.957,-3.20399
55.957,-3.20408
55.957,-3.20415
55.957,-3.20423
55.95698,-3.20471
55.95698,-3.20478
55.95698,-3.20485
55.95698,-3.20493
55.95699,-3.20501
55.957,-3.20509
55.95701,-3.20518
55.95704,-3.20543
55.95708,-3.20563
55.95712,-3.20591
55.9572,-3.20637
55.95726,-3.20673
55.95731,-3.20699
55.95741,-3.20751
55.95744,-3.2076
55.95749,-3.20775
55.95755,-3.20787
55.95768,-3.20811
55.95777,-3.20829
55.95781,-3.20839
55.95787,-3.20853
55.95791,-3.20863
55.95793,-3.2087
55.95799,-3.20889
55.95801,-3.20895
55.95803,-3.209
55.95807,-3.20906
55.95842,-3.20954
55.95877,-3.21004
55.95881,-3.2101
55.95883,-3.21013
55.95884,-3.21016
55.95885,-3.21019
55.95886,-3.21023
55.95887,-3.21025
55.95888,-3.21027
55.95888,-3.21029
55.95889,-3.21032
55.95889,-3.21034
55.9589,-3.21038
55.9589,-3.21041
55.95891,-3.21045
55.95899,-3.21144
55.95903,-3.21204
55.95908,-3.21268
55.95912,-3.21311
55.95915,-3.21355
55.95919,-3.21396
55.95921,-3.21419
55.95923,-3.21448
55.95924,-3.21461
55.95927,-3.21488
55.95928,-3.21509
55.95932,-3.21554
55.95945,-3.21698
55.9595,-3.21749
55.95956,-3.21845
55.95958,-3.21869
55.95956,-3.21882
55.95955,-3.21889
55.95939,-3.22006
55.95919,-3.2215
55.95899,-3.2229
55.95891,-3.22345
55.95876,-3.22451
55.95875,-3.22456
55.95873,-3.22474
55.9587,-3.22494
55.95866,-3.22522
55.95865,-3.22532
55.9586,-3.22565
55.95856,-3.22594
55.95854,-3.22606
55.95852,-3.22611
55.95847,-3.22619
55.95845,-3.22616
55.95844,-3.22615
55.95842,-3.22614
55.9584,-3.22614
55.95837,-3.22615
55.95835,-3.22617
55.95834,-3.22618
55.95832,-3.2262
55.95832,-3.22622
55.95831,-3.22625
55.9583,-3.22628
55.9583,-3.2263
55.9583,-3.22634
55.9583,-3.22639
55.95831,-3.22642
55.95832,-3.22645
55.95833,-3.22647
55.95834,-3.22649
55.95838,-3.22652
55.95838,-3.22662
55.95838,-3.22675
55.95836,-3.22688
55.95834,-3.22704
55.9583,-3.22728
55.95816,-3.22801
55.95809,-3.2284
55.95802,-3.22878
55.95797,-3.22905
55.95795,-3.22916
55.95792,-3.22934
55.95781,-3.2299
55.95776,-3.2302
55.9576,-3.23109
55.95745,-3.23198
55.95728,-3.23311
55.95726,-3.23324
55.95725,-3.2333
55.95723,-3.23338
55.9571,-3.23418
55.95678,-3.23619
55.95655,-3.23778
55.95647,-3.23829
55.95643,-3.23851
55.95639,-3.23882
55.95637,-3.23907
55.95634,-3.24003
55.95632,-3.24037
55.95623,-3.24159
55.95622,-3.24171
55.95622,-3.2418
55.9562,-3.24204
55.95619,-3.24223
55.95614,-3.24253
55.95615,-3.24261
55.95619,-3.24283
55.95622,-3.24304
55.95631,-3.24351
55.9564,-3.2439
55.95643,-3.24403
55.95647,-3.24422
55.95654,-3.24442
55.95659,-3.24466
55.95659,-3.24468
55.95664,-3.24495
55.95668,-3.2452
55.9567,-3.24567
55.95671,-3.24579
55.95676,-3.2467
55.95679,-3.24741
55.9568,-3.24755
55.95682,-3.24768
55.95686,-3.24789
55.95689,-3.24801
55.95704,-3.24848
55.95704,-3.24848
55.95728,-3.2491
55.9574,-3.24943
55.95752,-3.24971
55.95767,-3.25011
55.95785,-3.2506
55.95795,-3.25084
55.95804,-3.25107
55.95826,-3.25159
55.95833,-3.25176
55.9585,-3.25218
55.95859,-3.25241
55.95889,-3.25319
55.95945,-3.25458
55.95962,-3.25498
55.95993,-3.25577
55.96024,-3.25658
55.96039,-3.25703
55.96043,-3.25715
55.96044,-3.2572
55.96045,-3.25726
55.96048,-3.25733
55.9605,-3.2574
55.96051,-3.25745
55.96058,-3.25766
55.96066,-3.25789
55.96073,-3.25809
55.96077,-3.25819
55.9608,-3.25829
55.96082,-3.25837
55.96085,-3.25845
55.96087,-3.25853
55.96088,-3.25861
55.9609,-3.25869
55.96096,-3.25898
55.96098,-3.2591
55.961,-3.25923
55.96119,-3.26044
55.9613,-3.26124
55.96137,-3.26169
55.9615,-3.26261
55.9616,-3.26329
55.9617,-3.26402
55.96176,-3.26451
55.96177,-3.26457
55.96186,-3.26523
55.96192,-3.26573
55.96197,-3.26622
55.96199,-3.26648
55.96206,-3.26712
55.9624,-3.27048
55.96243,-3.27073
55.96247,-3.27118
55.9625,-3.27146
55.96251,-3.27156
55.96253,-3.27184
55.96255,-3.27212
55.96258,-3.27247
55.9626,-3.27288
55.96262,-3.27337
55.96264,-3.27366
55.96264,-3.27397
55.96265,-3.27436
55.96265,-3.27473
55.96264,-3.27508
55.96263,-3.27545
55.96262,-3.27606
55.9626,-3.27663
55.96257,-3.27713
55.96254,-3.27765
55.9625,-3.27813
55.96244,-3.27894
55.9624,-3.27938
55.96235,-3.27981
55.96228,-3.28053
55.96204,-3.28249
55.962,-3.28289
55.96198,-3.283
55.96194,-3.2834
55.96182,-3.28438
55.96122,-3.2895
55.96118,-3.28986
55.96082,-3.29292
55.96077,-3.2933
55.96074,-3.29354
55.96054,-3.29529
55.96039,-3.29651
55.96035,-3.29692
55.96033,-3.29737
55.9603,-3.2979
55.96029,-3.29849
55.96028,-3.29901
55.9603,-3.29946
55.96032,-3.29989
55.96034,-3.30027
55.96039,-3.301
55.96041,-3.30129
55.96048,-3.30219
55.96053,-3.3028
55.96055,-3.30301
55.96063,-3.30404
55.96061,-3.30425
55.96061,-3.30443
55.96059,-3.30459
55.96059,-3.3048
55.9606,-3.30498
55.96061,-3.30518
55.96064,-3.30566
55.96065,-3.30578
55.96067,-3.30593
55.96068,-3.30602
55.9607,-3.30613
55.96072,-3.30627
55.96076,-3.30643
55.96078,-3.30653
55.96085,-3.30681
55.96099,-3.3086
55.96109,-3.30979
55.96118,-3.31092
55.96123,-3.31141
55.9613,-3.31185
55.96132,-3.31199
55.96136,-3.31214
55.96139,-3.31225
55.96143,-3.31238
55.96148,-3.31253
55.96161,-3.31282
55.96173,-3.31301
55.96237,-3.31397
55.96241,-3.31402
55.96271,-3.31447
55.96288,-3.31472
55.96296,-3.31483
55.96317,-3.31511
55.96367,-3.31579
55.96439,-3.31675
55.96457,-3.31699
55.9646,-3.31702
55.9648,-3.31728
55.96514,-3.31772
55.96569,-3.31845
55.96598,-3.31886
55.96621,-3.31932
55.96643,-3.31967
55.96681,-3.3203
55.96757,-3.32159
55.96787,-3.32216
55.96848,-3.3233
55.96906,-3.32442
55.97016,-3.32648
55.97056,-3.32722
55.97164,-3.32927
55.97219,-3.33034
55.97287,-3.33188
55.97332,-3.33302
55.9738,-3.3343
55.97429,-3.33543
55.9748,-3.33662
55.97595,-3.33899
55.97658,-3.34027
55.97712,-3.34135
55.9774,-3.34194
55.97813,-3.34351
55.97838,-3.34416
55.97867,-3.34505
55.97889,-3.34584
55.97906,-3.34651
55.97927,-3.34755
55.97945,-3.34889
55.97954,-3.34993
55.9796,-3.35105
55.97968,-3.35355
55.97972,-3.3579
55.97973,-3.36091
55.97973,-3.36114
55.9798,-3.36566
55.97977,-3.36792
55.97973,-3.36946
55.97968,-3.3704
55.97962,-3.37133
55.97951,-3.37314
55.97941,-3.37461
55.97939,-3.37496
55.97937,-3.37524
55.97935,-3.37563
55.97926,-3.37693
55.97923,-3.37747
55.9792,-3.37788
55.97917,-3.37818
55.97914,-3.37848
55.97909,-3.37876
55.97903,-3.37905
55.97897,-3.37933
55.97891,-3.3796
55.97884,-3.37985
55.97875,-3.38014
55.97864,-3.38049
55.97853,-3.38088
55.97841,-3.38126
55.97834,-3.38158
55.97826,-3.38196
55.9782,-3.38229
55.97815,-3.38266
55.97812,-3.38302
55.97808,-3.38358
55.97809,-3.38393
55.9781,-3.38429
55.97812,-3.38464
55.97816,-3.38502
55.9782,-3.38533
55.97825,-3.38581
55.97831,-3.3863
55.97834,-3.38676
55.97838,-3.38782
55.97842,-3.38856
55.97846,-3.38951
55.97855,-3.39063
55.97869,-3.39234
55.97897,-3.39412
55.97914,-3.39506
55.9794,-3.39628
55.97959,-3.39717
55.97975,-3.39806
55.97993,-3.39915
55.98036,-3.40238
55.9805,-3.40401
55.98057,-3.40538
55.98065,-3.40809
55.98064,-3.41176
55.98075,-3.41349
55.98092,-3.41488
55.98129,-3.41656
55.9815,-3.41731
55.98172,-3.41794
55.98214,-3.41887
55.98264,-3.41976
55.983,-3.42032
55.98316,-3.42054
55.98349,-3.42098
55.98385,-3.42139
55.98422,-3.42174
55.98471,-3.42214
55.98505,-3.42236
55.98538,-3.42255
55.98575,-3.42272
55.98603,-3.42282
55.98636,-3.42291
55.98681,-3.42299
55.98757,-3.42299
55.98786,-3.42294
55.98819,-3.42287
55.98872,-3.42269
55.98914,-3.42249
55.9906,-3.42162
55.99142,-3.42111
55.995,-3.41887
56.01086,-3.40885
56.01397,-3.40687
56.01503,-3.40621
56.01574,-3.40585
56.01618,-3.4057
56.01634,-3.40564
56.01649,-3.40561
56.01692,-3.40554
56.01745,-3.40549
56.01764,-3.40549
56.01789,-3.40552
56.01795,-3.40553
56.01863,-3.40566
56.01891,-3.40575
56.01928,-3.4059
56.01957,-3.40604
56.02016,-3.4064
56.02094,-3.407
56.02111,-3.40715
56.02141,-3.4074
56.02183,-3.40773
56.02208,-3.40789
56.02251,-3.40811
56.02305,-3.40832
56.02338,-3.40841
56.02371,-3.40845
56.024,-3.40847
56.02443,-3.40844
56.02554,-3.40823
56.02628,-3.40812
56.02662,-3.40809
56.0272,-3.4081
56.02765,-3.40807
56.02837,-3.40808
56.02932,-3.40813
56.02978,-3.40818
56.03043,-3.40828
56.03114,-3.40842
56.03186,-3.40858
56.03267,-3.40872
56.03321,-3.40883
56.03437,-3.40899
56.03472,-3.40897
56.03511,-3.4089
56.03549,-3.40878
56.03596,-3.40858
56.037,-3.40799
56.03799,-3.40742
56.03864,-3.40713
56.0395,-3.40684
56.04069,-3.40643
56.0421,-3.40594
56.04227,-3.40588
56.04275,-3.40569
56.04312,-3.4055
56.04338,-3.40534
56.0437,-3.40508
56.04389,-3.40491
56.0442,-3.4046
56.04447,-3.4043
56.04482,-3.40385
56.04516,-3.40333
56.04547,-3.40276
56.04564,-3.40241
56.0459,-3.40181
56.04611,-3.40128
56.04677,-3.39954
56.04758,-3.39732
56.04842,-3.39502
56.04889,-3.39378
56.04923,-3.39303
56.04961,-3.39228
56.04983,-3.39189
56.05027,-3.39117
56.05058,-3.39071
56.05108,-3.39009
56.05185,-3.38928
56.05274,-3.38856
56.05363,-3.38805
56.05434,-3.38777
56.05513,-3.3876
56.05817,-3.38748
56.05896,-3.38745
56.06267,-3.38735
56.06502,-3.38727
56.06575,-3.38722
56.06658,-3.38725
56.06802,-3.38742
56.069,-3.38763
56.06982,-3.38787
56.07041,-3.38807
56.07101,-3.3883
56.07193,-3.38873
56.07273,-3.38914
56.07339,-3.38953
56.07411,-3.39
56.07481,-3.39049
56.07536,-3.39092
56.07587,-3.39135
56.07642,-3.39183
56.07695,-3.39233
56.07745,-3.39285
56.07799,-3.39342
56.07904,-3.39465
56.07976,-3.39555
56.08053,-3.39657
56.08185,-3.39834
56.08256,-3.39929
56.08285,-3.39963
56.08316,-3.39998
56.08342,-3.40025
56.08385,-3.40067
56.08422,-3.40099
56.0845,-3.40121
56.08472,-3.40136
56.08515,-3.40162
56.08562,-3.4019
56.08592,-3.40203
56.08626,-3.40216
56.0867,-3.4023
56.08704,-3.40238
56.08749,-3.40246
56.08787,-3.40249
56.08872,-3.40249
56.0891,-3.40244
56.08956,-3.40236
56.08998,-3.40224
56.09028,-3.40213
56.09066,-3.40197
56.09147,-3.40155
56.09207,-3.40112
56.09265,-3.40067
56.09315,-3.40021
56.09366,-3.39965
56.09436,-3.39876
56.09603,-3.39656
56.09813,-3.39384
56.09942,-3.39211
56.09988,-3.39159
56.10039,-3.39106
56.10091,-3.39057
56.10136,-3.39018
56.10214,-3.38965
56.10265,-3.38938
56.10314,-3.38917
56.10383,-3.38896
56.10453,-3.38883
56.1055,-3.38881
56.10629,-3.38891
56.10703,-3.38912
56.10765,-3.38939
56.10826,-3.38971
56.11087,-3.39155
56.11251,-3.39273
56.11349,-3.39336
56.11447,-3.39381
56.11519,-3.394
56.11593,-3.39408
56.11673,-3.39405
56.11753,-3.39393
56.11843,-3.39363
56.11936,-3.39326
56.1205,-3.39281
56.12206,-3.39215
56.12293,-3.39183
56.12355,-3.39167
56.12425,-3.39161
56.1247,-3.39166
56.12516,-3.39176
56.12572,-3.39191
56.12648,-3.39227
56.1271,-3.39261
56.12787,-3.39314
56.12867,-3.39386
56.12962,-3.39479
56.12971,-3.39486
56.1302,-3.39511
56.13141,-3.39583
56.13223,-3.39637
56.13317,-3.39686
56.13398,-3.39732
56.13499,-3.39771
56.13585,-3.39788
56.13666,-3.39798
56.13772,-3.39793
56.13875,-3.3977
56.13967,-3.39734
56.14015,-3.3971
56.14061,-3.39682
56.14127,-3.39638
56.14157,-3.39612
56.14179,-3.39594
56.14198,-3.39578
56.14218,-3.39561
56.14333,-3.39462
56.14347,-3.39451
56.14379,-3.39425
56.14423,-3.39396
56.14473,-3.39366
56.14523,-3.39342
56.14622,-3.39307
56.14661,-3.39299
56.14699,-3.39296
56.14764,-3.39297
56.14829,-3.39306
56.14881,-3.39317
56.1494,-3.39334
56.14995,-3.39358
56.15048,-3.39386
56.15092,-3.39415
56.15137,-3.39448
56.15189,-3.39491
56.15277,-3.39584
56.15367,-3.39692
56.15471,-3.39811
56.15573,-3.39914
56.15697,-3.40017
56.15827,-3.40108
56.15932,-3.4017
56.16031,-3.40221
56.16112,-3.40257
56.16156,-3.40274
56.16195,-3.40287
56.16378,-3.40357
56.16554,-3.40427
56.16684,-3.40478
56.16696,-3.40483
56.16701,-3.40444
56.1671,-3.40365
56.16714,-3.4033
56.16749,-3.40033
56.16816,-3.40057
56.16881,-3.40092
56.16928,-3.40123
56.16971,-3.40158
56.1698,-3.40129
56.1699,-3.40081
56.16996,-3.39992
56.17011,-3.3976
56.17027,-3.39511
56.17064,-3.3887
56.17093,-3.38409
56.17112,-3.38158
56.1712,-3.38038
56.17137,-3.3789
56.17164,-3.37662
56.17166,-3.37647
56.17184,-3.37491
56.17219,-3.37216
56.17241,-3.37048
56.17251,-3.36976
56.17264,-3.36818
56.17288,-3.36534
56.17301,-3.36423
56.17319,-3.3633
56.17341,-3.36237
56.17373,-3.36121
56.17407,-3.36022
56.17443,-3.35938
56.1748,-3.35861
56.17497,-3.35829
56.17547,-3.35745
56.176,-3.35663
56.17685,-3.35525
56.17719,-3.35463
56.1772,-3.35461
56.17739,-3.3542
56.17762,-3.35362
56.17785,-3.35303
56.17808,-3.35232
56.17833,-3.35137
56.17851,-3.35052
56.17864,-3.34941
56.17868,-3.34891
56.17871,-3.34832
56.17871,-3.3475
56.17865,-3.34661
56.17857,-3.34565
56.17841,-3.34393
56.17819,-3.34067
56.17807,-3.33966
56.17773,-3.3378
56.17759,-3.33681
56.17756,-3.33661
56.17724,-3.33448
56.17704,-3.33285
56.17698,-3.33233
56.17691,-3.33174
56.1768,-3.33074
56.17677,-3.3305
56.17676,-3.33037
56.17631,-3.32581
56.17571,-3.31972
56.17569,-3.31949
56.17567,-3.3193
56.17568,-3.3189
56.17571,-3.31842
56.17578,-3.31767
56.17592,-3.31757
56.17615,-3.31732
56.17633,-3.317
56.17645,-3.31668
56.17665,-3.31611
56.17686,-3.31526
56.17697,-3.31476
56.177,-3.31445
56.17703,-3.31398
56.17703,-3.3137
56.17702,-3.31294
56.17701,-3.31257
56.17707,-3.31186
56.17726,-3.31018
56.17743,-3.30862
56.17765,-3.30666
56.17769,-3.30625
56.17772,-3.30592
56.17774,-3.30568
56.17776,-3.30538
56.17776,-3.30522
56.17776,-3.3051
56.17774,-3.30473
56.17771,-3.30433
56.17738,-3.30075
56.17737,-3.30066
56.17736,-3.30057
56.17736,-3.30049
56.17736,-3.30049
56.17737,-3.3004
56.17739,-3.30032
56.17741,-3.30026
56.17744,-3.30017
56.17752,-3.29995
56.17795,-3.29891
56.17799,-3.29881
56.17817,-3.29842
56.17867,-3.29758
56.17968,-3.2957
56.1801,-3.29503
56.18043,-3.29449
56.18091,-3.29364
56.18117,-3.29317
56.18135,-3.29282
56.18204,-3.29122
56.18272,-3.28965
56.18332,-3.28829
56.18352,-3.28801
56.18393,-3.28756
56.18403,-3.28735
56.18414,-3.28698
56.18432,-3.28628
56.18444,-3.28591
56.18471,-3.28537
56.18534,-3.28429
56.18553,-3.2839
56.18739,-3.27896
56.18813,-3.27706
56.1883,-3.27661
56.18856,-3.27605
56.18875,-3.27572
56.19029,-3.27335
56.19049,-3.27302
56.19136,-3.27118
56.19187,-3.27002
56.19206,-3.26955
56.19292,-3.26725
56.19357,-3.2656
56.19486,-3.26267
56.19516,-3.26186
56.19539,-3.26124
56.19555,-3.26078
56.19561,-3.26067
56.19566,-3.2606
56.19571,-3.26056
56.19578,-3.26052
56.19581,-3.26051
56.19587,-3.26052
56.19592,-3.26054
56.19604,-3.26061
56.19631,-3.26081
56.19647,-3.26093
56.19694,-3.25971
56.19746,-3.25806
56.19754,-3.2578
56.19796,-3.25656
56.19824,-3.2557
56.19846,-3.2548
56.19865,-3.25414
56.19871,-3.25354
56.19879,-3.25266
56.19889,-3.25183
56.19919,-3.24971
56.19944,-3.24786
56.19978,-3.24471
56.20022,-3.24077
56.20024,-3.2406
56.20039,-3.23929
56.20051,-3.23821
56.20068,-3.23674
56.20068,-3.23664
56.20072,-3.23512
56.20088,-3.23374
56.20085,-3.23212
56.20101,-3.23083
56.20114,-3.23001
56.20132,-3.22905
56.20135,-3.22887
56.20138,-3.22871
56.20171,-3.22676
56.20177,-3.22621
56.20181,-3.22587
56.20183,-3.22565
56.20185,-3.22528
56.20191,-3.22348
56.20194,-3.2228
56.20195,-3.22263
56.20195,-3.22237
56.20197,-3.22198
56.20199,-3.22172
56.20201,-3.22155
56.20203,-3.22139
56.20209,-3.22106
56.20213,-3.22086
56.20227,-3.22021
56.2023,-3.22001
56.20233,-3.21984
56.20238,-3.21946
56.20243,-3.21902
56.20245,-3.21879
56.20246,-3.21854
56.20244,-3.21841
56.20237,-3.21828
56.20134,-3.21705
56.20103,-3.21674
56.2007,-3.21643
56.20053,-3.21629
56.20047,-3.21623
56.20044,-3.21618
56.20042,-3.21611
56.20041,-3.21605
56.20043,-3.21595
56.20048,-3.21579
56.20051,-3.21568
56.20063,-3.21529
56.20072,-3.21501
56.20076,-3.2149
56.20094,-3.21444
56.20099,-3.21432
56.20115,-3.2139
56.2012,-3.21378
56.2014,-3.21323
56.2015,-3.21297
56.20197,-3.21162
56.20203,-3.21145
56.20255,-3.21014
56.20266,-3.20982
56.20277,-3.20954
56.20284,-3.20918
56.20292,-3.2082
56.20295,-3.20789
56.20297,-3.20774
56.20309,-3.20713
56.20312,-3.207
56.20319,-3.20663
56.20331,-3.20602
56.2034,-3.20561
56.20349,-3.20518
56.20353,-3.20502
56.20367,-3.20443
56.2039,-3.20359
56.20398,-3.20326
56.20403,-3.20307
56.20408,-3.20292
56.20411,-3.2028
56.20417,-3.20257
56.20426,-3.20224
56.20447,-3.20146
56.20464,-3.20064
56.20474,-3.1999
56.20482,-3.19871
56.20484,-3.19845
56.20488,-3.19796
56.20496,-3.19665
56.20498,-3.19625
56.20502,-3.19556
56.20507,-3.19477
56.20514,-3.19358
56.20518,-3.19299
56.20522,-3.19213
56.20524,-3.19133
56.20522,-3.1907
56.20519,-3.1903
56.20515,-3.18999
56.20511,-3.18969
56.20499,-3.18922
56.20498,-3.18919
56.20486,-3.18881
56.20483,-3.18862
56.20482,-3.18841
56.20485,-3.18828
56.20486,-3.18814
56.20494,-3.18793
56.20495,-3.18789
56.20506,-3.18766
56.20538,-3.18707
56.20539,-3.18706
56.20571,-3.18631
56.20596,-3.18581
56.20687,-3.18428
56.20751,-3.18323
56.20781,-3.18271
56.2081,-3.18219
56.20839,-3.18163
56.2087,-3.18099
56.20872,-3.18094
56.20893,-3.18044
56.20902,-3.18025
56.20905,-3.18016
56.20909,-3.1801
56.20917,-3.17996
56.20923,-3.1799
56.20931,-3.17983
56.20936,-3.17982
56.20941,-3.17978
56.20946,-3.17971
56.20949,-3.17961
56.2095,-3.17949
56.2095,-3.1794
56.20948,-3.17932
56.2095,-3.17916
56.20954,-3.179
56.20968,-3.17871
56.21002,-3.17796
56.21042,-3.17711
56.21085,-3.17631
56.21117,-3.17574
56.21139,-3.1754
56.21197,-3.17445
56.21248,-3.17365
56.21401,-3.17129
56.21451,-3.17042
56.21495,-3.1696
56.21536,-3.16872
56.21565,-3.16802
56.21598,-3.16713
56.21616,-3.16655
56.21627,-3.16623
56.21633,-3.16597
56.21643,-3.16577
56.21655,-3.16563
56.21659,-3.16561
56.21663,-3.16555
56.21667,-3.16547
56.21668,-3.16538
56.21668,-3.16527
56.21667,-3.16521
56.21665,-3.16515
56.21666,-3.16492
56.21668,-3.16473
56.21673,-3.16448
56.21696,-3.16338
56.2171,-3.16261
56.21716,-3.16227
56.21724,-3.16164
56.21736,-3.1606
56.21753,-3.15866
56.21759,-3.15779
56.21766,-3.15692
56.2177,-3.15632
56.21782,-3.15486
56.21786,-3.15445
56.21787,-3.15432
56.21788,-3.15408
56.21789,-3.15401
56.21789,-3.15367
56.21804,-3.15371
56.21841,-3.15387
56.21871,-3.15401
56.2191,-3.15419
56.21939,-3.15432
56.21981,-3.15447
56.22015,-3.15456
56.22028,-3.15459
56.22038,-3.15461
56.22091,-3.15468
56.22111,-3.1547
56.22195,-3.15473
56.22237,-3.15475
56.22279,-3.15476
56.22314,-3.15475
56.22352,-3.15471
56.22387,-3.15466
56.22418,-3.15456
56.22466,-3.1544
56.22516,-3.15424
56.22549,-3.15415
56.22573,-3.1541
56.226,-3.15405
56.22635,-3.15402
56.22675,-3.15399
56.22708,-3.154
56.22753,-3.15404
56.22822,-3.15409
56.22862,-3.15411
56.22896,-3.15414
56.22925,-3.15418
56.22949,-3.15422
56.22973,-3.15428
56.22991,-3.15434
56.22997,-3.15436
56.2302,-3.15446
56.23051,-3.15461
56.23071,-3.15471
56.23106,-3.1549
56.23126,-3.155
56.2314,-3.15508
56.23193,-3.15528
56.23209,-3.15532
56.23244,-3.15538
56.23267,-3.15538
56.23272,-3.15538
56.23296,-3.15538
56.23317,-3.15536
56.23325,-3.15537
56.23332,-3.15539
56.23338,-3.15544
56.23344,-3.15549
56.23353,-3.15563
56.23358,-3.15569
56.23365,-3.15574
56.23372,-3.15575
56.23379,-3.15574
56.23386,-3.15568
56.23392,-3.1556
56.23396,-3.15551
56.23398,-3.15541
56.234,-3.1553
56.23399,-3.15518
56.23398,-3.15507
56.23395,-3.15496
56.2339,-3.15487
56.23387,-3.15469
56.23386,-3.15448
56.23386,-3.15432
56.23387,-3.15414
56.23395,-3.15391
56.23397,-3.15386
56.23418,-3.15341
56.23424,-3.15329
56.23433,-3.15314
56.23445,-3.15299
56.23463,-3.15273
56.23488,-3.15238
56.23516,-3.15197
56.23542,-3.15164
56.23563,-3.15138
56.2357,-3.15129
56.23592,-3.15102
56.23607,-3.15082
56.2362,-3.15063
56.2363,-3.15045
56.23641,-3.15025
56.23651,-3.15004
56.23658,-3.14984
56.23667,-3.1496
56.23674,-3.14938
56.23682,-3.14916
56.2369,-3.14898
56.23698,-3.14883
56.23706,-3.14869
56.23714,-3.14856
56.23723,-3.14844
56.23748,-3.14816
56.23782,-3.14781
56.23792,-3.1477
56.23817,-3.14743
56.23908,-3.14643
56.23963,-3.14583
56.24307,-3.1408
56.24332,-3.14043
56.24356,-3.14008
56.24387,-3.13963
56.24431,-3.13899
56.24469,-3.1385
56.24495,-3.13818
56.24513,-3.13797
56.24534,-3.13774
56.24554,-3.13751
56.24572,-3.13733
56.24591,-3.13714
56.24608,-3.13696
56.24627,-3.13675
56.24648,-3.13653
56.24668,-3.13629
56.24689,-3.13602
56.24714,-3.13567
56.24741,-3.13529
56.24759,-3.13496
56.24779,-3.13462
56.24798,-3.13431
56.24807,-3.13413
56.24821,-3.13388
56.24844,-3.13341
56.24865,-3.133
56.24884,-3.13261
56.24904,-3.13222
56.24918,-3.1319
56.24929,-3.13163
56.2496,-3.13089
56.25014,-3.12955
56.25059,-3.12842
56.25264,-3.12318
56.25351,-3.12101
56.25367,-3.12063
56.25386,-3.12015
56.2539,-3.12005
56.25392,-3.12001
56.25399,-3.11983
56.25416,-3.11943
56.25474,-3.11806
56.25487,-3.11773
56.25497,-3.11748
56.25552,-3.11619
56.25611,-3.11478
56.25631,-3.11432
56.25641,-3.11407
56.25645,-3.11399
56.25744,-3.11171
56.25814,-3.11008
56.25887,-3.10839
56.25954,-3.10684
56.25955,-3.10683
56.25988,-3.10605
56.26019,-3.10531
56.26054,-3.10445
56.26075,-3.10391
56.26091,-3.10345
56.26102,-3.1031
56.2611,-3.10285
56.26116,-3.10263
56.26123,-3.10243
56.26131,-3.10222
56.26139,-3.10204
56.2615,-3.10185
56.26165,-3.10161
56.26185,-3.10126
56.26189,-3.10119
56.26201,-3.10101
56.26217,-3.10075
56.26235,-3.10046
56.2624,-3.10039
56.26247,-3.10029
56.2626,-3.10005
56.26277,-3.09974
56.26284,-3.0996
56.26292,-3.09945
56.26292,-3.09943
56.263,-3.09925
56.26307,-3.09912
56.26322,-3.09883
56.26348,-3.09838
56.26378,-3.09782
56.26389,-3.09762
56.26406,-3.09729
56.26557,-3.09453
56.26608,-3.09362
56.26623,-3.09335
56.26636,-3.09311
56.2668,-3.09212
56.26704,-3.09154
56.26711,-3.09135
56.26714,-3.09127
56.26726,-3.09085
56.26746,-3.09018
56.26783,-3.08888
56.26823,-3.08747
56.26826,-3.08737
56.26871,-3.08579
56.26894,-3.08499
56.26909,-3.08456
56.26923,-3.08418
56.26933,-3.08393
56.27012,-3.08207
56.27108,-3.07983
56.27143,-3.07902
56.2715,-3.07885
56.27186,-3.07804
56.27332,-3.07484
56.27347,-3.07457
56.27355,-3.07445
56.27361,-3.07436
56.27372,-3.07423
56.27381,-3.07413
56.27399,-3.07393
56.27411,-3.0738
56.2742,-3.07371
56.27426,-3.07364
56.2743,-3.0736
56.27436,-3.07351
56.27441,-3.07342
56.27445,-3.07332
56.27446,-3.0733
56.27457,-3.07299
56.27464,-3.07281
56.27491,-3.07209
56.27497,-3.07195
56.27502,-3.07183
56.27691,-3.06693
56.27742,-3.06561
56.27756,-3.06523
56.27865,-3.06233
56.2799,-3.05908
56.28052,-3.05747
56.28058,-3.0573
56.28156,-3.05475
56.28258,-3.0521
56.28355,-3.04958
56.28382,-3.04901
56.28432,-3.04825
56.2847,-3.04787
56.28517,-3.04738
56.28535,-3.04719
56.28585,-3.04667
56.28704,-3.04543
56.28802,-3.04442
56.28841,-3.04401
56.28872,-3.04373
56.28899,-3.0435
56.28922,-3.04332
56.28944,-3.04318
56.2897,-3.04308
56.29023,-3.04287
56.29055,-3.04275
56.29078,-3.04266
56.29092,-3.0426
56.29091,-3.04255
56.29089,-3.04246
56.29081,-3.04213
56.29069,-3.0417
56.29058,-3.04131
56.29046,-3.04089
56.29041,-3.04072
56.29039,-3.04061
56.29037,-3.04051
56.29036,-3.04041
56.29036,-3.04029
56.29036,-3.03997
56.29036,-3.03972
56.29035,-3.0395
56.29034,-3.03921
56.2903,-3.03873
56.29023,-3.03809
56.29017,-3.03759
56.29012,-3.03728
56.29008,-3.03703
56.29004,-3.03683
56.28999,-3.03664
56.28996,-3.03652
56.28964,-3.0354
56.28943,-3.0347
56.28934,-3.03438
56.28932,-3.03429
56.28931,-3.03421
56.28932,-3.03411
56.28934,-3.03402
56.28937,-3.03387
56.28941,-3.03368
56.28947,-3.03343
56.29021,-3.02965
56.29052,-3.02818
56.29055,-3.028
56.29057,-3.02781
56.2906,-3.02753
56.29067,-3.02662
56.29073,-3.0256
56.29076,-3.02534
56.29079,-3.02515
56.29083,-3.02499
56.29089,-3.0248
56.29139,-3.02344
56.29178,-3.02236
56.29209,-3.02153
56.29227,-3.02109
56.29249,-3.02054
56.29326,-3.01874
56.29333,-3.01858
56.29339,-3.01849
56.29347,-3.01842
56.29383,-3.01824
56.29401,-3.01814
56.29408,-3.01808
56.29412,-3.01802
56.29413,-3.01795
56.29413,-3.01788
56.29412,-3.01778
56.29408,-3.01754
56.29404,-3.01735
56.29401,-3.01722
56.294,-3.01714
56.29398,-3.01704
56.29397,-3.01694
56.29384,-3.01665
56.29347,-3.01584
56.2933,-3.01548
56.29318,-3.01526
56.29308,-3.0151
56.29273,-3.01462
56.29233,-3.01407
56.29213,-3.01381
56.29199,-3.01361
56.29187,-3.0134
56.29135,-3.01258
56.29088,-3.01183
56.29079,-3.0117
56.28966,-3.00993
56.2891,-3.00902
56.28881,-3.00853
56.28871,-3.00833
56.28858,-3.00809
56.28847,-3.00784
56.28823,-3.00725
56.28806,-3.00684
56.28771,-3.00598
56.28755,-3.00559
56.28742,-3.00528
56.28735,-3.00512
56.28728,-3.00501
56.28725,-3.00496
56.2872,-3.00491
56.28716,-3.00488
56.28713,-3.00487
56.28708,-3.00486
56.287,-3.00484
56.28691,-3.00483
56.28653,-3.00484
56.28618,-3.00487
56.2861,-3.00487
56.28562,-3.00497
56.28561,-3.0049
56.2855,-3.00416
56.28549,-3.00409
56.28546,-3.004
56.28539,-3.00373
56.28537,-3.00354
56.28547,-3.00336
56.28555,-3.00326
56.28527,-3.00252
56.28535,-3.00231
56.28543,-3.00204
56.28555,-3.00162
56.28599,-2.9997
56.28626,-2.99856
56.28654,-2.99733
56.28673,-2.99646
56.28684,-2.99593
56.2869,-2.99562
56.28696,-2.99527
56.28712,-2.99402
56.28721,-2.99345
56.28728,-2.99305
56.28755,-2.99184
56.28783,-2.99069
56.28799,-2.99004
56.28809,-2.98972
56.28819,-2.98941
56.28859,-2.98821
56.2893,-2.98614
56.28938,-2.98592
56.2895,-2.98557
56.28952,-2.9855
56.28971,-2.98494
56.28988,-2.98446
56.29003,-2.98399
56.29011,-2.9837
56.29023,-2.98323
56.29031,-2.98287
56.29039,-2.98251
56.29049,-2.9819
56.29089,-2.97935
56.29107,-2.97818
56.29111,-2.97792
56.29114,-2.97768
56.29115,-2.97747
56.29117,-2.97712
56.29123,-2.97571
56.29124,-2.9754
56.29126,-2.97502
56.29134,-2.97421
56.2914,-2.97374
56.29144,-2.97342
56.29149,-2.97319
56.29149,-2.97317
56.29158,-2.97285
56.29166,-2.97255
56.29173,-2.97226
56.29183,-2.97192
56.29186,-2.97182
56.29189,-2.9717
56.29197,-2.97145
56.29203,-2.97127
56.29215,-2.97103
56.29219,-2.97092
56.29228,-2.97079
56.29233,-2.97068
56.29239,-2.97058
56.29242,-2.97049
56.29244,-2.97042
56.29253,-2.9701
56.29263,-2.96982
56.29274,-2.96957
56.29286,-2.96936
56.29307,-2.96892
56.29322,-2.96859
56.29339,-2.96823
56.29376,-2.96749
56.29521,-2.96462
56.29558,-2.96388
56.29588,-2.96336
56.296,-2.96318
56.2961,-2.96304
56.29623,-2.96287
56.29659,-2.96239
56.29689,-2.96199
56.29699,-2.96187
56.29769,-2.96095
56.2978,-2.96081
56.29797,-2.96062
56.29834,-2.96026
56.29838,-2.96022
56.29893,-2.95974
56.29906,-2.95962
56.29913,-2.95956
56.29923,-2.95946
56.29933,-2.95935
56.29944,-2.95921
56.29959,-2.95898
56.29962,-2.95892
56.29976,-2.95866
56.30033,-2.95757
56.30105,-2.95619
56.30303,-2.95217
56.30336,-2.9515
56.30523,-2.94738
56.30561,-2.94648
56.30573,-2.94609
56.30576,-2.94598
56.30585,-2.94572
56.30602,-2.94525
56.3066,-2.94382
56.30676,-2.94341
56.30682,-2.94327
56.30701,-2.94269
56.30712,-2.94233
56.30719,-2.9419
56.30727,-2.9413
56.30737,-2.94062
56.3075,-2.94005
56.3076,-2.93973
56.30769,-2.93951
56.30783,-2.93926
56.30804,-2.93889
56.30813,-2.93875
56.30947,-2.93653
56.30998,-2.93582
56.31035,-2.93538
56.31056,-2.93519
56.3108,-2.935
56.31235,-2.93384
56.31286,-2.93348
56.31302,-2.93341
56.31323,-2.93334
56.31343,-2.93333
56.31359,-2.93337
56.31371,-2.93344
56.31392,-2.9336
56.31408,-2.93369
56.31424,-2.93374
56.31441,-2.9337
56.31458,-2.93358
56.31474,-2.93341
56.31491,-2.9332
56.31507,-2.93309
56.31523,-2.93309
56.3154,-2.93315
56.31577,-2.93329
56.3159,-2.93331
56.31606,-2.93329
56.31621,-2.93319
56.31635,-2.93301
56.31735,-2.93114
56.31812,-2.92964
56.31827,-2.92929
56.31844,-2.92882
56.31973,-2.92495
56.32107,-2.92077
56.32128,-2.92018
56.32146,-2.91977
56.32177,-2.91924
56.32194,-2.91896
56.32204,-2.9188
56.32243,-2.91818
56.32249,-2.91804
56.32315,-2.91646
56.32354,-2.91552
56.32363,-2.91535
56.32372,-2.91521
56.32379,-2.91512
56.32387,-2.91504
56.32403,-2.91495
56.32422,-2.91487
56.32444,-2.91476
56.32458,-2.9146
56.32473,-2.91439
56.32482,-2.91413
56.32493,-2.91377
56.325,-2.91337
56.32513,-2.9118
56.32514,-2.91163
56.32532,-2.90951
56.32584,-2.90315
56.32594,-2.90205
56.32635,-2.89858
56.32736,-2.89017
56.32806,-2.88445
56.32847,-2.88103
56.32867,-2.87933
56.32878,-2.87845
56.32907,-2.87602
56.32907,-2.87599
56.32908,-2.87596
56.32923,-2.87432
56.32956,-2.87086
56.32963,-2.87016
56.32982,-2.86815
56.33001,-2.86649
56.33084,-2.86125
56.33129,-2.85843
56.33149,-2.85719
56.33152,-2.85699
56.33189,-2.85473
56.33239,-2.85159
56.33346,-2.84503
56.33358,-2.84428
56.33366,-2.84382
56.33415,-2.8408
56.33423,-2.84028
56.33433,-2.83966
56.33439,-2.83929
56.3347,-2.83729
56.33478,-2.83678
56.33483,-2.83627
56.33487,-2.83549
56.33488,-2.83528
56.33495,-2.8334
56.33499,-2.83232
56.33501,-2.83172
56.33501,-2.83146
56.33502,-2.83139
56.33505,-2.83018
56.33506,-2.83011
56.33509,-2.82947
56.33512,-2.82946
56.33514,-2.82944
56.33516,-2.8294
56.33517,-2.82936
56.33517,-2.82929
56.33517,-2.82925
56.33515,-2.82921
56.33513,-2.82918
56.33511,-2.82917
56.3351,-2.82903
56.33513,-2.82783
56.33514,-2.8276
56.33516,-2.82702
56.33519,-2.82586
56.3352,-2.8258
56.3352,-2.82564
56.33525,-2.82406
56.33526,-2.82368
56.33527,-2.82349
56.33527,-2.82336
56.33528,-2.82308
56.33529,-2.82281
56.33531,-2.8221
56.33532,-2.82183
56.33533,-2.82139
56.33534,-2.82129
56.33535,-2.82068
56.33536,-2.82042
56.33537,-2.82036
56.33537,-2.8202
56.33543,-2.81849
56.33545,-2.81804
56.33547,-2.81735
56.33548,-2.81702
56.33553,-2.81537
56.33554,-2.81516
56.33554,-2.81511
56.33555,-2.81457
56.33557,-2.81417
56.33558,-2.81373
56.33561,-2.81296
56.33562,-2.81278
56.33562,-2.81259
56.33561,-2.81242
56.33563,-2.81232
56.33568,-2.81214
56.33574,-2.81194
56.33576,-2.81188
56.3358,-2.81178
56.33592,-2.81148
56.33593,-2.81145
56.33595,-2.81141
56.33608,-2.81109
56.33615,-2.81091
56.33617,-2.81088
56.33618,-2.81085
56.33634,-2.81044
56.33638,-2.81036
56.33656,-2.80992
56.33659,-2.80982
56.33663,-2.80974
56.33675,-2.80943
56.33681,-2.80927
56.33697,-2.80889
56.33706,-2.80867
56.3372,-2.80833
56.33731,-2.80806
56.33732,-2.80804
56.33738,-2.80791
56.33739,-2.80788
56.33739,-2.80786
56.33753,-2.80753
56.33767,-2.8072
56.33781,-2.80686
56.33783,-2.80679
56.33788,-2.80667
56.3381,-2.80612
56.33824,-2.80577
56.33831,-2.80551
56.33837,-2.80531
56.3384,-2.80516
56.33842,-2.80501
56.33843,-2.80482
56.33844,-2.80462
56.33844,-2.8046
56.33845,-2.80439
56.33845,-2.80429
56.33846,-2.80413
56.33847,-2.80393
56.33848,-2.80357
56.3385,-2.80328
56.3385,-2.80318
56.33851,-2.80303
56.33853,-2.80276
56.33857,-2.80231
56.33859,-2.80215
56.3386,-2.80202
56.33866,-2.80126
56.33868,-2.80108
56.33875,-2.801
56.3388,-2.80096
56.33884,-2.80095
56.33889,-2.80094
56.3389,-2.80094
56.33893,-2.80094
56.33898,-2.80096
56.33945,-2.80124
56.33957,-2.80131
56.33983,-2.80152
56.33995,-2.80163
56.34008,-2.80177
56.34007,-2.8018
56.34007,-2.80183
56.34007,-2.80186
56.34008,-2.80189
56.34009,-2.80192
56.34011,-2.80194
56.34012,-2.80195
56.34014,-2.80195
56.34016,-2.80194
56.34018,-2.80192
56.34019,-2.8019
56.34027,-2.80202
56.34037,-2.80211
56.34058,-2.80231
56.34072,-2.8024
56.34094,-2.80255
56.34119,-2.80271
56.34168,-2.80296
56.342,-2.80314
56.34215,-2.80325
56.34216,-2.80336
56.34216,-2.80349
56.34218,-2.80368
56.34234,-2.80448
56.34239,-2.80473
56.34246,-2.8051
56.34249,-2.80527
56.34251,-2.80546
56.34252,-2.80567
56.34251,-2.80588
56.3425,-2.80609
56.34248,-2.80628
56.34247,-2.80635
56.34244,-2.80657
56.34241,-2.80681
56.3424,-2.8069
56.34237,-2.80707
56.34233,-2.80729
56.34232,-2.80733
56.34227,-2.80756
56.34223,-2.80776
56.34219,-2.80794
56.34214,-2.80818
56.34208,-2.80834
56.34204,-2.80849
56.34197,-2.80861
56.34194,-2.80863
56.34192,-2.80866
56.3419,-2.8087
56.34189,-2.80875
56.34188,-2.80882
56.34189,-2.80889
56.34191,-2.80895
56.34192,-2.8092
56.34191,-2.8095
56.34186,-2.81
56.34183,-2.81039
56.34183,-2.8105
56.34183,-2.81064
56.34183,-2.81084
56.34183,-2.81114
56.34184,-2.81152
56.34186,-2.81188
56.34189,-2.81225
56.34193,-2.81261
56.34198,-2.81296
56.34204,-2.81327
56.3421,-2.81353
56.34217,-2.81386
56.34225,-2.81416
56.34234,-2.81445
56.34246,-2.81479
56.34259,-2.81514
56.34273,-2.81547
56.3429,-2.81581
56.34301,-2.81601
56.34311,-2.81619
56.34325,-2.81643
56.34346,-2.81673
56.3436,-2.81688
56.34371,-2.817
56.34382,-2.81727
56.34382,-2.81731
56.34383,-2.81734
56.34384,-2.81739
56.34388,-2.81746
56.34392,-2.8175
56.34395,-2.8175
56.34397,-2.81751
56.34402,-2.81749
56.34403,-2.81747
56.34429,-2.81753
56.34481,-2.81798
56.34507,-2.8182
56.34529,-2.81837
56.3455,-2.81856
56.34557,-2.81863
56.34572,-2.81878
56.34597,-2.81904
56.34616,-2.81927
56.34634,-2.81952
56.34651,-2.81979
56.34668,-2.82007
56.34694,-2.82054
56.34715,-2.821
56.34725,-2.82126
56.3473,-2.82136
56.34746,-2.82185
56.34752,-2.82204
56.34757,-2.82221
56.3477,-2.82267
56.34771,-2.82272
56.34782,-2.82321
56.34793,-2.82368
56.34812,-2.82464
56.34866,-2.82726
56.34885,-2.82817
56.349,-2.82909
56.34917,-2.83016
56.34963,-2.83305
56.34981,-2.83409
56.34985,-2.83446
56.34989,-2.83485
56.34989,-2.83526
56.34986,-2.83622
56.34987,-2.83659
56.34989,-2.83681
56.34991,-2.83696
56.35001,-2.83754
56.35022,-2.8387
56.3503,-2.83906
56.35039,-2.83939
56.35049,-2.83967
56.35067,-2.84006
56.35111,-2.84102
56.35127,-2.84144
56.35138,-2.84194
56.35208,-2.84516
56.35275,-2.84836
56.35341,-2.85153
56.35342,-2.85159
56.35372,-2.85299
56.35386,-2.85358
56.35398,-2.85404
56.3541,-2.85435
56.35422,-2.85464
56.35443,-2.85503
56.35483,-2.85561
56.35515,-2.85613
56.35548,-2.85671
56.35567,-2.85709
56.35589,-2.85765
56.35604,-2.85812
56.35652,-2.85982
56.35661,-2.86014
56.35815,-2.8655
56.3586,-2.86701
56.35868,-2.86738
56.35874,-2.86765
56.35881,-2.86815
56.35884,-2.86854
56.35887,-2.86888
56.35891,-2.87098
56.35894,-2.87261
56.35893,-2.87282
56.3589,-2.8737
56.35872,-2.87543
56.35861,-2.87651
56.35853,-2.87736
56.35849,-2.87777
56.35838,-2.87882
56.35823,-2.88032
56.35821,-2.88055
56.35821,-2.88059
56.3582,-2.88101
56.35821,-2.88141
56.35827,-2.88223
56.35834,-2.88302
56.35853,-2.88518
56.35861,-2.88602
56.35864,-2.88639
56.35875,-2.88757
56.35877,-2.8878
56.35892,-2.88952
56.35893,-2.8897
56.35896,-2.88988
56.35901,-2.89006
56.35906,-2.8902
56.35906,-2.89026
56.35907,-2.89031
56.35909,-2.89036
56.35912,-2.8904
56.35915,-2.89042
56.35918,-2.89042
56.35921,-2.8904
56.35924,-2.89037
56.35936,-2.89024
56.35953,-2.89008
56.35968,-2.89011
56.35981,-2.89016
56.36001,-2.89024
56.36013,-2.89032
56.36055,-2.89067
56.36061,-2.89072
56.36077,-2.89085
56.3609,-2.89095
56.36094,-2.89098
56.36138,-2.8913
56.36176,-2.89159
56.36202,-2.89174
56.36246,-2.89191
56.36276,-2.89203
56.36294,-2.8921
56.36311,-2.89217
56.36337,-2.8923
56.36356,-2.8924
56.36374,-2.89245
56.36393,-2.8925
56.36405,-2.8925
56.36422,-2.89246
56.36442,-2.8924
56.36513,-2.89218
56.36522,-2.89216
56.36531,-2.89213
56.36541,-2.89209
56.36553,-2.89203
56.36557,-2.89202
56.3657,-2.89198
56.36577,-2.89196
56.36583,-2.89194
56.36598,-2.89193
56.36616,-2.89192
56.36632,-2.89192
56.36635,-2.89192
56.36649,-2.89191
56.36659,-2.89189
56.36669,-2.89186
56.36677,-2.89183
56.3669,-2.89177
56.36742,-2.89148
56.36746,-2.89146
56.36843,-2.89093
56.36939,-2.89037
56.37011,-2.88991
56.37094,-2.88936
56.37116,-2.88924
56.37134,-2.88916
56.37153,-2.8891
56.37173,-2.88907
56.37187,-2.88905
56.37213,-2.88904
56.37234,-2.88906
56.37247,-2.88909
56.37265,-2.88913
56.37293,-2.88922
56.37318,-2.88935
56.3734,-2.8895
56.3737,-2.88973
56.37409,-2.8901
56.37447,-2.89047
56.37474,-2.8907
56.37493,-2.89085
56.37512,-2.89098
56.37535,-2.89112
56.37562,-2.89124
56.37584,-2.89131
56.37598,-2.89133
56.37613,-2.89134
56.37625,-2.89136
56.37652,-2.89134
56.37657,-2.89134
56.37675,-2.89131
56.37689,-2.89128
56.3771,-2.8912
56.37734,-2.89108
56.37763,-2.89091
56.37848,-2.89021
56.37948,-2.88938
56.37966,-2.88925
56.38042,-2.88862
56.38068,-2.88841
56.38087,-2.88825
56.38106,-2.88809
56.38136,-2.88785
56.38162,-2.88764
56.38184,-2.88745
56.38205,-2.88728
56.3822,-2.88716
56.3823,-2.88711
56.38235,-2.88705
56.38237,-2.88706
56.38238,-2.88706
56.3824,-2.88705
56.38241,-2.88704
56.38247,-2.88708
56.3826,-2.88722
56.38262,-2.88725
56.38276,-2.88761
56.38297,-2.88819
56.38305,-2.88834
56.38314,-2.88849
56.38321,-2.8886
56.38367,-2.88937
56.38384,-2.88967
56.38413,-2.89031
56.38508,-2.89244
56.38514,-2.89257
56.3855,-2.89337
56.38625,-2.89507
56.38672,-2.89592
56.3874,-2.89707
56.38792,-2.8978
56.38846,-2.89848
56.38929,-2.89954
56.39063,-2.90125
56.39144,-2.90229
56.39202,-2.90302
56.39397,-2.90551
56.39407,-2.90561
56.39414,-2.9057
56.39437,-2.90596
56.39505,-2.90677
56.39708,-2.90917
56.39869,-2.91108
56.39885,-2.91119
56.39889,-2.91139
56.39898,-2.91168
56.39923,-2.91369
56.39932,-2.91422
56.40006,-2.917
56.40021,-2.91748
56.40037,-2.91788
56.40054,-2.91815
56.40076,-2.91841
56.40322,-2.92131
56.40346,-2.92166
56.40375,-2.92224
56.40387,-2.92249
56.40449,-2.92374
56.40703,-2.92891
56.40769,-2.93027
56.40787,-2.93062
56.40819,-2.93129
56.40844,-2.93181
56.409,-2.93299
56.40914,-2.93335
56.40924,-2.93367
56.4096,-2.93493
56.4101,-2.93682
56.41078,-2.9393
56.41116,-2.94058
56.41139,-2.94156
56.41149,-2.94211
56.41163,-2.9427
56.41162,-2.94293
56.41158,-2.9432
56.41153,-2.94332
56.41151,-2.94346
56.41151,-2.94362
56.41154,-2.94377
56.41159,-2.9439
56.41168,-2.94402
56.41175,-2.94405
56.41183,-2.94405
56.4119,-2.94402
56.41197,-2.94395
56.41202,-2.94386
56.41206,-2.94372
56.41208,-2.94356
56.4122,-2.94321
56.41247,-2.94303
56.41303,-2.94281
56.4138,-2.94259
56.4148,-2.9426
56.41799,-2.94348
56.41832,-2.94358
56.41914,-2.94353
56.41984,-2.9435
56.42033,-2.94331
56.42113,-2.94278
56.42173,-2.94224
56.42222,-2.94167
56.42272,-2.94095
56.42332,-2.93999
56.42539,-2.93667
56.42595,-2.93579
56.42652,-2.93496
56.4266,-2.93486
56.42701,-2.9344
56.42754,-2.93392
56.42804,-2.93357
56.42842,-2.93341
56.42854,-2.93348
56.42883,-2.93366
56.42891,-2.9337
56.42898,-2.93369
56.42906,-2.93365
56.42913,-2.93356
56.42918,-2.93344
56.42932,-2.93331
56.42937,-2.93327
56.4295,-2.93322
56.42967,-2.93319
56.43038,-2.93325
56.4307,-2.9333
56.43089,-2.93332
56.43279,-2.93358
56.43392,-2.93374
56.43477,-2.93381
56.4353,-2.93384
56.43687,-2.93379
56.43788,-2.93369
56.4386,-2.93355
56.43919,-2.93342
56.43967,-2.9333
56.44003,-2.93321
56.44028,-2.93314
56.44123,-2.93288
56.44222,-2.93255
56.44277,-2.93229
56.44332,-2.93201
56.44387,-2.93169
56.44435,-2.93149
56.4447,-2.93143
56.44504,-2.93147
56.44535,-2.93155
56.44564,-2.93168
56.44604,-2.93198
56.44624,-2.93224
56.44638,-2.93259
56.44637,-2.93279
56.44641,-2.93296
56.44646,-2.93308
56.44655,-2.93319
56.44663,-2.93322
56.44672,-2.93321
56.44684,-2.93333
56.44688,-2.93337
56.44693,-2.93346
56.44715,-2.93402
56.45912,-2.96307
56.45973,-2.96456
56.45989,-2.9649
56.46007,-2.96526
56.46021,-2.96552
56.46029,-2.96562
56.46035,-2.96567
56.46041,-2.96569
56.46049,-2.9657
56.46053,-2.9657
56.46059,-2.96568
56.46067,-2.96563
56.46076,-2.96556
56.46083,-2.96546
56.46105,-2.96515
56.46124,-2.96488
56.46132,-2.96475
56.46163,-2.9642
56.46164,-2.96418
56.46165,-2.96416
56.46169,-2.96411
56.46177,-2.96395
56.46182,-2.96387
56.46209,-2.96344
56.46227,-2.96315
56.46239,-2.96299
56.46247,-2.9629
56.46257,-2.96293
56.46271,-2.96299
56.46274,-2.96303
56.46299,-2.96336
56.4631,-2.96349
56.46316,-2.96355
56.46354,-2.96396
56.46368,-2.96409
56.46388,-2.96426
56.46396,-2.96437
56.46398,-2.96444
56.464,-2.9645
56.46403,-2.96454
56.46408,-2.96458
56.46413,-2.9646
56.46419,-2.96459
56.46424,-2.96455
56.46429,-2.96447
56.46432,-2.96437
56.46433,-2.96429
56.46433,-2.9642
56.46432,-2.96412
56.46442,-2.96355
56.46454,-2.96327
56.46458,-2.96317
56.46461,-2.9631
56.46464,-2.96303
56.46466,-2.96298
56.4647,-2.96287
56.4648,-2.9626
56.46485,-2.96245
56.46495,-2.96213
56.46508,-2.96178
56.46528,-2.96124
56.46532,-2.96116
56.46545,-2.96082
56.46557,-2.96051
56.46572,-2.96018
56.46589,-2.95991
56.46635,-2.95928
56.46653,-2.95903
56.46668,-2.95882
56.46673,-2.95875
56.46684,-2.95862
56.467,-2.95848
56.46716,-2.95837
56.46722,-2.95833
56.46741,-2.9582
56.46756,-2.9581
56.46768,-2.95803
56.46786,-2.95793
56.46798,-2.95787
56.46805,-2.95785
56.46814,-2.95784
56.46818,-2.95783
56.46822,-2.95783
56.46873,-2.95779
56.46879,-2.95778
56.46888,-2.95776
56.46913,-2.95769
56.46919,-2.95767
56.46922,-2.95767
56.46934,-2.95763
56.46942,-2.95761
56.46946,-2.9576
56.46949,-2.95759
56.46953,-2.95757
56.46977,-2.95752
56.46979,-2.95751
56.46996,-2.95747
56.47007,-2.95744
56.47011,-2.95743
56.47014,-2.95742
56.47028,-2.95737
56.47031,-2.95735
56.47089,-2.95717
56.47106,-2.95712
56.4713,-2.95705
56.47144,-2.95701
56.4716,-2.95696
56.47164,-2.95695
56.47167,-2.95694
56.47191,-2.95689
56.47221,-2.95678
56.47248,-2.95662
56.47254,-2.95661
56.47265,-2.95665
56.4727,-2.95657
56.47274,-2.9565
56.47279,-2.95644
56.47287,-2.95635
56.47296,-2.95629
56.47322,-2.95613
56.47333,-2.95606
56.47336,-2.95605
56.47338,-2.95603
56.47397,-2.95564
56.47426,-2.95545
56.47444,-2.95533
56.47446,-2.95531
56.4745,-2.95529
56.47453,-2.95527
56.4746,-2.95522
56.47466,-2.95519
56.475,-2.95497
56.47518,-2.95485
56.47524,-2.95481
56.47533,-2.95472
56.47541,-2.95463
56.47564,-2.95436
56.47574,-2.95425
56.47579,-2.95422
56.47587,-2.95416
56.47644,-2.95385
56.47658,-2.95378
56.47671,-2.95371
56.47691,-2.9536
56.4775,-2.9533
56.47754,-2.95328
56.47768,-2.9532
56.4778,-2.95314
56.47785,-2.95312
56.47828,-2.95289
56.47843,-2.95281
56.47902,-2.9525
56.47919,-2.95243
56.47925,-2.95241
56.47978,-2.95229
56.47983,-2.95227
56.47985,-2.95227
56.47995,-2.95234
56.47997,-2.95237
56.48003,-2.95241
56.48007,-2.95246
56.4801,-2.95254
56.48018,-2.95279
56.48022,-2.95288
56.48028,-2.95294
56.48032,-2.95297
56.4804,-2.95294
56.48049,-2.95289
56.4809,-2.95258
56.48117,-2.95241
56.48134,-2.95232
56.48167,-2.95216
56.48197,-2.95207
56.48257,-2.95194
56.48489,-2.95138
56.48509,-2.95133
56.48587,-2.95102
56.48609,-2.95094
56.48624,-2.95088
56.48636,-2.95086
56.48641,-2.95085
56.48675,-2.9508
56.48699,-2.95076
56.48726,-2.95074
56.48796,-2.95073
56.48833,-2.95073
56.4886,-2.95072
56.48866,-2.95073
56.48913,-2.95071
56.48918,-2.95071
56.48958,-2.9507
56.48964,-2.9507
56.49024,-2.95065
56.49126,-2.95064
56.49139,-2.95066
56.49144,-2.95068
56.49148,-2.95072
56.49152,-2.95075
56.49156,-2.95076
56.49159,-2.95075
56.49161,-2.95073
56.4917,-2.95068
56.49195,-2.95063
56.49324,-2.95054
56.49356,-2.95049
56.49386,-2.95038
56.49427,-2.95016
56.49435,-2.95011
56.49445,-2.95009
56.4945,-2.95009
56.49457,-2.95014
56.4946,-2.95018
56.49462,-2.95022
56.49467,-2.95025
56.4947,-2.95026
56.49475,-2.95026
56.49477,-2.95025
56.49479,-2.95024
56.49481,-2.95022
56.49487,-2.95019
56.49496,-2.95019
56.49502,-2.95023
56.49512,-2.95027
56.49527,-2.95034
56.49544,-2.95038
56.49591,-2.95038
56.49629,-2.95035
56.4972,-2.95018
56.49776,-2.95006
56.49871,-2.94981
56.49981,-2.94941
56.5027,-2.948
56.50509,-2.94674
56.50567,-2.94647
56.50628,-2.94623
56.50671,-2.94611
56.50741,-2.946
56.50924,-2.9458
56.51069,-2.94573
56.51177,-2.9456
56.51425,-2.94542
56.51487,-2.94537
56.51686,-2.94519
56.51974,-2.94491
56.52165,-2.94475
56.52215,-2.94475
56.52264,-2.94477
56.52299,-2.94478
56.52346,-2.94477
56.52384,-2.94475
56.52438,-2.94474
56.52483,-2.94472
56.52552,-2.94466
56.52652,-2.94448
56.52722,-2.94439
56.52773,-2.94437
56.52805,-2.9444
56.5285,-2.94447
56.52884,-2.94456
56.5292,-2.94468
56.52955,-2.94481
56.52988,-2.94496
56.53024,-2.94513
56.53079,-2.94542
56.531,-2.94552
56.53133,-2.94567
56.53181,-2.94587
56.53239,-2.94605
56.53291,-2.94619
56.53344,-2.94632
56.53404,-2.94644
56.5346,-2.9465
56.53502,-2.94655
56.53544,-2.94657
56.53594,-2.94658
56.53644,-2.94656
56.53705,-2.94651
56.5377,-2.94643
56.53845,-2.94626
56.53905,-2.94608
56.54029,-2.94559
56.54112,-2.94519
56.54194,-2.94471
56.54269,-2.94423
56.54319,-2.94386
56.54647,-2.9411
56.54659,-2.941
56.54683,-2.9408
56.5472,-2.9405
56.54768,-2.9401
56.54777,-2.94002
56.54826,-2.93961
56.54846,-2.93944
56.55011,-2.93805
56.5504,-2.9378
56.55061,-2.93762
56.55093,-2.93735
56.55125,-2.93704
56.5515,-2.93678
56.55202,-2.93617
56.55229,-2.93582
56.55275,-2.93513
56.55321,-2.93437
56.5536,-2.93361
56.55401,-2.93273
56.55439,-2.93175
56.55528,-2.92925
56.55569,-2.92825
56.55612,-2.92739
56.55638,-2.92691
56.55693,-2.92599
56.55733,-2.92544
56.55785,-2.92479
56.55847,-2.92415
56.55906,-2.92364
56.55952,-2.92329
56.55984,-2.9231
56.56013,-2.92294
56.56045,-2.92277
56.56078,-2.92259
56.56178,-2.92207
56.56232,-2.9218
56.56445,-2.92068
56.56896,-2.91825
56.57015,-2.91762
56.57172,-2.91676
56.57265,-2.91618
56.57331,-2.91577
56.57379,-2.91549
56.57428,-2.91521
56.57451,-2.91508
56.57472,-2.91495
56.57507,-2.91476
56.57606,-2.91429
56.577,-2.9139
56.57727,-2.9138
56.57763,-2.91368
56.57809,-2.91353
56.57885,-2.91331
56.57951,-2.91318
56.57983,-2.91313
56.58033,-2.91307
56.58116,-2.913
56.58176,-2.91299
56.58223,-2.91301
56.58308,-2.91309
56.58359,-2.91316
56.58419,-2.91326
56.58433,-2.91328
56.58513,-2.91332
56.58573,-2.91335
56.58594,-2.91334
56.58671,-2.9133
56.58706,-2.91327
56.5883,-2.91305
56.59167,-2.9122
56.59295,-2.9118
56.59366,-2.91153
56.59564,-2.91056
56.59585,-2.91044
56.59718,-2.90963
56.59825,-2.90892
56.59937,-2.90804
56.59969,-2.90781
56.60017,-2.90743
56.6006,-2.90707
56.60154,-2.90624
56.60178,-2.90604
56.60347,-2.90458
56.60388,-2.90424
56.60439,-2.90389
56.6046,-2.90377
56.60526,-2.90329
56.60624,-2.90269
56.60726,-2.90214
56.60865,-2.90156
56.60946,-2.90131
56.61028,-2.90112
56.61135,-2.901
56.61194,-2.90101
56.61204,-2.90101
56.61275,-2.90107
56.6136,-2.90122
56.6144,-2.90143
56.61492,-2.90161
56.61493,-2.90162
56.61497,-2.90163
56.61547,-2.90186
56.61602,-2.90212
56.61648,-2.90238
56.61698,-2.90269
56.61746,-2.90302
56.61788,-2.90335
56.61839,-2.90379
56.61867,-2.90403
56.61883,-2.90419
56.6194,-2.90475
56.6199,-2.9053
56.62034,-2.90583
56.62077,-2.90638
56.62121,-2.90699
56.62166,-2.90766
56.6221,-2.90835
56.62258,-2.9092
56.62295,-2.90991
56.62327,-2.91055
56.62396,-2.91204
56.62443,-2.91303
56.62485,-2.91386
56.62535,-2.91478
56.62565,-2.91532
56.6263,-2.91639
56.62669,-2.91699
56.6271,-2.91758
56.62745,-2.91808
56.62781,-2.91857
56.6284,-2.91931
56.62881,-2.91979
56.6293,-2.92035
56.62957,-2.92065
56.63019,-2.92126
56.6308,-2.92184
56.6316,-2.92252
56.63247,-2.92317
56.63335,-2.92377
56.63344,-2.92382
56.63472,-2.92453
56.63572,-2.92498
56.63739,-2.92549
56.63893,-2.92577
56.64013,-2.92584
56.64127,-2.92578
56.64281,-2.92553
56.64412,-2.92517
56.64568,-2.92453
56.64727,-2.92372
56.64857,-2.92304
56.64872,-2.92296
56.64892,-2.92285
56.65087,-2.9217
56.65174,-2.92118
56.65265,-2.92058
56.65365,-2.91992
56.65486,-2.91909
56.65687,-2.91761
56.65899,-2.91594
56.66001,-2.91509
56.66091,-2.91431
56.66134,-2.91393
56.66177,-2.91352
56.66319,-2.91213
56.66559,-2.90939
56.66676,-2.90768
56.66776,-2.90621
56.66842,-2.90517
56.66926,-2.90377
56.66974,-2.9029
56.67018,-2.9021
56.6706,-2.9013
56.67119,-2.90013
56.67131,-2.89988
56.67193,-2.89854
56.67312,-2.8958
56.67315,-2.89571
56.67323,-2.8955
56.67371,-2.8942
56.67454,-2.89197
56.67576,-2.88804
56.67577,-2.888
56.67645,-2.88546
56.67716,-2.88263
56.67853,-2.8772
56.67979,-2.87225
56.68104,-2.86756
56.68155,-2.86566
56.68206,-2.86392
56.68262,-2.86216
56.68325,-2.86038
56.68397,-2.85833
56.68429,-2.8575
56.68468,-2.85653
56.68517,-2.85537
56.68564,-2.8543
56.68606,-2.8534
56.68631,-2.85288
56.68646,-2.85258
56.68671,-2.85208
56.68779,-2.84992
56.68802,-2.84946
56.68812,-2.84925
56.68866,-2.8482
56.68995,-2.84572
56.69047,-2.84472
56.69095,-2.84381
56.69191,-2.84204
56.69199,-2.84188
56.69316,-2.83969
56.69379,-2.83855
56.69423,-2.83774
56.695,-2.83633
56.69558,-2.83527
56.69581,-2.83487
56.69598,-2.83457
56.69628,-2.83415
56.69649,-2.83387
56.69673,-2.83359
56.69708,-2.83324
56.69738,-2.83296
56.69763,-2.83278
56.69783,-2.83265
56.69803,-2.83253
56.69824,-2.83242
56.69846,-2.83233
56.69868,-2.83224
56.69907,-2.83214
56.69943,-2.8321
56.70028,-2.83212
56.70045,-2.83213
56.70079,-2.8321
56.70114,-2.83206
56.7015,-2.83198
56.70196,-2.8318
56.70222,-2.83166
56.70238,-2.83156
56.70266,-2.83138
56.70295,-2.83116
56.70325,-2.83088
56.70353,-2.83059
56.70373,-2.83035
56.70393,-2.83008
56.70413,-2.82979
56.70424,-2.82963
56.70432,-2.82949
56.7044,-2.82937
56.70451,-2.82916
56.7047,-2.82881
56.70488,-2.82845
56.70507,-2.82802
56.70521,-2.82766
56.70531,-2.8274
56.70543,-2.82699
56.70558,-2.82649
56.70572,-2.82597
56.70579,-2.82568
56.70582,-2.82556
56.70589,-2.82528
56.70603,-2.8247
56.70616,-2.82415
56.70628,-2.82362
56.70669,-2.82207
56.70731,-2.81965
56.70796,-2.81717
56.70871,-2.81426
56.709,-2.81322
56.70915,-2.81266
56.70939,-2.81179
56.71034,-2.80849
56.71048,-2.80802
56.71197,-2.80312
56.712,-2.803
56.71293,-2.79932
56.71324,-2.79805
56.71387,-2.79493
56.71471,-2.79073
56.71475,-2.79051
56.71497,-2.78931
56.71585,-2.78463
56.71601,-2.78381
56.71622,-2.78283
56.71644,-2.7819
56.71656,-2.78136
56.71674,-2.78055
56.71692,-2.7797
56.71702,-2.7792
56.71706,-2.77903
56.71731,-2.77781
56.71745,-2.7771
56.71776,-2.77547
56.7179,-2.77463
56.71806,-2.77366
56.71819,-2.77279
56.7183,-2.77203
56.71845,-2.77091
56.71859,-2.76989
56.7188,-2.76833
56.71928,-2.7647
56.71936,-2.76426
56.71942,-2.76386
56.71951,-2.7634
56.7196,-2.76298
56.71969,-2.76263
56.71979,-2.76229
56.71993,-2.76184
56.7201,-2.76136
56.72027,-2.76093
56.72046,-2.7605
56.7207,-2.76001
56.72139,-2.75866
56.72156,-2.75832
56.72171,-2.75798
56.72184,-2.75766
56.72197,-2.75732
56.72209,-2.75697
56.72219,-2.75668
56.72232,-2.75625
56.72242,-2.75588
56.72253,-2.75537
56.72262,-2.75491
56.7227,-2.75446
56.72279,-2.75383
56.72349,-2.74887
56.72368,-2.74766
56.72396,-2.74595
56.72427,-2.74428
56.72462,-2.74248
56.72479,-2.74159
56.72492,-2.74067
56.7251,-2.73885
56.72515,-2.73792
56.72517,-2.73701
56.7252,-2.73071
56.72522,-2.72789
56.72528,-2.72668
56.72529,-2.72648
56.72538,-2.7251
56.72559,-2.72191
56.72563,-2.72133
56.72563,-2.72123
56.7257,-2.72031
56.72578,-2.71951
56.72588,-2.71874
56.72667,-2.71379
56.72685,-2.7124
56.72698,-2.7113
56.72705,-2.71049
56.72712,-2.70965
56.72727,-2.70822
56.7274,-2.70713
56.72753,-2.70622
56.72775,-2.70492
56.72787,-2.70426
56.72801,-2.70359
56.72828,-2.70246
56.72849,-2.70162
56.72869,-2.7009
56.72889,-2.7002
56.7292,-2.69906
56.72942,-2.69832
56.72965,-2.69762
56.72985,-2.69699
56.73019,-2.69604
56.73105,-2.69392
56.73195,-2.69198
56.73357,-2.68851
56.73453,-2.68636
56.73544,-2.68421
56.73623,-2.6823
56.737,-2.68035
56.7373,-2.67957
56.73744,-2.67919
56.73771,-2.67846
56.73914,-2.67437
56.7404,-2.67087
56.74083,-2.66973
56.74126,-2.66863
56.74174,-2.66749
56.74226,-2.66633
56.74281,-2.66517
56.74312,-2.66455
56.74386,-2.66314
56.74464,-2.66181
56.74502,-2.66118
56.74591,-2.65983
56.74621,-2.65941
56.74658,-2.65889
56.74702,-2.65832
56.74822,-2.65685
56.74948,-2.65548
56.75054,-2.65428
56.75157,-2.65298
56.75366,-2.65005
56.75554,-2.64733
56.75634,-2.64618
56.75742,-2.64463
56.75776,-2.64412
56.75827,-2.64334
56.75881,-2.64247
56.75944,-2.6414
56.75973,-2.64086
56.76005,-2.64023
56.76049,-2.63935
56.7612,-2.63791
56.76243,-2.63541
56.76392,-2.63241
56.76529,-2.62963
56.7658,-2.62861
56.76945,-2.6212
56.77002,-2.62005
56.77026,-2.61956
56.7705,-2.61904
56.77071,-2.61856
56.77092,-2.61803
56.77114,-2.61741
56.77129,-2.61691
56.77147,-2.61627
56.77162,-2.61561
56.77182,-2.61455
56.77201,-2.61344
56.77216,-2.61254
56.77231,-2.61179
56.77243,-2.6112
56.77257,-2.61062
56.77269,-2.6102
56.77281,-2.6098
56.77295,-2.6094
56.77306,-2.60908
56.77327,-2.60857
56.77353,-2.608
56.77373,-2.60762
56.77385,-2.60739
56.77415,-2.60687
56.77448,-2.60635
56.77535,-2.60496
56.77566,-2.60446
56.77705,-2.60224
56.77756,-2.6014
56.77781,-2.60098
56.77805,-2.60054
56.77834,-2.59997
56.77862,-2.59936
56.77886,-2.59876
56.77903,-2.59832
56.77924,-2.59774
56.77948,-2.59697
56.77969,-2.59619
56.7799,-2.59537
56.78018,-2.59422
56.78033,-2.5936
56.78072,-2.592
56.78162,-2.58828
56.78218,-2.58597
56.78244,-2.58489
56.7826,-2.58418
56.78278,-2.58337
56.78301,-2.58229
56.78323,-2.58118
56.78336,-2.58055
56.78351,-2.57991
56.78364,-2.57938
56.78384,-2.57862
56.7839,-2.5784
56.78414,-2.57759
56.78441,-2.57675
56.78462,-2.57614
56.78484,-2.57554
56.78507,-2.57494
56.78542,-2.57411
56.78583,-2.57318
56.78623,-2.57227
56.78654,-2.57159
56.78679,-2.57102
56.78691,-2.57077
56.7874,-2.56968
56.78793,-2.56844
56.78888,-2.56612
56.79103,-2.56135
56.79182,-2.55962
56.79209,-2.559
56.79248,-2.55814
56.79286,-2.5573
56.79338,-2.55615
56.79349,-2.55591
56.79374,-2.55536
56.79399,-2.5548
56.79432,-2.55402
56.7947,-2.55312
56.79736,-2.54667
56.79821,-2.54461
56.79865,-2.54363
56.79934,-2.54216
56.79987,-2.54101
56.80034,-2.53999
56.80049,-2.53965
56.80069,-2.53921
56.8009,-2.53871
56.80107,-2.53828
56.80134,-2.53759
56.80143,-2.53734
56.80168,-2.53673
56.80195,-2.53608
56.80231,-2.53526
56.80344,-2.5328
56.8037,-2.53225
56.80407,-2.53144
56.80586,-2.52758
56.80623,-2.52675
56.80646,-2.52621
56.80668,-2.52562
56.80685,-2.52513
56.80705,-2.52453
56.80767,-2.52234
56.80787,-2.5217
56.80811,-2.52098
56.80832,-2.52039
56.80849,-2.51994
56.8088,-2.51918
56.80958,-2.51735
56.80977,-2.51689
56.81041,-2.51538
56.81092,-2.51418
56.81207,-2.51146
56.81314,-2.50895
56.81558,-2.50316
56.81634,-2.50137
56.81717,-2.4994
56.81745,-2.49873
56.81775,-2.49802
56.81798,-2.4974
56.81837,-2.49636
56.81872,-2.49535
56.81896,-2.49464
56.81914,-2.49405
56.81926,-2.49366
56.81948,-2.49292
56.8198,-2.49178
56.81993,-2.49129
56.82017,-2.4903
56.82046,-2.48905
56.82067,-2.48806
56.82139,-2.48446
56.82184,-2.48225
56.82195,-2.48177
56.82214,-2.48085
56.82234,-2.47991
56.82255,-2.47888
56.82274,-2.4779
56.82301,-2.47649
56.82325,-2.47529
56.82352,-2.47413
56.82366,-2.4735
56.82392,-2.47252
56.82407,-2.47196
56.82463,-2.47004
56.82495,-2.46908
56.82518,-2.46839
56.82552,-2.46745
56.82608,-2.46601
56.82655,-2.46491
56.82697,-2.46398
56.82772,-2.46243
56.8278,-2.4623
56.82851,-2.46101
56.82884,-2.46046
56.82931,-2.45972
56.82964,-2.45919
56.83064,-2.45768
56.83084,-2.4574
56.83166,-2.45638
56.83222,-2.45572
56.83306,-2.45481
56.8336,-2.45428
56.83434,-2.4536
56.8351,-2.45296
56.83615,-2.45219
56.83693,-2.45167
56.83801,-2.45108
56.83859,-2.4508
56.84095,-2.44969
56.84159,-2.44941
56.84193,-2.44925
56.842,-2.44922
56.84271,-2.44886
56.84327,-2.44857
56.84376,-2.44834
56.84445,-2.44798
56.84515,-2.44758
56.84617,-2.44692
56.84683,-2.44645
56.84723,-2.44613
56.84772,-2.44574
56.84835,-2.44521
56.84897,-2.44463
56.8496,-2.44402
56.85064,-2.44297
56.85212,-2.44149
56.85296,-2.44066
56.85368,-2.43993
56.85416,-2.43942
56.85447,-2.43905
56.85478,-2.43864
56.8552,-2.43805
56.8555,-2.43756
56.85596,-2.43676
56.85631,-2.43607
56.85679,-2.43509
56.85806,-2.43242
56.85878,-2.43091
56.85934,-2.4297
56.86028,-2.42772
56.86168,-2.42476
56.86251,-2.42301
56.86267,-2.42268
56.86289,-2.42226
56.8632,-2.42168
56.86342,-2.42129
56.86362,-2.42095
56.86409,-2.42019
56.86446,-2.41965
56.86475,-2.41927
56.86522,-2.41867
56.86588,-2.41784
56.86625,-2.41736
56.86662,-2.41691
56.86708,-2.41633
56.8676,-2.41568
56.86803,-2.41513
56.86842,-2.41464
56.86902,-2.41389
56.86985,-2.41284
56.86993,-2.41275
56.87018,-2.41243
56.87061,-2.4119
56.87105,-2.41134
56.87113,-2.41124
56.87127,-2.41107
56.87165,-2.41063
56.87245,-2.40981
56.87282,-2.40947
56.87337,-2.409
56.87399,-2.40855
56.87491,-2.40794
56.87539,-2.40759
56.87593,-2.40713
56.87638,-2.40673
56.87683,-2.40628
56.87741,-2.40565
56.87798,-2.40495
56.87822,-2.40465
56.87849,-2.40427
56.8788,-2.40384
56.87903,-2.40348
56.87936,-2.40295
56.87974,-2.40232
56.88047,-2.40103
56.88097,-2.40022
56.88126,-2.39978
56.88163,-2.39926
56.88211,-2.39865
56.88264,-2.39802
56.8836,-2.39693
56.88535,-2.39496
56.88628,-2.39391
56.88702,-2.39308
56.88827,-2.39166
56.88924,-2.39056
56.89121,-2.38834
56.89251,-2.38687
56.89287,-2.38647
56.89359,-2.38565
56.89439,-2.38467
56.89511,-2.38373
56.89571,-2.38288
56.89649,-2.38171
56.89658,-2.38158
56.89701,-2.3809
56.89728,-2.38044
56.89771,-2.37971
56.89815,-2.37891
56.89882,-2.37765
56.89938,-2.37651
56.9008,-2.37347
56.90204,-2.37082
56.90254,-2.36977
56.9035,-2.36772
56.90402,-2.36661
56.90478,-2.36498
56.90555,-2.36335
56.90596,-2.36247
56.90629,-2.36177
56.90647,-2.36138
56.90665,-2.36101
56.90741,-2.35938
56.90756,-2.35905
56.90766,-2.35883
56.90803,-2.35805
56.90832,-2.35735
56.90851,-2.35686
56.90871,-2.3563
56.90891,-2.35566
56.90906,-2.35514
56.90926,-2.35435
56.90941,-2.35366
56.90955,-2.35294
56.90967,-2.35222
56.90978,-2.3514
56.90987,-2.35047
56.90992,-2.34973
56.90996,-2.34885
56.91,-2.34729
56.91003,-2.34625
56.91006,-2.34549
56.9101,-2.34497
56.91014,-2.34454
56.91023,-2.34382
56.91032,-2.34324
56.91043,-2.34262
56.91055,-2.34202
56.91072,-2.3413
56.91089,-2.34069
56.91108,-2.34005
56.91127,-2.33951
56.91146,-2.33901
56.91166,-2.33853
56.91182,-2.33819
56.91214,-2.33753
56.91245,-2.33698
56.91296,-2.33618
56.91365,-2.33514
56.9142,-2.33428
56.91461,-2.33366
56.91497,-2.33308
56.91542,-2.3323
56.9158,-2.33154
56.91601,-2.3311
56.91621,-2.33067
56.91645,-2.33012
56.91667,-2.32956
56.91693,-2.32888
56.91706,-2.32849
56.91731,-2.32775
56.91756,-2.32692
56.91775,-2.32627
56.91818,-2.32466
56.91826,-2.32437
56.91868,-2.32289
56.91895,-2.32192
56.91928,-2.32076
56.91965,-2.31954
56.92001,-2.3184
56.92023,-2.31772
56.92041,-2.31722
56.92065,-2.31662
56.92088,-2.31607
56.92115,-2.31549
56.92147,-2.31485
56.92202,-2.31379
56.92257,-2.31275
56.9228,-2.31231
56.92311,-2.31172
56.92339,-2.31112
56.92363,-2.31057
56.92386,-2.30998
56.9241,-2.30932
56.9243,-2.30868
56.92453,-2.3079
56.92468,-2.30723
56.92482,-2.30659
56.92493,-2.30597
56.92515,-2.30464
56.92531,-2.30374
56.92549,-2.30278
56.92565,-2.30211
56.92581,-2.30151
56.92613,-2.30036
56.92649,-2.2991
56.92714,-2.29683
56.92772,-2.29482
56.92816,-2.29333
56.92836,-2.2927
56.92857,-2.29211
56.92881,-2.2915
56.92907,-2.2909
56.92992,-2.28905
56.93025,-2.28834
56.93087,-2.28702
56.93123,-2.28622
56.93147,-2.28562
56.93171,-2.28498
56.93194,-2.28432
56.93207,-2.2839
56.93223,-2.28336
56.93239,-2.28274
56.93252,-2.28218
56.93265,-2.28158
56.93278,-2.28091
56.93291,-2.28008
56.93314,-2.27842
56.93328,-2.27752
56.9334,-2.27677
56.93361,-2.27572
56.93412,-2.27348
56.9344,-2.27224
56.93491,-2.26998
56.93546,-2.26752
56.93608,-2.26482
56.93669,-2.26212
56.93682,-2.26162
56.93699,-2.26093
56.93719,-2.26024
56.93748,-2.25924
56.93889,-2.25473
56.94067,-2.24903
56.94094,-2.24817
56.94127,-2.24722
56.94198,-2.2454
56.94247,-2.24415
56.94362,-2.24123
56.94392,-2.24049
56.94457,-2.23883
56.94485,-2.23814
56.94539,-2.23678
56.94572,-2.23598
56.94606,-2.23528
56.9464,-2.23465
56.94673,-2.23412
56.9472,-2.23345
56.94725,-2.23338
56.94757,-2.23299
56.94794,-2.23258
56.94852,-2.23205
56.94909,-2.23163
56.94961,-2.23134
56.95017,-2.23111
56.95062,-2.231
56.95113,-2.23093
56.95147,-2.23092
56.95195,-2.23094
56.95245,-2.23103
56.9527,-2.23109
56.9529,-2.23117
56.95334,-2.23135
56.95373,-2.23156
56.95432,-2.23197
56.95449,-2.23211
56.95535,-2.2328
56.95634,-2.23362
56.95691,-2.23408
56.95854,-2.23541
56.9597,-2.23635
56.96035,-2.23687
56.96071,-2.23717
56.96121,-2.23758
56.9619,-2.23815
56.9625,-2.23865
56.96293,-2.23897
56.96323,-2.23919
56.96357,-2.23941
56.96381,-2.23955
56.96396,-2.23964
56.96413,-2.23972
56.96443,-2.23985
56.96474,-2.23997
56.96503,-2.24007
56.96535,-2.24016
56.96567,-2.24022
56.96601,-2.24027
56.96636,-2.2403
56.96667,-2.24029
56.96698,-2.24028
56.96722,-2.24026
56.96755,-2.2402
56.96788,-2.24012
56.96812,-2.24006
56.96834,-2.23998
56.96878,-2.23981
56.96925,-2.23957
56.96961,-2.23937
56.96996,-2.23913
56.97028,-2.23889
56.97059,-2.23864
56.97094,-2.2383
56.9713,-2.23794
56.97202,-2.23708
56.97252,-2.23638
56.97305,-2.23553
56.97345,-2.23479
56.97377,-2.2341
56.97391,-2.23379
56.97404,-2.23349
56.97417,-2.23317
56.97429,-2.23286
56.97441,-2.23253
56.97453,-2.23219
56.97464,-2.23185
56.97475,-2.23152
56.97496,-2.23078
56.97516,-2.23004
56.9753,-2.22938
56.97544,-2.22871
56.97554,-2.22818
56.97561,-2.22772
56.97562,-2.22768
56.9757,-2.22714
56.97576,-2.22657
56.97582,-2.22601
56.97587,-2.22544
56.97591,-2.22486
56.97593,-2.22429
56.97595,-2.22371
56.97596,-2.22313
56.97596,-2.2218
56.97596,-2.22138
56.97595,-2.22096
56.97595,-2.22031
56.97595,-2.21973
56.97595,-2.21926
56.97594,-2.21854
56.97594,-2.21807
56.97594,-2.21773
56.97593,-2.21725
56.97594,-2.21679
56.97594,-2.21631
56.97595,-2.21584
56.97596,-2.2154
56.97598,-2.2149
56.976,-2.21441
56.97602,-2.21399
56.97604,-2.21356
56.97608,-2.21303
56.97611,-2.21258
56.97613,-2.21233
56.97616,-2.21205
56.97619,-2.21176
56.97622,-2.21144
56.97627,-2.21104
56.97633,-2.21046
56.9764,-2.20987
56.97643,-2.20958
56.97646,-2.20935
56.97649,-2.20917
56.97652,-2.20896
56.97658,-2.20854
56.97664,-2.20814
56.97671,-2.20774
56.97676,-2.20746
56.9768,-2.20718
56.97689,-2.20671
56.977,-2.20619
56.9771,-2.20568
56.97722,-2.20513
56.97735,-2.2046
56.97747,-2.2041
56.97761,-2.20355
56.97773,-2.20307
56.97785,-2.20264
56.97797,-2.20222
56.97811,-2.20175
56.97826,-2.20129
56.9784,-2.20086
56.97854,-2.20045
56.97871,-2.19994
56.97887,-2.1995
56.97907,-2.19898
56.97925,-2.19852
56.97941,-2.19812
56.97956,-2.19776
56.97972,-2.19741
56.97986,-2.1971
56.98006,-2.19667
56.98029,-2.19617
56.9805,-2.19575
56.9807,-2.19535
56.98091,-2.19492
56.98108,-2.19459
56.9813,-2.19414
56.98154,-2.19366
56.98179,-2.19315
56.98197,-2.19279
56.98205,-2.19263
56.98237,-2.192
56.98263,-2.19146
56.98278,-2.19117
56.98294,-2.19084
56.98316,-2.19039
56.98325,-2.19022
56.98335,-2.19002
56.98355,-2.18962
56.98378,-2.18919
56.98402,-2.18875
56.9842,-2.18845
56.98437,-2.18817
56.98457,-2.18788
56.98477,-2.18759
56.98496,-2.18734
56.98516,-2.18707
56.98543,-2.18675
56.98568,-2.18647
56.98593,-2.18622
56.98617,-2.18597
56.98643,-2.18574
56.98672,-2.1855
56.98695,-2.18533
56.98718,-2.18517
56.98741,-2.18502
56.98764,-2.18488
56.98787,-2.18475
56.98807,-2.18466
56.98827,-2.18457
56.98853,-2.18446
56.98865,-2.18442
56.98884,-2.18436
56.98896,-2.18433
56.9891,-2.18428
56.98929,-2.18423
56.98956,-2.18415
56.98979,-2.18409
56.9901,-2.18402
56.99045,-2.18393
56.99066,-2.18387
56.99094,-2.1838
56.99122,-2.18373
56.99148,-2.18366
56.99174,-2.1836
56.992,-2.18353
56.99204,-2.18352
56.99208,-2.18351
56.99237,-2.18344
56.99266,-2.18336
56.99296,-2.18329
56.99322,-2.18322
56.99336,-2.1832
56.99349,-2.18316
56.99364,-2.18312
56.99397,-2.18304
56.99404,-2.18303
56.99419,-2.18298
56.99443,-2.18292
56.99463,-2.18288
56.99484,-2.18283
56.99508,-2.18276
56.99526,-2.18271
56.99545,-2.18264
56.99565,-2.18257
56.9959,-2.18248
56.99614,-2.18239
56.99641,-2.18227
56.99666,-2.18216
56.99688,-2.18205
56.9971,-2.18194
56.99736,-2.18179
56.99747,-2.18173
56.99754,-2.18169
56.99775,-2.18156
56.99794,-2.18143
56.99811,-2.18132
56.99812,-2.18132
56.99814,-2.1813
56.99831,-2.18119
56.99848,-2.18106
56.99864,-2.18096
56.99883,-2.18081
56.99903,-2.18064
56.99922,-2.18049
56.9995,-2.18024
56.99978,-2.17998
57.00012,-2.17967
57.00051,-2.17928
57.00089,-2.17889
57.00122,-2.17856
57.00167,-2.1781
57.00209,-2.17768
57.00238,-2.17738
57.00246,-2.1773
57.0026,-2.17716
57.00275,-2.177
57.00296,-2.17679
57.00321,-2.17653
57.00334,-2.17641
57.00346,-2.17628
57.00371,-2.17602
57.00403,-2.1757
57.0043,-2.17542
57.00461,-2.17511
57.00484,-2.17489
57.00508,-2.1747
57.0053,-2.17454
57.00555,-2.17439
57.00563,-2.17435
57.00575,-2.17429
57.00578,-2.17427
57.00578,-2.17427
57.00579,-2.17427
57.0059,-2.17421
57.00595,-2.1742
57.00608,-2.17415
57.00625,-2.1741
57.00639,-2.17406
57.00653,-2.17402
57.00673,-2.17399
57.00692,-2.17397
57.00707,-2.17396
57.00725,-2.17395
57.00757,-2.17397
57.00782,-2.17401
57.00804,-2.17406
57.00832,-2.17415
57.00929,-2.17449
57.00968,-2.17464
57.00995,-2.17471
57.01016,-2.17474
57.01036,-2.17474
57.01055,-2.17473
57.01074,-2.17469
57.01097,-2.17462
57.01119,-2.17451
57.01142,-2.17436
57.01164,-2.17418
57.01179,-2.17404
57.01201,-2.17378
57.01222,-2.17347
57.01241,-2.17313
57.01254,-2.17285
57.01268,-2.17251
57.01281,-2.17217
57.013,-2.17164
57.01325,-2.17096
57.01341,-2.17052
57.01349,-2.17033
57.01355,-2.17019
57.01371,-2.16987
57.01387,-2.16958
57.0141,-2.16923
57.0143,-2.16899
57.0145,-2.1688
57.01472,-2.16863
57.01499,-2.16848
57.01521,-2.16838
57.01543,-2.16834
57.01568,-2.16831
57.01593,-2.1683
57.01667,-2.16836
57.01732,-2.1684
57.01745,-2.16841
57.01782,-2.16841
57.01808,-2.16839
57.01846,-2.16834
57.01887,-2.16827
57.02027,-2.16799
57.02168,-2.16773
57.02224,-2.16761
57.02298,-2.16746
57.02334,-2.16737
57.02351,-2.16731
57.02476,-2.16689
57.0253,-2.16671
57.02575,-2.16653
57.02655,-2.16614
57.02687,-2.16593
57.0272,-2.16569
57.0276,-2.16535
57.02797,-2.16497
57.02823,-2.16469
57.02852,-2.16434
57.02899,-2.16369
57.02943,-2.16299
57.0296,-2.16271
57.02993,-2.16216
57.03031,-2.16146
57.03083,-2.1605
57.03102,-2.16015
57.03156,-2.15916
57.03195,-2.15845
57.03202,-2.15832
57.03209,-2.15819
57.03246,-2.15752
57.0327,-2.15706
57.03288,-2.15674
57.03317,-2.15617
57.03342,-2.15575
57.03368,-2.15534
57.03395,-2.15495
57.03414,-2.15471
57.03433,-2.15451
57.03444,-2.1544
57.03452,-2.15433
57.03475,-2.15411
57.035,-2.15394
57.03518,-2.15383
57.03535,-2.15373
57.03562,-2.1536
57.03586,-2.15352
57.03609,-2.15347
57.03641,-2.15344
57.0367,-2.15343
57.037,-2.15345
57.03729,-2.15348
57.03813,-2.15365
57.03866,-2.15376
57.0394,-2.15387
57.03999,-2.1539
57.04056,-2.15386
57.04112,-2.15374
57.0416,-2.1536
57.04243,-2.15322
57.04344,-2.15265
57.04445,-2.15205
57.04452,-2.15201
57.04516,-2.15162
57.04689,-2.15056
57.04753,-2.15023
57.04808,-2.15009
57.04854,-2.15002
57.04888,-2.14999
57.04947,-2.15006
57.0506,-2.15032
57.05201,-2.15066
57.05242,-2.15076
57.05264,-2.15081
57.05322,-2.15095
57.05387,-2.15112
57.05397,-2.15114
57.05506,-2.15139
57.0554,-2.15146
57.05567,-2.1515
57.05614,-2.15154
57.05654,-2.15152
57.05699,-2.15146
57.0574,-2.15135
57.05778,-2.15123
57.05827,-2.15101
57.05865,-2.15079
57.05903,-2.15053
57.05917,-2.15042
57.05945,-2.1502
57.05987,-2.1498
57.06033,-2.1493
57.0607,-2.14882
57.06116,-2.14816
57.0615,-2.14759
57.06189,-2.14679
57.0621,-2.14632
57.06225,-2.14597
57.0624,-2.14561
57.06262,-2.14499
57.06281,-2.14445
57.06314,-2.14339
57.06351,-2.1422
57.06382,-2.14131
57.0642,-2.14035
57.06446,-2.13974
57.06471,-2.13923
57.06507,-2.13853
57.06568,-2.13739
57.06626,-2.13635
57.06678,-2.13542
57.06743,-2.13424
57.06776,-2.13366
57.06839,-2.13246
57.06945,-2.13046
57.06951,-2.13034
57.07005,-2.12934
57.07028,-2.12888
57.07049,-2.12847
57.07072,-2.128
57.0714,-2.12668
57.07148,-2.12653
57.07167,-2.12616
57.07195,-2.12567
57.07221,-2.12525
57.07254,-2.12475
57.07277,-2.12442
57.07303,-2.12409
57.07307,-2.12405
57.07341,-2.12363
57.07385,-2.12315
57.07427,-2.12275
57.07464,-2.12244
57.07532,-2.12195
57.07566,-2.12174
57.07596,-2.12157
57.07637,-2.12139
57.07682,-2.12121
57.0772,-2.1211
57.07768,-2.121
57.07835,-2.12087
57.07907,-2.12076
57.08023,-2.12057
57.08082,-2.12048
57.08141,-2.12036
57.0822,-2.12018
57.08271,-2.12005
57.0836,-2.11978
57.08416,-2.11961
57.0853,-2.11915
57.08646,-2.11861
57.08683,-2.11843
57.08691,-2.11839
57.0872,-2.11824
57.08751,-2.11807
57.08782,-2.1179
57.08813,-2.11772
57.08844,-2.11754
57.08874,-2.11736
57.08905,-2.11716
57.08936,-2.11696
57.08953,-2.11685
57.08982,-2.11665
57.09015,-2.11641
57.09037,-2.11625
57.09065,-2.11605
57.09106,-2.11574
57.09136,-2.11551
57.09168,-2.11527
57.09195,-2.11508
57.09218,-2.11493
57.09243,-2.11477
57.09273,-2.11459
57.09301,-2.11443
57.09333,-2.11426
57.0937,-2.11408
57.09401,-2.11395
57.09434,-2.11382
57.09459,-2.11373
57.09476,-2.11367
57.09512,-2.11357
57.09538,-2.1135
57.09572,-2.11342
57.09604,-2.11337
57.09629,-2.11333
57.09662,-2.11329
57.09694,-2.11326
57.09719,-2.11325
57.09743,-2.11325
57.09767,-2.11325
57.098,-2.11326
57.09832,-2.11328
57.09857,-2.11331
57.09893,-2.11336
57.09933,-2.11344
57.09973,-2.11354
57.10005,-2.11363
57.10025,-2.11369
57.1006,-2.11382
57.10076,-2.11388
57.10132,-2.11411
57.10178,-2.11433
57.10224,-2.11459
57.10249,-2.11474
57.10274,-2.11491
57.10298,-2.11506
57.10324,-2.11524
57.10365,-2.11554
57.10406,-2.11584
57.10444,-2.11611
57.10482,-2.11635
57.10535,-2.11668
57.10588,-2.11695
57.10641,-2.11716
57.10691,-2.11736
57.10744,-2.11752
57.10795,-2.11765
57.10844,-2.11773
57.10893,-2.11779
57.10919,-2.1178
57.10948,-2.11781
57.11002,-2.1178
57.11106,-2.11775
57.11136,-2.11774
57.11169,-2.11772
57.11259,-2.11768
57.11298,-2.11765
57.11336,-2.11767
57.11375,-2.11774
57.11405,-2.11781
57.11458,-2.11801
57.1151,-2.1183
57.11561,-2.11863
57.1159,-2.11882
57.11608,-2.11893
57.11626,-2.11903
57.11642,-2.11909
57.11658,-2.11916
57.11673,-2.11921
57.1169,-2.11925
57.11706,-2.11928
57.11722,-2.1193
57.11737,-2.1193
57.11754,-2.11929
57.11771,-2.11928
57.11787,-2.11924
57.11791,-2.11923
57.11796,-2.11922
57.11824,-2.11912
57.11843,-2.11903
57.11849,-2.119
57.11865,-2.11891
57.11879,-2.11881
57.11895,-2.1187
57.11909,-2.11858
57.11931,-2.11838
57.11947,-2.11824
57.11949,-2.11821
57.11995,-2.11773
57.12005,-2.11762
57.12019,-2.11748
57.12034,-2.11734
57.12048,-2.11722
57.12065,-2.1171
57.12081,-2.11701
57.12093,-2.11694
57.12108,-2.11688
57.12123,-2.11683
57.12138,-2.11679
57.12157,-2.11676
57.12166,-2.11675
57.12173,-2.11674
57.12178,-2.11674
57.12182,-2.11676
57.12188,-2.11679
57.12194,-2.11684
57.12201,-2.11695
57.12201,-2.11699
57.12202,-2.11703
57.12203,-2.11707
57.12205,-2.11711
57.12206,-2.11714
57.12208,-2.11717
57.1221,-2.11719
57.12212,-2.11721
57.12214,-2.11722
57.12217,-2.11723
57.12219,-2.11723
57.12221,-2.11722
57.12226,-2.11719
57.12243,-2.11699
57.12245,-2.11696
57.12247,-2.11691
57.12248,-2.11687
57.12248,-2.11683
57.12249,-2.11678
57.12248,-2.11674
57.12252,-2.1166
57.12254,-2.11649
57.12256,-2.11646
57.12257,-2.11643
57.1226,-2.11638
57.12262,-2.11635
57.12265,-2.11633
57.12271,-2.11628
57.12285,-2.1161
57.12293,-2.11598
57.12311,-2.11573
57.1232,-2.11561
57.12345,-2.11523
57.12365,-2.11492
57.12418,-2.11409
57.12442,-2.11369
57.12467,-2.1133
57.12493,-2.11287
57.12516,-2.11251
57.12528,-2.11231
57.12539,-2.11209
57.12565,-2.11153
57.12591,-2.11096
57.12606,-2.11064
57.12624,-2.11025
57.12639,-2.10995
57.12647,-2.10974
57.12652,-2.10959
57.12656,-2.10944
57.12659,-2.10928
57.12679,-2.10911
57.12694,-2.10901
57.12699,-2.10897
57.12718,-2.10884
57.12753,-2.10859
57.12797,-2.10828
57.12878,-2.10771
57.12889,-2.10765
57.12894,-2.10765
57.12896,-2.10768
57.12898,-2.1077
57.12901,-2.1077
57.12903,-2.1077
57.12907,-2.10767
57.12909,-2.10763
57.12911,-2.10757
57.12911,-2.10752
57.12911,-2.10746
57.1291,-2.10741
57.12907,-2.10737
57.12905,-2.10734
57.12902,-2.10733
57.12899,-2.10733
57.12897,-2.10734
57.12884,-2.10689
57.12877,-2.10661
57.12869,-2.10627
57.12863,-2.10598
57.12859,-2.10571
57.12856,-2.10549
57.12854,-2.10534
57.12853,-2.10519
57.12852,-2.10504
57.12852,-2.10487
57.12851,-2.10456
57.12851,-2.10379
57.12852,-2.10348
57.12853,-2.10319
57.12854,-2.10289
57.12855,-2.10268
57.12855,-2.10258
57.12856,-2.10251
57.1286,-2.10218
57.12862,-2.10204
57.12864,-2.10184
57.12867,-2.10168
57.12869,-2.10153
57.12873,-2.10134
57.12878,-2.10111
57.12883,-2.10093
57.12888,-2.10075
57.12899,-2.10036
57.12911,-2.10002
57.12923,-2.0997
57.12935,-2.09942
57.12948,-2.09914
57.12958,-2.09894
57.12979,-2.09856
57.12987,-2.09842
57.12991,-2.09834
57.13003,-2.09813
57.1301,-2.09802
57.13022,-2.09785
57.13038,-2.09765
57.13054,-2.09747
57.13068,-2.09731
57.13083,-2.09716
57.13103,-2.09702
57.13112,-2.09699
57.13122,-2.09698
57.13132,-2.09698
57.13154,-2.09699
57.1318,-2.097
57.13203,-2.09706
57.13249,-2.0972
57.13267,-2.09723
57.1329,-2.09722
57.13296,-2.09722
57.13326,-2.09716
57.13355,-2.09707
57.13383,-2.09693
57.13396,-2.09685
57.13409,-2.09674
57.13441,-2.09651
57.13448,-2.09647
57.13462,-2.09639
57.13478,-2.09632
57.13486,-2.09629
57.13491,-2.09628
57.13503,-2.09626
57.13517,-2.09625
57.13532,-2.09626
57.13538,-2.09626
57.13549,-2.09627
57.13564,-2.0963
57.13572,-2.09635
57.1358,-2.09644
57.13582,-2.09646
57.13594,-2.09656
57.13608,-2.09663
57.13619,-2.09666
57.13623,-2.09667
57.13632,-2.09674
57.1365,-2.09683
57.13654,-2.09688
57.13658,-2.09691
57.13663,-2.09692
57.13667,-2.0969
57.13671,-2.09686
57.13675,-2.09679
57.13677,-2.09671
57.13685,-2.09665
57.13693,-2.09661
57.13711,-2.09652
57.13718,-2.09648
57.13735,-2.09638
57.1377,-2.09614
57.13783,-2.09605
57.13795,-2.09594
57.13831,-2.09555
57.13835,-2.09551
57.13841,-2.09545
57.13848,-2.09538
57.13852,-2.09533
57.13869,-2.09514
57.13874,-2.09509
57.13895,-2.09481
57.13912,-2.09456
57.13924,-2.09437
57.13941,-2.09409
57.13955,-2.09383
57.13971,-2.09351
57.13981,-2.09327
57.13993,-2.09296
57.14008,-2.09257
57.14022,-2.09218
57.14036,-2.09181
57.14054,-2.09127
57.14061,-2.09102
57.14064,-2.09089
57.14066,-2.0908
57.14071,-2.09061
57.14073,-2.09054
57.14075,-2.09047
57.14078,-2.0904
57.14081,-2.09038
57.14085,-2.09035
57.14089,-2.09035
57.14096,-2.09036
57.14151,-2.09102
57.14154,-2.09106
57.14162,-2.09113
57.14191,-2.09149
57.14199,-2.09158
57.14202,-2.09161
57.14209,-2.09171
57.14217,-2.09181
57.14263,-2.09238
57.14266,-2.09241
57.14274,-2.09252
57.1432,-2.09307
57.14323,-2.09311
57.14326,-2.09315
57.14337,-2.09329
57.14345,-2.09339
57.14355,-2.09351
57.14365,-2.09364
57.14378,-2.0938
57.14406,-2.09416
57.1441,-2.0942
57.14419,-2.09431
57.14429,-2.09442
57.14445,-2.0946
57.1447,-2.09491
57.14503,-2.09531
57.14521,-2.09551
57.14524,-2.09555
57.14526,-2.09557
57.14537,-2.09561
57.1454,-2.09564
57.14546,-2.09572
57.14565,-2.09519
57.14589,-2.09454
57.14592,-2.09447
57.14598,-2.09435
57.14603,-2.09429
57.14607,-2.09425
57.14612,-2.09421
57.14625,-2.09412
57.14644,-2.09398
57.14649,-2.09393
57.14654,-2.09388
57.14662,-2.09378
57.14664,-2.09375
57.14667,-2.0937
57.14669,-2.09365
57.14673,-2.09357
57.1468,-2.09341
57.14685,-2.09329
57.14692,-2.0931
57.14721,-2.09233
57.14742,-2.09173
57.14747,-2.09158
57.1475,-2.09148
57.14752,-2.0914
57.14755,-2.09131
57.14757,-2.09122
57.14759,-2.09112
57.14761,-2.09101
57.14766,-2.09074
57.14766,-2.09072
57.14772,-2.0904
57.14773,-2.09031
57.14777,-2.09015
57.14782,-2.08994
57.14788,-2.08974
57.14794,-2.08958
57.148,-2.08942
57.14803,-2.08935
57.14807,-2.08928
57.14809,-2.08923
57.14813,-2.08917
57.14823,-2.08898
57.14835,-2.08877
57.1484,-2.08868
57.14843,-2.08866
57.14846,-2.08863
57.14847,-2.08862
57.1485,-2.08861
57.14852,-2.08862
57.14854,-2.08863
57.14855,-2.08865
57.1486,-2.0887
57.14862,-2.08874
57.14867,-2.0888
57.14873,-2.0889
57.14877,-2.08897
57.1488,-2.08902
57.14885,-2.08914
57.14892,-2.08928
57.14897,-2.0894
57.14911,-2.08978
57.14921,-2.09005
57.14933,-2.09038
57.14936,-2.09053
57.14934,-2.09062
57.14934,-2.09073
57.14934,-2.0908
57.14936,-2.0909
57.14938,-2.09097
57.14945,-2.09107
57.14948,-2.09112
57.1495,-2.09119
57.14952,-2.09125
57.14953,-2.09129
57.14953,-2.09133
57.1496,-2.09188
57.14961,-2.09197
57.14971,-2.09241
57.14972,-2.09246
57.14973,-2.09251
57.14973,-2.09255
57.14985,-2.09343
57.14986,-2.09351
57.14987,-2.09363
57.14988,-2.09366
57.14989,-2.09369
57.1499,-2.09372
57.14991,-2.09373
57.14993,-2.09377
57.14996,-2.0938
57.15006,-2.09382
57.1501,-2.09383
57.15038,-2.0939
57.15081,-2.094
57.15111,-2.09407
57.15166,-2.0942
57.1517,-2.09421
57.15188,-2.09425
57.1521,-2.0943
57.1523,-2.09435
57.15244,-2.09438
57.15249,-2.0944
57.15285,-2.09448
57.15293,-2.0945
57.15306,-2.09453
57.15322,-2.09457
57.15343,-2.09462
57.15352,-2.09464
57.15369,-2.09468
57.15379,-2.09471
57.15382,-2.09471
57.15396,-2.09475
57.15426,-2.09482
57.15444,-2.09486
57.15468,-2.09492
57.1547,-2.09492
57.15487,-2.09496
57.15495,-2.09498
57.15505,-2.095
57.15529,-2.09506
57.15563,-2.09514
57.15576,-2.09517
57.15595,-2.09522
57.15606,-2.09531
57.15611,-2.09536
57.15612,-2.09537
57.15616,-2.09541
57.15623,-2.09544
57.15638,-2.09547
57.15658,-2.09552
57.15665,-2.09553
57.15673,-2.09553
57.15679,-2.09553
57.15688,-2.09551
57.15697,-2.09546
57.1571,-2.09549
57.15729,-2.09554
57.15742,-2.09557
57.15783,-2.09566
57.15802,-2.0957
57.15813,-2.09573
57.15832,-2.09578
57.15848,-2.09582
57.1586,-2.09585
57.15869,-2.09587
57.15877,-2.09589
57.15917,-2.09598
57.15936,-2.09603
57.15943,-2.09605
57.15947,-2.09606
57.1596,-2.09609
57.15964,-2.0961
57.15985,-2.09615
57.15999,-2.09618
57.16024,-2.09624
57.16032,-2.09626
57.16034,-2.09627
57.16065,-2.09634
57.16092,-2.09641
57.16098,-2.09642
57.16102,-2.09643
57.16111,-2.09645
57.1613,-2.0965
57.16141,-2.09652
57.16146,-2.09654
57.16175,-2.09661
57.16202,-2.09667
57.16208,-2.09669
57.16224,-2.09673
57.16255,-2.0968
57.16266,-2.09683
57.16277,-2.09686
57.16293,-2.0969
57.16298,-2.09691
57.16317,-2.09696
57.16327,-2.09698
57.16336,-2.097
57.1635,-2.09704
57.16435,-2.09724
57.16442,-2.09726
57.16456,-2.0973
57.1647,-2.09733
57.16475,-2.09735
57.16486,-2.09737
57.16509,-2.09742
57.16526,-2.09747
57.1654,-2.0975
57.16551,-2.09753
57.16559,-2.09754
57.16564,-2.09755
57.16567,-2.09754
57.16575,-2.09754
57.16583,-2.09751
57.16591,-2.09748
57.16598,-2.09744
57.16614,-2.09736
57.16624,-2.09731
57.16631,-2.09727
57.16633,-2.09726
57.16661,-2.09717
57.16668,-2.09714
57.16679,-2.09712
57.1668,-2.09714
57.16682,-2.09715
57.16687,-2.09744
57.16691,-2.09775
57.16694,-2.09795
57.16697,-2.09862
57.16699,-2.09898
57.16706,-2.10014
57.16708,-2.10059
57.16709,-2.10072
57.16709,-2.10084
57.16712,-2.10105
57.16717,-2.10142
57.16723,-2.10195
57.16723,-2.10203
57.16724,-2.10233
57.16724,-2.10247
57.16723,-2.10261
57.16721,-2.10277
57.16721,-2.10283
57.1672,-2.10297
57.16716,-2.10355
57.16712,-2.10413
57.16708,-2.10458
57.16703,-2.1049
57.16699,-2.10515
57.16687,-2.106
57.16686,-2.10612
57.1668,-2.10667
57.16677,-2.10702
57.16677,-2.10706
57.16668,-2.10836
57.16666,-2.10902
57.16664,-2.10923
57.16659,-2.10956
57.16657,-2.10972
57.1665,-2.11025
57.16644,-2.11065
57.16635,-2.11132
57.16633,-2.11146
57.16627,-2.11186
57.16622,-2.1122
57.16617,-2.1125
57.1661,-2.11294
57.16603,-2.11338
57.16598,-2.11368
57.16591,-2.11409
57.16588,-2.11424
57.16588,-2.11437
57.16587,-2.11448
57.16587,-2.1146
57.16588,-2.11468
57.16588,-2.11475
57.16587,-2.11489
57.16585,-2.11498
57.16583,-2.11507
57.16577,-2.11518
57.16575,-2.1152
57.16572,-2.11526
57.16569,-2.11533
57.16567,-2.11549
57.16568,-2.11557
57.16569,-2.11567
57.16571,-2.11576
57.16574,-2.11584
57.16578,-2.11592
57.16581,-2.11595
57.16584,-2.11598
57.16589,-2.11601
57.16594,-2.11602
57.16596,-2.11602
57.16605,-2.1161
57.16611,-2.11615
57.16617,-2.11624
57.16626,-2.11635
57.16635,-2.11647
57.16643,-2.11658
57.16649,-2.11675
57.16657,-2.11697
57.16669,-2.11734
57.16716,-2.11898
57.16721,-2.11915
57.16734,-2.11949
57.16737,-2.11956
57.16742,-2.11971
57.16753,-2.11995
57.16771,-2.12031
57.16781,-2.12052
57.16804,-2.12096
57.16805,-2.12098
57.16811,-2.12115
57.16817,-2.1213
57.16825,-2.12147
57.16827,-2.12151
57.16833,-2.12159
57.16849,-2.12183
57.16861,-2.12197
57.16893,-2.12228
57.16907,-2.12239
57.16918,-2.12247
57.16926,-2.12253
57.16935,-2.1226
57.16944,-2.12269
57.16953,-2.12279
57.1696,-2.12288
57.16961,-2.12289
57.16965,-2.12294
57.16971,-2.12301
57.16984,-2.12323
57.16986,-2.12326
57.1699,-2.12333
57.16998,-2.12347
57.17007,-2.12364
57.17015,-2.12381
57.17019,-2.1239
57.17021,-2.12395
57.17028,-2.12411
57.17033,-2.12423
57.17041,-2.12446
57.17045,-2.1246
57.17049,-2.12469
57.17054,-2.12486
57.17059,-2.12504
57.17061,-2.12516
57.17067,-2.12537
57.17073,-2.12562
57.1708,-2.12591
57.17084,-2.12611
57.17092,-2.12643
57.17096,-2.1266
57.17109,-2.12714
57.1711,-2.12718
57.17114,-2.12734
57.17119,-2.12759
57.17121,-2.12766
57.17128,-2.12795
57.17135,-2.12824
57.17143,-2.12858
57.1715,-2.12885
57.17153,-2.12899
57.17154,-2.12904
57.1716,-2.1293
57.17163,-2.12951
57.17168,-2.1298
57.17173,-2.13014
57.17179,-2.13051
57.17183,-2.13073
57.17187,-2.13099
57.17192,-2.13122
57.17193,-2.13128
57.17194,-2.13136
57.17195,-2.13139
57.17198,-2.13158
57.17201,-2.13177
57.17204,-2.13198
57.17208,-2.13224
57.17211,-2.13248
57.17215,-2.13274
57.17217,-2.1329
57.17219,-2.13306
57.1722,-2.13322
57.17222,-2.13339
57.17223,-2.13356
57.17225,-2.13379
57.17227,-2.1341
57.17228,-2.13423
57.17229,-2.13439
57.17229,-2.13446
57.1723,-2.13457
57.17231,-2.13477
57.17233,-2.13506
57.17235,-2.13534
57.17237,-2.13564
57.17238,-2.13583
57.17239,-2.136
57.17241,-2.13625
57.17242,-2.13645
57.17243,-2.13657
57.17246,-2.13713
57.17248,-2.13741
57.17249,-2.13766
57.17249,-2.13784
57.17249,-2.13795
57.17249,-2.13807
57.17249,-2.1383
57.17249,-2.13903
57.17249,-2.13913
57.17249,-2.13922
57.17249,-2.13955
57.17249,-2.1397
57.17249,-2.13994
57.17249,-2.14012
57.17249,-2.14038
57.1725,-2.14062
57.17251,-2.14092
57.17253,-2.14118
57.17255,-2.14146
57.17258,-2.14182
57.1726,-2.14195
57.17261,-2.14211
57.17265,-2.14241
57.17267,-2.14259
57.17271,-2.14289
57.17274,-2.14315
57.1728,-2.14355
57.17284,-2.14387
57.17287,-2.14409
57.17291,-2.14445
57.17292,-2.14455
57.17292,-2.14464
57.17292,-2.14484
57.17293,-2.14494
57.17291,-2.14498
57.17289,-2.14506
57.17289,-2.14515
57.1729,-2.14524
57.17293,-2.14531
57.17296,-2.14536
57.17301,-2.14551
57.17303,-2.14568
57.17306,-2.14589
57.17306,-2.14594
57.17308,-2.14621
57.1731,-2.14635
57.17312,-2.14658
57.17322,-2.14745
57.17327,-2.148
57.17333,-2.14856
57.17333,-2.14861
57.17334,-2.1487
57.17337,-2.14894
57.17338,-2.14904
57.17342,-2.14938
57.17344,-2.14955
57.17346,-2.14968
57.17348,-2.14977
57.17353,-2.15009
57.17363,-2.15058
57.17371,-2.15105
57.17375,-2.15135
57.17376,-2.15147
57.17379,-2.15183
57.17382,-2.15212
57.17384,-2.15247
57.17385,-2.15275
57.17386,-2.153
57.17387,-2.15321
57.17388,-2.15354
57.17389,-2.15407
57.17389,-2.15411
57.1739,-2.15433
57.1739,-2.15454
57.1739,-2.15461
57.17392,-2.15508
57.17393,-2.15544
57.17395,-2.15568
57.17396,-2.15588
57.17398,-2.15608
57.174,-2.15624
57.17403,-2.15647
57.17407,-2.15671
57.17412,-2.15699
57.17418,-2.15729
57.17424,-2.15753
57.17432,-2.15782
57.17435,-2.15793
57.1744,-2.15811
57.17448,-2.15842
57.17455,-2.15868
57.17461,-2.15893
57.17468,-2.15917
57.17472,-2.15933
57.17481,-2.15966
57.17499,-2.16035
57.17504,-2.16052
57.17508,-2.16068
57.17513,-2.16085
57.17514,-2.16087
57.17518,-2.16099
57.17524,-2.16116
57.17531,-2.16134
57.17535,-2.16142
57.17544,-2.16163
57.17558,-2.16192
57.1757,-2.16218
57.17581,-2.16241
57.17592,-2.16264
57.17608,-2.16296
57.17619,-2.16318
57.17669,-2.16423
57.17676,-2.16439
57.17682,-2.16453
57.17687,-2.16466
57.17692,-2.16481
57.17696,-2.16495
57.177,-2.16509
57.17704,-2.16525
57.17707,-2.16544
57.17711,-2.16563
57.17713,-2.16579
57.17716,-2.16601
57.17722,-2.16654
57.17723,-2.1667
57.17724,-2.16704
57.17724,-2.16709
57.17724,-2.16728
57.17724,-2.16739
57.17724,-2.16751
57.17723,-2.16805
57.17721,-2.16837
57.17717,-2.16896
57.17712,-2.16972
57.17709,-2.16998
57.17707,-2.17035
57.17704,-2.1707
57.177,-2.17123
57.17698,-2.17141
57.17697,-2.17168
57.17695,-2.17196
57.17692,-2.17236
57.1769,-2.17275
57.17689,-2.173
57.17687,-2.1733
57.17686,-2.17351
57.17686,-2.17362
57.17687,-2.17381
57.17688,-2.17402
57.17689,-2.17421
57.17691,-2.1744
57.17694,-2.1746
57.17698,-2.17484
57.17708,-2.17523
57.17709,-2.17527
57.17714,-2.17542
57.17719,-2.17556
57.17726,-2.1757
57.17732,-2.17583
57.17738,-2.17593
57.17753,-2.17616
57.17764,-2.17629
57.17776,-2.1764
57.17791,-2.17657
57.17801,-2.1767
57.17808,-2.1768
57.17816,-2.17696
57.17821,-2.17707
57.17826,-2.17721
57.17841,-2.17764
57.17847,-2.17781
57.17851,-2.17796
57.17854,-2.1781
57.17856,-2.17823
57.17859,-2.17838
57.17863,-2.17858
57.17866,-2.17892
57.17867,-2.17927
57.17869,-2.1797
57.1787,-2.18011
57.17871,-2.18052
57.17873,-2.18092
57.17876,-2.18129
57.17879,-2.18156
57.17883,-2.18183
57.17887,-2.18207
57.17893,-2.18235
57.17899,-2.18259
57.17905,-2.18282
57.17912,-2.18307
57.17922,-2.1834
57.17943,-2.18394
57.17952,-2.18421
57.17965,-2.18454
57.17971,-2.1847
57.17983,-2.18504
57.17989,-2.18524
57.17993,-2.18536
57.17995,-2.18544
57.17999,-2.18556
57.18001,-2.1857
57.18003,-2.18581
57.18005,-2.18597
57.18006,-2.18603
57.18007,-2.18615
57.18007,-2.18621
57.18006,-2.18625
57.18007,-2.18629
57.18007,-2.18633
57.18008,-2.18637
57.1801,-2.1864
57.18011,-2.18643
57.18013,-2.18646
57.18015,-2.18648
57.18017,-2.1865
57.18019,-2.18651
57.18021,-2.18651
57.18022,-2.18651
57.18031,-2.18665
57.18038,-2.18677
57.18051,-2.18699
57.18056,-2.18706
57.18132,-2.18822
57.18159,-2.18862
57.18181,-2.18898
57.18204,-2.18935
57.18217,-2.18959
57.18229,-2.18981
57.18249,-2.19021
57.18269,-2.19062
57.18286,-2.191
57.18289,-2.19107
57.18291,-2.19114
57.18308,-2.19152
57.18349,-2.19255
57.18377,-2.19319
57.18391,-2.19355
57.18401,-2.19379
57.18431,-2.1945
57.18456,-2.19509
57.18481,-2.19569
57.18494,-2.19602
57.18542,-2.19719
57.18569,-2.19783
57.18597,-2.1985
57.18623,-2.19913
57.18644,-2.19967
57.18664,-2.20019
57.1867,-2.20036
57.18684,-2.20084
57.18692,-2.20107
57.18702,-2.20138
57.18711,-2.20167
57.18744,-2.20273
57.18759,-2.20318
57.18781,-2.20375
57.18782,-2.20378
57.18917,-2.2071
57.18925,-2.20733
57.18934,-2.20757
57.18949,-2.20807
57.18952,-2.20815
57.18995,-2.20963
57.18997,-2.2097
57.18999,-2.20979
57.19,-2.20987
57.19001,-2.20995
57.19002,-2.21005
57.19002,-2.21014
57.19002,-2.21022
57.19002,-2.21028
57.19001,-2.21033
57.19,-2.21042
57.18999,-2.21051
57.18991,-2.21105
57.18988,-2.21124
57.18985,-2.21146
57.18985,-2.21167
57.18992,-2.21191
57.19018,-2.21278
57.19027,-2.21306
57.19042,-2.21325
57.19067,-2.21361
57.19077,-2.21376
57.19087,-2.21395
57.19091,-2.21408
57.19092,-2.21412
57.19097,-2.21433
57.191,-2.21453
57.19105,-2.21502
57.1911,-2.21549
57.19121,-2.21691
57.19136,-2.2188
57.19146,-2.22016
57.19154,-2.22127
57.19159,-2.22209
57.19161,-2.2227
57.19163,-2.22322
57.19163,-2.22347
57.19163,-2.2237
57.19164,-2.22442
57.19163,-2.22479
57.19165,-2.22665
57.19166,-2.22803
57.19165,-2.22968
57.19164,-2.2307
57.19165,-2.23161
57.1917,-2.23248
57.19174,-2.23291
57.19178,-2.23323
57.19184,-2.2337
57.19193,-2.23433
57.19208,-2.23534
57.19249,-2.23802
57.19267,-2.23927
57.19285,-2.24067
57.19294,-2.24176
57.19297,-2.24241
57.19299,-2.24298
57.193,-2.2444
57.19299,-2.24905
57.19298,-2.25033
57.19299,-2.25103
57.19301,-2.2519
57.19305,-2.25271
57.19312,-2.2534
57.19319,-2.25397
57.19327,-2.25446
57.1934,-2.2551
57.19354,-2.2557
57.19392,-2.2571
57.19462,-2.25932
57.19488,-2.26019
57.19524,-2.26116
57.19566,-2.26196
57.1962,-2.26265
57.19714,-2.26362
57.19797,-2.26474
57.1982,-2.26512
57.19853,-2.26571
57.19883,-2.26638
57.19898,-2.26679
57.1992,-2.26744
57.19935,-2.26802
57.19946,-2.26856
57.19962,-2.26944
57.19984,-2.27108
57.20019,-2.27453
57.20049,-2.27758
57.20079,-2.28026
57.2008,-2.2804
57.20079,-2.28053
57.20078,-2.28061
57.20074,-2.28072
57.20069,-2.28081
57.20065,-2.28093
57.20064,-2.28106
57.20064,-2.2812
57.20067,-2.28132
57.20072,-2.28142
57.20078,-2.2815
57.20084,-2.28167
57.20088,-2.28188
57.20094,-2.28227
57.20102,-2.28281
57.2012,-2.28433
57.20128,-2.28512
57.20147,-2.2868
57.20167,-2.28854
57.20183,-2.29001
57.20212,-2.29255
57.20243,-2.29507
57.20272,-2.29747
57.20296,-2.29945
57.20317,-2.30106
57.20338,-2.30267
57.20352,-2.30365
57.20367,-2.30461
57.20373,-2.30499
57.20378,-2.30534
57.20379,-2.30547
57.20379,-2.30562
57.20377,-2.30579
57.20373,-2.30587
57.2037,-2.30597
57.20369,-2.30608
57.20369,-2.30619
57.20371,-2.3063
57.20375,-2.30639
57.2038,-2.30647
57.20386,-2.30652
57.20394,-2.30674
57.20405,-2.30702
57.20421,-2.30755
57.20459,-2.30889
57.20521,-2.31124
57.20583,-2.31362
57.2063,-2.31542
57.20657,-2.31653
57.20689,-2.31766
57.20723,-2.31883
57.20758,-2.32001
57.20782,-2.32082
57.20806,-2.32165
57.20829,-2.32251
57.20851,-2.32338
57.20871,-2.32426
57.20889,-2.32516
57.20905,-2.32607
57.20922,-2.32695
57.20929,-2.32731
57.20943,-2.32786
57.20948,-2.32803
57.2095,-2.3281
57.20954,-2.32824
57.20956,-2.3283
57.20969,-2.32873
57.20982,-2.32916
57.20997,-2.32958
57.21012,-2.33
57.21028,-2.33042
57.21044,-2.33082
57.21081,-2.33159
57.21116,-2.33229
57.21148,-2.33288
57.21169,-2.33331
57.2119,-2.33372
57.21209,-2.3341
57.21226,-2.33447
57.21244,-2.33492
57.21264,-2.33539
57.21292,-2.33615
57.2132,-2.33697
57.21349,-2.3378
57.21362,-2.33821
57.21376,-2.33862
57.21403,-2.33943
57.21428,-2.34013
57.21455,-2.34089
57.21481,-2.34161
57.21508,-2.34232
57.21533,-2.34298
57.21557,-2.34357
57.21588,-2.34439
57.21619,-2.34515
57.21665,-2.34604
57.2169,-2.34644
57.21716,-2.34681
57.21741,-2.34713
57.21765,-2.34739
57.21794,-2.3477
57.21802,-2.34779
57.21807,-2.34787
57.21812,-2.34798
57.21815,-2.34807
57.21817,-2.34817
57.21818,-2.34825
57.2182,-2.34834
57.21824,-2.34842
57.21829,-2.34847
57.21834,-2.34849
57.21839,-2.34849
57.21847,-2.3485
57.21853,-2.34854
57.2186,-2.3486
57.21876,-2.34879
57.21902,-2.34907
57.2193,-2.34938
57.21959,-2.3497
57.21989,-2.35003
57.2202,-2.35037
57.22051,-2.35071
57.22081,-2.35106
57.22159,-2.35192
57.22234,-2.35274
57.22297,-2.35344
57.22351,-2.35407
57.22405,-2.35464
57.22413,-2.35473
57.22459,-2.35518
57.22509,-2.35569
57.22634,-2.35705
57.22689,-2.35771
57.22701,-2.35785
57.2274,-2.35828
57.22758,-2.35845
57.22814,-2.35894
57.22833,-2.35908
57.22853,-2.35921
57.22898,-2.35949
57.2292,-2.35961
57.22944,-2.35971
57.2296,-2.35978
57.22977,-2.35984
57.22992,-2.35989
57.23008,-2.35993
57.23025,-2.35997
57.2304,-2.36001
57.23053,-2.36003
57.23068,-2.36005
57.23082,-2.36007
57.23098,-2.36007
57.23115,-2.36008
57.23133,-2.36007
57.23171,-2.36003
57.23207,-2.35997
57.23225,-2.35992
57.2324,-2.35988
57.23255,-2.35984
57.23271,-2.35979
57.23285,-2.35973
57.23302,-2.35965
57.23318,-2.35959
57.2333,-2.35952
57.23345,-2.35944
57.2336,-2.35934
57.23376,-2.35924
57.23392,-2.35914
57.23406,-2.35904
57.23422,-2.35892
57.23438,-2.35877
57.23458,-2.35861
57.23482,-2.35841
57.23512,-2.35816
57.23544,-2.3579
57.23579,-2.35759
57.23624,-2.3572
57.2367,-2.3568
57.23778,-2.35594
57.23841,-2.35543
57.23892,-2.35507
57.23944,-2.35478
57.23992,-2.35455
57.24005,-2.35449
57.24041,-2.35436
57.24073,-2.35427
57.24112,-2.35419
57.2414,-2.35415
57.24179,-2.35411
57.24222,-2.35407
57.24257,-2.35401
57.24299,-2.35399
57.2431,-2.35398
57.24342,-2.35392
57.24361,-2.3539
57.24396,-2.35389
57.2443,-2.35388
57.24462,-2.3539
57.24498,-2.35394
57.24536,-2.35403
57.24573,-2.35415
57.24608,-2.35431
57.24627,-2.35441
57.24657,-2.35461
57.24678,-2.35475
57.24703,-2.35495
57.24728,-2.35519
57.24759,-2.35549
57.24778,-2.3557
57.24797,-2.35593
57.24826,-2.35632
57.24843,-2.35655
57.24875,-2.35703
57.24897,-2.35739
57.24918,-2.35773
57.24976,-2.35874
57.24999,-2.35912
57.25022,-2.3595
57.25085,-2.36046
57.25173,-2.36167
57.25235,-2.36256
57.25293,-2.36339
57.2537,-2.36445
57.25405,-2.36495
57.25437,-2.36539
57.25466,-2.36582
57.25514,-2.3665
57.25533,-2.36676
57.25573,-2.36727
57.25601,-2.3676
57.25627,-2.36789
57.25652,-2.36816
57.25668,-2.36833
57.2568,-2.36845
57.25682,-2.36849
57.2569,-2.36862
57.25697,-2.36873
57.25698,-2.36879
57.25703,-2.36892
57.25709,-2.36901
57.25717,-2.36905
57.25725,-2.36904
57.25729,-2.36902
57.25733,-2.36898
57.25745,-2.36902
57.25749,-2.36904
57.25761,-2.36914
57.25782,-2.36933
57.25846,-2.36983
57.25952,-2.3705
57.2598,-2.37066
57.26023,-2.37087
57.26045,-2.37097
57.26086,-2.37113
57.26124,-2.37126
57.26157,-2.37134
57.26172,-2.37138
57.26194,-2.37143
57.26219,-2.37147
57.26243,-2.37151
57.26261,-2.37154
57.26281,-2.37156
57.26303,-2.37158
57.26322,-2.37158
57.26347,-2.37161
57.26372,-2.37162
57.26397,-2.3716
57.26418,-2.3716
57.26439,-2.37157
57.26461,-2.37155
57.265,-2.37152
57.26534,-2.3715
57.2656,-2.37149
57.26597,-2.37152
57.26636,-2.37156
57.26667,-2.37161
57.26696,-2.37166
57.26713,-2.37168
57.26725,-2.3717
57.26735,-2.37176
57.26742,-2.37184
57.26749,-2.37189
57.26751,-2.37196
57.26754,-2.37201
57.26759,-2.37208
57.26766,-2.37211
57.26772,-2.37212
57.26778,-2.37209
57.26782,-2.37205
57.26786,-2.372
57.26794,-2.37197
57.26801,-2.37193
57.26809,-2.37192
57.26822,-2.37191
57.26835,-2.37195
57.26849,-2.37201
57.26864,-2.37209
57.26882,-2.37219
57.26906,-2.37232
57.26931,-2.37247
57.26965,-2.3727
57.26975,-2.37277
57.26999,-2.37295
57.27032,-2.37322
57.27068,-2.37354
57.27103,-2.37386
57.27138,-2.37422
57.27172,-2.3746
57.27206,-2.37502
57.27241,-2.37546
57.27274,-2.37593
57.27303,-2.37636
57.27316,-2.37656
57.2733,-2.3768
57.27338,-2.37694
57.27342,-2.377
57.27368,-2.37745
57.27395,-2.37798
57.27409,-2.37825
57.27427,-2.37859
57.27442,-2.37888
57.27462,-2.37928
57.27487,-2.37976
57.27515,-2.38033
57.27542,-2.38084
57.2757,-2.3814
57.27593,-2.38184
57.27689,-2.38371
57.27871,-2.38726
57.2792,-2.38822
57.27973,-2.38926
57.28016,-2.39012
57.2808,-2.39137
57.28119,-2.39212
57.28174,-2.39319
57.28255,-2.39479
57.28295,-2.39554
57.28331,-2.3962
57.28351,-2.39655
57.28367,-2.39684
57.28384,-2.39711
57.28393,-2.39735
57.28396,-2.39745
57.28399,-2.39755
57.284,-2.39765
57.28402,-2.39777
57.284,-2.39782
57.28399,-2.39789
57.28398,-2.39798
57.28398,-2.39808
57.28399,-2.39818
57.28401,-2.39827
57.28405,-2.39835
57.28407,-2.39839
57.28411,-2.39844
57.28415,-2.39848
57.2842,-2.3985
57.28425,-2.3985
57.2843,-2.39848
57.28435,-2.39844
57.28437,-2.39842
57.28446,-2.39843
57.28465,-2.39843
57.28475,-2.39853
57.28539,-2.39944
57.28609,-2.4004
57.28678,-2.40126
57.28719,-2.40172
57.28767,-2.40221
57.28865,-2.40315
57.28945,-2.40389
57.28988,-2.4043
57.29033,-2.40475
57.29073,-2.40519
57.29115,-2.40568
57.29155,-2.40622
57.29195,-2.4068
57.29234,-2.40741
57.29254,-2.40772
57.29272,-2.40805
57.29291,-2.40837
57.29309,-2.40871
57.29327,-2.40905
57.29345,-2.4094
57.29362,-2.40976
57.29379,-2.41012
57.29396,-2.41048
57.29412,-2.41085
57.29427,-2.41123
57.29443,-2.41161
57.29457,-2.41199
57.29472,-2.41238
57.29486,-2.41276
57.295,-2.41316
57.29512,-2.41354
57.29525,-2.41396
57.29538,-2.41437
57.2955,-2.41477
57.29561,-2.4152
57.29569,-2.4155
57.29585,-2.41607
57.29626,-2.41782
57.29636,-2.41826
57.29652,-2.41893
57.29676,-2.4198
57.29704,-2.4208
57.2973,-2.42159
57.29757,-2.4224
57.29785,-2.42313
57.29817,-2.42394
57.29847,-2.42466
57.29881,-2.42539
57.29902,-2.42578
57.29921,-2.42616
57.29937,-2.42648
57.2995,-2.42675
57.2997,-2.42711
57.29988,-2.42741
57.30007,-2.42774
57.30032,-2.42811
57.30069,-2.42864
57.30123,-2.42938
57.30136,-2.42956
57.30164,-2.4299
57.3021,-2.43044
57.30257,-2.43093
57.303,-2.43137
57.3035,-2.4318
57.30401,-2.43221
57.30415,-2.43231
57.3045,-2.43258
57.30504,-2.43293
57.30553,-2.43319
57.30603,-2.43344
57.30651,-2.43365
57.30678,-2.43376
57.30704,-2.43385
57.30708,-2.43386
57.30752,-2.43399
57.30788,-2.43408
57.30812,-2.43413
57.30836,-2.43418
57.30886,-2.43422
57.30915,-2.43424
57.30954,-2.43425
57.30987,-2.43424
57.31023,-2.43421
57.31086,-2.43416
57.31208,-2.43401
57.31256,-2.43395
57.31285,-2.43389
57.31307,-2.43384
57.31322,-2.43378
57.31338,-2.43372
57.31369,-2.43359
57.31389,-2.4335
57.31409,-2.43345
57.3142,-2.43341
57.31433,-2.43339
57.31461,-2.43337
57.31474,-2.43337
57.31493,-2.43339
57.3151,-2.43344
57.31526,-2.43349
57.31545,-2.43358
57.3157,-2.43371
57.31595,-2.4339
57.31619,-2.43412
57.31639,-2.43435
57.31655,-2.43454
57.31675,-2.43484
57.31696,-2.4352
57.31712,-2.43553
57.31728,-2.43588
57.3174,-2.43622
57.31755,-2.43665
57.31779,-2.43736
57.31797,-2.43789
57.31822,-2.43852
57.31846,-2.43906
57.31869,-2.43952
57.31888,-2.43989
57.3192,-2.44044
57.31958,-2.44113
57.31988,-2.44176
57.32013,-2.44223
57.3205,-2.44305
57.32075,-2.44367
57.32111,-2.44455
57.32132,-2.44507
57.32165,-2.44591
57.32197,-2.44671
57.32209,-2.447
57.32217,-2.44726
57.32221,-2.44748
57.32225,-2.4478
57.32229,-2.44837
57.32234,-2.44994
57.32237,-2.45052
57.32242,-2.45105
57.32249,-2.45208
57.3226,-2.45341
57.32262,-2.45373
57.32264,-2.45404
57.32266,-2.45451
57.32266,-2.45495
57.32264,-2.45548
57.32261,-2.45587
57.32256,-2.45622
57.32249,-2.45649
57.3224,-2.45678
57.32232,-2.45706
57.32222,-2.45731
57.32212,-2.4576
57.32172,-2.45878
57.3216,-2.45919
57.32156,-2.45944
57.3215,-2.45977
57.32144,-2.4601
57.32138,-2.46042
57.32128,-2.46077
57.32113,-2.46116
57.32099,-2.46151
57.32075,-2.46204
57.32068,-2.46219
57.32058,-2.4624
57.32047,-2.46264
57.32026,-2.46308
57.32011,-2.4634
57.31995,-2.46378
57.3198,-2.4642
57.31967,-2.46468
57.31956,-2.46512
57.31946,-2.4656
57.31936,-2.46616
57.31931,-2.46654
57.31927,-2.46685
57.31923,-2.46715
57.31919,-2.46749
57.31917,-2.46764
57.31916,-2.46786
57.31916,-2.46809
57.31917,-2.4684
57.31919,-2.4687
57.31921,-2.46904
57.31924,-2.46957
57.31927,-2.4701
57.31928,-2.47081
57.31933,-2.47246
57.31937,-2.47389
57.3194,-2.47501
57.31942,-2.47549
57.31941,-2.47599
57.31939,-2.47649
57.31936,-2.47687
57.31934,-2.47708
57.31932,-2.4773
57.31925,-2.47774
57.31916,-2.47829
57.31901,-2.479
57.31864,-2.48053
57.31854,-2.48106
57.31846,-2.48157
57.3184,-2.48202
57.31836,-2.48251
57.31834,-2.48276
57.31832,-2.48321
57.31831,-2.48393
57.31833,-2.48473
57.31833,-2.48504
57.31835,-2.48627
57.31836,-2.48686
57.31836,-2.48714
57.31838,-2.48781
57.3184,-2.48836
57.31842,-2.4888
57.31846,-2.48924
57.31852,-2.48986
57.31862,-2.49047
57.31875,-2.49119
57.31891,-2.49188
57.31895,-2.49203
57.31908,-2.49251
57.31923,-2.49302
57.3193,-2.49328
57.3195,-2.49398
57.3198,-2.49511
57.31996,-2.49572
57.32008,-2.4963
57.32019,-2.49692
57.32028,-2.49758
57.32036,-2.49832
57.32039,-2.49895
57.3204,-2.49957
57.32041,-2.49972
57.3204,-2.50026
57.3204,-2.50039
57.32038,-2.50085
57.32037,-2.50111
57.32034,-2.50181
57.32032,-2.50227
57.32029,-2.50272
57.32024,-2.50366
57.32021,-2.50431
57.32013,-2.50584
57.32012,-2.50627
57.32011,-2.5068
57.32013,-2.5073
57.32016,-2.50771
57.32021,-2.50817
57.32027,-2.50864
57.32035,-2.50923
57.32045,-2.51001
57.32049,-2.51022
57.32053,-2.51042
57.32058,-2.51059
57.32068,-2.51085
57.32078,-2.51108
57.32092,-2.51127
57.3211,-2.51146
57.32121,-2.51159
57.32149,-2.51191
57.32175,-2.51224
57.32183,-2.51233
57.32229,-2.51294
57.32366,-2.51452
57.32408,-2.51506
57.32441,-2.51545
57.32518,-2.51637
57.32566,-2.51691
57.32588,-2.51716
57.32662,-2.51792
57.3268,-2.51806
57.32718,-2.51836
57.32742,-2.51856
57.32769,-2.51879
57.32799,-2.51905
57.32807,-2.51913
57.32824,-2.51931
57.32855,-2.51956
57.32893,-2.51978
57.32923,-2.5199
57.32958,-2.52002
57.32992,-2.52021
57.33029,-2.52047
57.33064,-2.52079
57.3308,-2.52098
57.33096,-2.52119
57.33109,-2.52141
57.33123,-2.52169
57.33132,-2.52192
57.33146,-2.52224
57.33169,-2.52289
57.33192,-2.5235
57.33239,-2.52474
57.33285,-2.52585
57.33303,-2.5264
57.33321,-2.52712
57.33332,-2.52764
57.3335,-2.52867
57.33361,-2.52935
57.33366,-2.52969
57.33374,-2.53041
57.33403,-2.53459
57.33409,-2.53521
57.3342,-2.53582
57.33434,-2.53642
57.3345,-2.53701
57.3347,-2.53758
57.33558,-2.53984
57.33582,-2.54038
57.33608,-2.5409
57.33636,-2.5414
57.33667,-2.54185
57.337,-2.54227
57.33805,-2.54345
57.33947,-2.54503
57.34006,-2.54564
57.34019,-2.54577
57.34056,-2.5461
57.34094,-2.5464
57.3421,-2.54726
57.34249,-2.54755
57.34288,-2.54784
57.34296,-2.54789
57.34329,-2.54814
57.34365,-2.54841
57.34383,-2.54856
57.34404,-2.54876
57.34423,-2.54896
57.34439,-2.54915
57.34457,-2.54939
57.34472,-2.54962
57.34487,-2.54986
57.34503,-2.5501
57.3452,-2.55035
57.34535,-2.5506
57.34552,-2.55083
57.34568,-2.55105
57.34586,-2.55128
57.34596,-2.55141
57.34603,-2.5515
57.34613,-2.5516
57.34621,-2.55169
57.34637,-2.55186
57.34656,-2.55205
57.34675,-2.55224
57.34694,-2.55241
57.34705,-2.55251
57.34752,-2.55295
57.34791,-2.5533
57.34829,-2.55364
57.34866,-2.55398
57.34916,-2.55445
57.3493,-2.55462
57.34944,-2.55479
57.3496,-2.55502
57.34975,-2.55529
57.34999,-2.55576
57.35022,-2.55629
57.35045,-2.55682
57.35068,-2.55736
57.35113,-2.55848
57.35209,-2.56084
57.35232,-2.56141
57.35242,-2.56168
57.35254,-2.56202
57.35261,-2.5623
57.35287,-2.56341
57.35294,-2.5637
57.35336,-2.56539
57.3537,-2.5666
57.3539,-2.56729
57.35417,-2.56824
57.35431,-2.5687
57.35449,-2.56921
57.3546,-2.56947
57.35474,-2.56973
57.35499,-2.57019
57.35529,-2.57073
57.3556,-2.57127
57.35591,-2.57183
57.35621,-2.57241
57.35648,-2.57304
57.3566,-2.57337
57.35682,-2.57406
57.35699,-2.57471
57.35723,-2.57571
57.35741,-2.57644
57.35758,-2.57694
57.35764,-2.57711
57.3578,-2.57751
57.35787,-2.57769
57.35796,-2.57791
57.35815,-2.5783
57.3583,-2.5786
57.35849,-2.57892
57.35877,-2.57935
57.35916,-2.57983
57.35956,-2.58028
57.35977,-2.58051
57.3604,-2.58119
57.36105,-2.5819
57.36207,-2.58298
57.36237,-2.58329
57.36319,-2.58421
57.36344,-2.58448
57.3643,-2.58541
57.36437,-2.58549
57.36536,-2.58657
57.36642,-2.58772
57.36674,-2.58808
57.3669,-2.58826
57.36726,-2.58867
57.36759,-2.58906
57.36829,-2.58988
57.36933,-2.59113
57.36951,-2.59134
57.37001,-2.592
57.37056,-2.59264
57.37068,-2.59276
57.37087,-2.59295
57.37108,-2.59312
57.37149,-2.59343
57.37192,-2.5937
57.37234,-2.59396
57.37277,-2.59421
57.37319,-2.59446
57.3736,-2.5947
57.37402,-2.59499
57.3744,-2.59528
57.37514,-2.59588
57.37534,-2.596
57.37552,-2.59609
57.37592,-2.59618
57.37602,-2.59619
57.37631,-2.59619
57.37646,-2.59618
57.37674,-2.59615
57.37716,-2.5961
57.37761,-2.59604
57.37829,-2.59596
57.37898,-2.59587
57.37969,-2.59578
57.38041,-2.59572
57.38087,-2.59569
57.38125,-2.59567
57.3818,-2.59568
57.38211,-2.59569
57.38252,-2.5957
57.38332,-2.59571
57.38388,-2.59571
57.38469,-2.59571
57.38524,-2.5957
57.38641,-2.59572
57.38649,-2.59571
57.38699,-2.59572
57.38832,-2.59574
57.38935,-2.59566
57.38973,-2.5956
57.38978,-2.59559
57.39068,-2.5954
57.3916,-2.59512
57.3919,-2.59503
57.39224,-2.59495
57.39257,-2.5949
57.39295,-2.59486
57.39335,-2.59486
57.39397,-2.59494
57.39466,-2.59512
57.39534,-2.59541
57.39567,-2.59561
57.39601,-2.59583
57.39616,-2.59595
57.39633,-2.59608
57.39666,-2.59637
57.39726,-2.59702
57.39753,-2.59735
57.39782,-2.59775
57.39818,-2.59829
57.39851,-2.59886
57.39866,-2.59917
57.39881,-2.59948
57.39895,-2.59981
57.39908,-2.6002
57.39926,-2.60094
57.39934,-2.60137
57.39944,-2.60193
57.39951,-2.60246
57.39957,-2.60311
57.3996,-2.60391
57.3996,-2.60474
57.39957,-2.60533
57.39951,-2.606
57.39946,-2.6065
57.39919,-2.60785
57.39892,-2.60915
57.39864,-2.61042
57.39835,-2.61168
57.39805,-2.61288
57.39796,-2.61325
57.39789,-2.61368
57.39781,-2.61424
57.39773,-2.61501
57.39772,-2.6151
57.39769,-2.61554
57.39768,-2.61588
57.39766,-2.61634
57.39763,-2.61726
57.39761,-2.61818
57.3976,-2.61896
57.3976,-2.61957
57.39763,-2.62024
57.39769,-2.62104
57.39785,-2.62289
57.39794,-2.62391
57.39799,-2.62435
57.39808,-2.62499
57.39815,-2.62537
57.39838,-2.62661
57.39866,-2.628
57.3989,-2.62928
57.39914,-2.63045
57.39931,-2.6313
57.39933,-2.63141
57.39953,-2.63244
57.39965,-2.63306
57.39975,-2.63371
57.39984,-2.63448
57.39989,-2.63524
57.39994,-2.63603
57.39998,-2.63654
57.40003,-2.63715
57.40011,-2.63773
57.40022,-2.6383
57.40036,-2.63887
57.40053,-2.63944
57.40063,-2.63977
57.40118,-2.64149
57.40131,-2.64196
57.40143,-2.64243
57.40189,-2.64427
57.40207,-2.64487
57.40224,-2.64537
57.4027,-2.64672
57.40321,-2.64811
57.40326,-2.64827
57.40336,-2.64866
57.40341,-2.64885
57.40344,-2.64901
57.4035,-2.64946
57.40353,-2.64985
57.40355,-2.65016
57.40355,-2.65049
57.40354,-2.65087
57.40351,-2.65138
57.40345,-2.65208
57.40318,-2.65459
57.40316,-2.65489
57.40314,-2.6552
57.40313,-2.65552
57.40313,-2.65568
57.40315,-2.6562
57.40321,-2.65677
57.40333,-2.65761
57.40336,-2.65783
57.40351,-2.6588
57.40358,-2.65927
57.40361,-2.65962
57.40364,-2.66005
57.40365,-2.66045
57.40365,-2.6611
57.40363,-2.66184
57.40362,-2.66222
57.40362,-2.66229
57.40361,-2.66243
57.40356,-2.6636
57.40352,-2.6643
57.40345,-2.66535
57.40337,-2.66612
57.40336,-2.66625
57.40327,-2.66684
57.40315,-2.66755
57.40303,-2.66817
57.40284,-2.669
57.40267,-2.6697
57.40242,-2.67061
57.40231,-2.67103
57.40209,-2.67182
57.40175,-2.67305
57.40155,-2.67389
57.40137,-2.67474
57.40124,-2.67542
57.40114,-2.67604
57.40103,-2.67677
57.40096,-2.67736
57.40089,-2.67802
57.40084,-2.6787
57.4008,-2.67944
57.40077,-2.68003
57.40075,-2.68095
57.40076,-2.68178
57.40082,-2.68333
57.40093,-2.68482
57.401,-2.68583
57.401,-2.68609
57.40106,-2.68664
57.40108,-2.68713
57.40116,-2.6876
57.40124,-2.68803
57.40131,-2.68837
57.40139,-2.68871
57.4015,-2.68909
57.40162,-2.68942
57.40177,-2.6898
57.40194,-2.6902
57.40211,-2.69053
57.40231,-2.69089
57.40286,-2.69171
57.40369,-2.69288
57.40373,-2.69294
57.40456,-2.6941
57.40476,-2.69439
57.40497,-2.69473
57.40518,-2.6951
57.40532,-2.69538
57.40551,-2.69578
57.40556,-2.69591
57.40578,-2.69639
57.40669,-2.69863
57.4068,-2.69895
57.40687,-2.69918
57.40692,-2.69932
57.40703,-2.69972
57.40714,-2.70015
57.40728,-2.70073
57.4074,-2.7013
57.40756,-2.70205
57.40775,-2.70294
57.4079,-2.70363
57.40805,-2.70423
57.40814,-2.70454
57.40822,-2.7048
57.40842,-2.70532
57.4086,-2.70577
57.4089,-2.70645
57.40917,-2.70707
57.40944,-2.70767
57.40971,-2.70818
57.40991,-2.70853
57.41017,-2.7089
57.41046,-2.70923
57.41074,-2.70951
57.41104,-2.70975
57.41157,-2.71017
57.41192,-2.71048
57.41224,-2.71086
57.41246,-2.71116
57.41279,-2.71167
57.41303,-2.7121
57.41328,-2.71264
57.41348,-2.71318
57.41369,-2.71379
57.41387,-2.71452
57.41402,-2.71522
57.41413,-2.71595
57.41422,-2.71655
57.41434,-2.71731
57.41443,-2.71773
57.41454,-2.71818
57.41465,-2.71854
57.41479,-2.71893
57.41495,-2.71931
57.41511,-2.71965
57.41529,-2.71996
57.41555,-2.72034
57.41576,-2.72058
57.41584,-2.72066
57.41592,-2.72074
57.41598,-2.72079
57.41614,-2.72092
57.41663,-2.72127
57.41713,-2.7216
57.41812,-2.72228
57.41854,-2.72254
57.41912,-2.72304
57.41962,-2.72343
57.41999,-2.72381
57.42035,-2.72422
57.42085,-2.7248
57.42114,-2.7252
57.42125,-2.72534
57.42144,-2.72555
57.42206,-2.72653
57.42246,-2.72723
57.42285,-2.72795
57.42404,-2.73024
57.42412,-2.73039
57.42449,-2.73114
57.42493,-2.73202
57.4256,-2.73335
57.42601,-2.73416
57.42718,-2.73653
57.42795,-2.73808
57.42804,-2.73826
57.42833,-2.73883
57.42873,-2.73964
57.42932,-2.74075
57.42973,-2.74158
57.43006,-2.74223
57.43023,-2.74261
57.43053,-2.74328
57.43084,-2.74404
57.43113,-2.74494
57.43136,-2.74571
57.43147,-2.74607
57.43168,-2.74682
57.43178,-2.74713
57.4319,-2.74748
57.4321,-2.74808
57.43233,-2.74864
57.43259,-2.74921
57.43285,-2.7497
57.43309,-2.75011
57.43343,-2.75063
57.43351,-2.75073
57.43378,-2.75105
57.4341,-2.75141
57.43448,-2.75176
57.43482,-2.75202
57.43546,-2.75244
57.43596,-2.75277
57.43614,-2.7529
57.43668,-2.75337
57.43691,-2.75361
57.43711,-2.75382
57.43754,-2.75437
57.43797,-2.75502
57.43823,-2.75551
57.43847,-2.75598
57.43863,-2.75635
57.43879,-2.75672
57.43893,-2.7571
57.43899,-2.75728
57.43906,-2.75748
57.43918,-2.75789
57.4393,-2.7583
57.4394,-2.75872
57.43948,-2.75914
57.43956,-2.75959
57.43964,-2.76004
57.43995,-2.76241
57.43999,-2.7627
57.44011,-2.76348
57.44024,-2.76428
57.44042,-2.76564
57.44045,-2.76588
57.44047,-2.76602
57.44066,-2.76739
57.44079,-2.76845
57.44086,-2.76914
57.44092,-2.76974
57.44096,-2.7702
57.44101,-2.77083
57.44105,-2.77154
57.4411,-2.7724
57.44116,-2.77387
57.44119,-2.77493
57.44119,-2.77599
57.44116,-2.77941
57.44117,-2.7808
57.44116,-2.78127
57.44116,-2.7815
57.44115,-2.78348
57.44116,-2.78371
57.44115,-2.7847
57.4411,-2.78983
57.4411,-2.79173
57.4411,-2.79232
57.44112,-2.79291
57.44116,-2.79353
57.44114,-2.79401
57.4411,-2.7945
57.44109,-2.79462
57.44109,-2.7948
57.44108,-2.79486
57.44107,-2.79498
57.44108,-2.79509
57.4411,-2.7952
57.44114,-2.7953
57.44117,-2.79535
57.44137,-2.79588
57.44156,-2.79638
57.44174,-2.79713
57.4419,-2.79778
57.4421,-2.79845
57.44222,-2.79879
57.44255,-2.79964
57.4428,-2.80023
57.44311,-2.80081
57.44333,-2.80121
57.44368,-2.80177
57.44399,-2.80223
57.44433,-2.80265
57.44471,-2.80309
57.44492,-2.8033
57.44529,-2.80364
57.44574,-2.80396
57.44627,-2.80427
57.44678,-2.80448
57.44727,-2.80466
57.44897,-2.80526
57.44967,-2.80555
57.45021,-2.80573
57.45054,-2.80591
57.45067,-2.80598
57.45073,-2.80605
57.45075,-2.80612
57.45079,-2.80631
57.45078,-2.80651
57.45079,-2.80675
57.4508,-2.80696
57.45082,-2.80722
57.45088,-2.80747
57.45132,-2.80912
57.45148,-2.80971
57.45151,-2.80987
57.45154,-2.81027
57.45153,-2.81079
57.45143,-2.81124
57.45128,-2.81189
57.4512,-2.81248
57.45115,-2.81326
57.45119,-2.81419
57.45133,-2.81558
57.45142,-2.81655
57.45144,-2.81684
57.45154,-2.81746
57.45165,-2.81785
57.45176,-2.81815
57.45192,-2.81867
57.45208,-2.81927
57.45228,-2.82003
57.45265,-2.82116
57.45275,-2.82149
57.45283,-2.82187
57.45288,-2.82217
57.45293,-2.82267
57.45296,-2.82317
57.453,-2.82394
57.453,-2.82451
57.45295,-2.82548
57.45293,-2.82577
57.45289,-2.82628
57.45275,-2.8272
57.45268,-2.8277
57.45247,-2.82901
57.45238,-2.82954
57.45221,-2.83067
57.45207,-2.83162
57.45194,-2.8325
57.45173,-2.83374
57.45164,-2.83422
57.45161,-2.83432
57.45155,-2.8346
57.45146,-2.83494
57.4514,-2.83525
57.45137,-2.83546
57.45135,-2.83574
57.45135,-2.83607
57.45132,-2.83686
57.45134,-2.83766
57.45137,-2.83823
57.45142,-2.83876
57.45147,-2.83908
57.45152,-2.83926
57.45152,-2.83929
57.45159,-2.83951
57.45178,-2.84
57.45197,-2.8405
57.45212,-2.84091
57.45228,-2.84149
57.45232,-2.84169
57.45269,-2.84342
57.45299,-2.84475
57.45305,-2.84509
57.45308,-2.84534
57.45308,-2.84566
57.45306,-2.8471
57.45308,-2.84872
57.45307,-2.85011
57.45306,-2.85063
57.45307,-2.85086
57.45307,-2.85131
57.45307,-2.852
57.45307,-2.85274
57.45308,-2.85321
57.45309,-2.85376
57.4531,-2.85433
57.45311,-2.85467
57.45311,-2.85483
57.45312,-2.85513
57.45312,-2.85553
57.45312,-2.8559
57.45312,-2.85622
57.45312,-2.85656
57.45308,-2.8573
57.45296,-2.85868
57.45284,-2.86028
57.45276,-2.86154
57.45271,-2.86233
57.4527,-2.8629
57.45274,-2.86414
57.45283,-2.86514
57.45307,-2.86679
57.45326,-2.86806
57.45345,-2.86953
57.4536,-2.87069
57.4537,-2.87168
57.45378,-2.87285
57.45412,-2.87866
57.45427,-2.88115
57.45435,-2.88198
57.45439,-2.88239
57.45441,-2.88268
57.45453,-2.88376
57.45461,-2.88488
57.4546,-2.88769
57.45459,-2.88825
57.45455,-2.88869
57.45451,-2.88895
57.45441,-2.88953
57.45433,-2.89001
57.45425,-2.89069
57.45423,-2.89138
57.45424,-2.89207
57.45432,-2.89282
57.45482,-2.89665
57.45497,-2.89768
57.45502,-2.89824
57.45503,-2.89882
57.45499,-2.89932
57.45493,-2.89964
57.45485,-2.8999
57.45471,-2.9003
57.45445,-2.90102
57.45431,-2.9014
57.45411,-2.90196
57.45386,-2.90295
57.45346,-2.90445
57.45324,-2.90541
57.45306,-2.90655
57.45278,-2.9085
57.45271,-2.90915
57.45265,-2.9097
57.45266,-2.91043
57.45267,-2.91099
57.45263,-2.91163
57.45257,-2.91221
57.45242,-2.91303
57.45237,-2.91333
57.45224,-2.91406
57.45103,-2.92057
57.45032,-2.92438
57.45017,-2.92524
57.45014,-2.92605
57.45014,-2.92615
57.44996,-2.92951
57.45005,-2.93058
57.4501,-2.93115
57.45056,-2.93299
57.45068,-2.93434
57.45075,-2.93657
57.45109,-2.93989
57.45118,-2.94073
57.45147,-2.94377
57.45185,-2.9468
57.45204,-2.94858
57.45207,-2.94897
57.45207,-2.94939
57.45206,-2.9497
57.45201,-2.95025
57.45198,-2.95056
57.45193,-2.95077
57.45186,-2.95099
57.45144,-2.95171
57.45109,-2.95268
57.45095,-2.95315
57.4509,-2.95335
57.45086,-2.95355
57.45083,-2.95386
57.45077,-2.95457
57.45071,-2.95519
57.45068,-2.95566
57.45067,-2.95619
57.45068,-2.95654
57.45069,-2.95698
57.45071,-2.95763
57.45076,-2.95859
57.45086,-2.96045
57.4509,-2.96196
57.4509,-2.96261
57.45085,-2.96365
57.45076,-2.96493
57.45068,-2.96564
57.45059,-2.96626
57.4505,-2.96676
57.45048,-2.96692
57.45025,-2.96808
57.44995,-2.96957
57.44988,-2.97006
57.44985,-2.97034
57.44984,-2.97057
57.44986,-2.97107
57.45002,-2.97347
57.4501,-2.97467
57.45014,-2.97539
57.45017,-2.97576
57.4502,-2.97595
57.45027,-2.97631
57.45036,-2.97668
57.45051,-2.97736
57.45059,-2.97785
57.45069,-2.97877
57.45074,-2.97936
57.45075,-2.97966
57.45073,-2.97989
57.45071,-2.98013
57.45069,-2.98032
57.45067,-2.98058
57.45066,-2.98081
57.45067,-2.98101
57.45067,-2.98121
57.45069,-2.98166
57.45069,-2.9818
57.45074,-2.9829
57.45075,-2.98313
57.45073,-2.98335
57.45068,-2.98361
57.45061,-2.98388
57.45055,-2.98418
57.45028,-2.98594
57.45021,-2.98624
57.45016,-2.98644
57.4501,-2.98662
57.45,-2.9869
57.44992,-2.9872
57.44979,-2.98773
57.44969,-2.98822
57.44965,-2.98853
57.44963,-2.98887
57.44964,-2.98919
57.44964,-2.98943
57.44968,-2.98975
57.44973,-2.99001
57.45002,-2.99108
57.45029,-2.99228
57.45041,-2.99282
57.45072,-2.99387
57.45091,-2.99441
57.45108,-2.9948
57.45117,-2.99499
57.4512,-2.99505
57.45137,-2.99545
57.45155,-2.99606
57.45157,-2.99619
57.45164,-2.99652
57.45172,-2.99709
57.45181,-2.99805
57.45186,-2.99886
57.45186,-2.99947
57.45184,-2.99999
57.45176,-3.00062
57.45164,-3.00148
57.45141,-3.00293
57.45124,-3.00383
57.45109,-3.00459
57.45084,-3.00557
57.45049,-3.00686
57.44679,-3.01599
57.4463,-3.0175
57.44602,-3.01891
57.44573,-3.0204
57.44556,-3.02127
57.44521,-3.02336
57.44507,-3.02458
57.44496,-3.02572
57.44482,-3.03115
57.4448,-3.03208
57.44406,-3.03673
57.44403,-3.03767
57.44382,-3.04351
57.4438,-3.04406
57.44249,-3.06046
57.44239,-3.06172
57.44233,-3.06234
57.4423,-3.06268
57.44228,-3.06299
57.44231,-3.06328
57.44238,-3.06352
57.44252,-3.06372
57.44282,-3.06407
57.44301,-3.06426
57.44321,-3.06432
57.44345,-3.06436
57.44381,-3.06433
57.44424,-3.06428
57.44442,-3.06431
57.44457,-3.0644
57.4447,-3.06458
57.4448,-3.06477
57.44494,-3.06507
57.44518,-3.06556
57.44564,-3.06663
57.44573,-3.06689
57.44579,-3.06709
57.44584,-3.06735
57.4459,-3.06773
57.44597,-3.06874
57.44601,-3.06935
57.44602,-3.06993
57.44598,-3.07043
57.44583,-3.07222
57.44575,-3.07297
57.44567,-3.07343
57.44559,-3.07377
57.44551,-3.07414
57.44545,-3.07449
57.44542,-3.0748
57.44545,-3.07513
57.4455,-3.0754
57.44557,-3.07568
57.44564,-3.07598
57.44568,-3.07619
57.44571,-3.07644
57.44572,-3.07668
57.44571,-3.07695
57.44566,-3.07743
57.44559,-3.07788
57.44551,-3.07837
57.44543,-3.07876
57.44537,-3.07902
57.44529,-3.0793
57.44521,-3.07954
57.44511,-3.07986
57.445,-3.08016
57.44489,-3.0804
57.44478,-3.08063
57.44468,-3.08081
57.44444,-3.08123
57.44421,-3.08162
57.44398,-3.08201
57.4436,-3.08275
57.44341,-3.0832
57.44319,-3.08388
57.44294,-3.08479
57.44265,-3.08574
57.44257,-3.08609
57.44247,-3.0867
57.44241,-3.08717
57.44235,-3.08771
57.44228,-3.08828
57.44222,-3.08868
57.44198,-3.08986
57.44167,-3.09124
57.44163,-3.09149
57.44162,-3.09155
57.44152,-3.09247
57.44147,-3.09297
57.4414,-3.09334
57.44131,-3.09374
57.44124,-3.094
57.44106,-3.0946
57.44091,-3.09519
57.44081,-3.09558
57.44074,-3.09595
57.44064,-3.09653
57.44057,-3.09697
57.44053,-3.09733
57.44049,-3.09778
57.44048,-3.09821
57.44049,-3.09859
57.44053,-3.09923
57.44061,-3.10014
57.4408,-3.10214
57.4408,-3.10245
57.44079,-3.10292
57.44081,-3.10324
57.44087,-3.10373
57.44109,-3.10523
57.44113,-3.10562
57.44116,-3.10592
57.44117,-3.10632
57.44115,-3.10693
57.4411,-3.10776
57.44098,-3.10894
57.44102,-3.1112
57.44115,-3.11235
57.44122,-3.11268
57.44129,-3.11283
57.44133,-3.11288
57.4417,-3.11335
57.44205,-3.11387
57.44232,-3.11417
57.44275,-3.11438
57.44303,-3.11462
57.44347,-3.11535
57.444,-3.11633
57.44402,-3.11638
57.44419,-3.11672
57.44442,-3.11714
57.44462,-3.11694
57.44494,-3.1169
57.44588,-3.1168
57.44632,-3.11695
57.44669,-3.11731
57.44737,-3.11836
57.44798,-3.11923
57.44829,-3.11968
57.44925,-3.12108
57.44965,-3.12149
57.45003,-3.12172
57.45035,-3.1218
57.45055,-3.12168
57.45075,-3.12138
57.45098,-3.12092
57.45126,-3.12062
57.45183,-3.12019
57.45187,-3.12016
57.45198,-3.12044
57.45216,-3.12064
57.45231,-3.12075
57.45251,-3.121
57.45276,-3.12121
57.45288,-3.12136
57.45298,-3.12147
57.45307,-3.12165
57.45315,-3.12181
57.45319,-3.12193
57.45326,-3.12223
57.45329,-3.12262
57.45335,-3.12303
57.45339,-3.12339
57.45371,-3.12427
57.45391,-3.12471
57.45397,-3.12511
57.45397,-3.12545
57.45392,-3.12564
57.45367,-3.12619
57.45364,-3.12655
57.45358,-3.12726
57.45349,-3.12829
57.45347,-3.12859
57.45345,-3.12874
57.45339,-3.12948
57.45367,-3.12901
57.45383,-3.12873
57.45393,-3.12859
57.45415,-3.12835
57.45399,-3.12852
57.45393,-3.12859
57.45383,-3.12873
57.45367,-3.12901
57.45339,-3.12948
57.45331,-3.13032
57.4533,-3.1304
57.45338,-3.13039
57.45352,-3.13038
57.45379,-3.13037
57.45412,-3.13044
57.45437,-3.13055
57.45564,-3.13112
57.45574,-3.13116
57.45636,-3.13141
57.45657,-3.13149
57.45704,-3.13152
57.45708,-3.13153
57.45755,-3.13154
57.45799,-3.13166
57.45808,-3.13168
57.45886,-3.13188
57.45942,-3.13219
57.45974,-3.13255
57.46119,-3.13409
57.46246,-3.13534
57.46284,-3.13552
57.46315,-3.13558
57.46345,-3.13562
57.46356,-3.13564
57.46374,-3.13577
57.46386,-3.13586
57.46413,-3.13613
57.46422,-3.13618
57.46445,-3.1363
57.46541,-3.13674
57.46566,-3.13684
57.46584,-3.13701
57.46601,-3.13722
57.46622,-3.13755
57.46626,-3.1376
57.46641,-3.13778
57.46657,-3.13784
57.46666,-3.13788
57.46694,-3.13796
57.4674,-3.13815
57.46868,-3.13882
57.46887,-3.13903
57.46907,-3.13933
57.46976,-3.14032
57.4702,-3.14097
57.47072,-3.14175
57.47106,-3.1422
57.4713,-3.14254
57.47207,-3.14387
57.47303,-3.14579
57.47348,-3.14669
57.4741,-3.14748
57.47546,-3.14894
57.47561,-3.1492
57.47573,-3.14949
57.4758,-3.14971
57.47586,-3.14997
57.47589,-3.15034
57.47593,-3.15084
57.47595,-3.15141
57.47599,-3.15282
57.47601,-3.15331
57.47605,-3.15361
57.47611,-3.15399
57.47619,-3.15431
57.47626,-3.15471
57.47635,-3.15534
57.47647,-3.15646
57.4766,-3.15763
57.47675,-3.15977
57.47679,-3.16039
57.47686,-3.16091
57.47691,-3.16125
57.47707,-3.16201
57.47724,-3.16264
57.47741,-3.16313
57.47769,-3.16364
57.47789,-3.16401
57.47803,-3.16436
57.47812,-3.16458
57.47823,-3.165
57.47864,-3.16664
57.47875,-3.1675
57.47886,-3.16858
57.47895,-3.16922
57.47913,-3.17007
57.47952,-3.17251
57.4798,-3.17362
57.47994,-3.17404
57.48029,-3.17467
57.48063,-3.17516
57.48242,-3.17716
57.4825,-3.17734
57.48346,-3.1795
57.4838,-3.18031
57.48422,-3.18138
57.4845,-3.18286
57.4847,-3.18334
57.48489,-3.18373
57.48499,-3.18389
57.48525,-3.18416
57.48546,-3.18429
57.48571,-3.18432
57.48595,-3.18436
57.48617,-3.1844
57.48641,-3.18443
57.48679,-3.18449
57.48717,-3.1846
57.48742,-3.18476
57.48762,-3.18491
57.48783,-3.18507
57.48797,-3.18519
57.48801,-3.18522
57.48814,-3.18534
57.48832,-3.18559
57.48846,-3.18583
57.4886,-3.18613
57.48875,-3.1864
57.48893,-3.1868
57.48904,-3.18705
57.48912,-3.18729
57.48917,-3.18763
57.48921,-3.18795
57.48924,-3.18832
57.48927,-3.18868
57.48927,-3.18891
57.48927,-3.18905
57.48926,-3.18927
57.48923,-3.1895
57.48911,-3.18985
57.48867,-3.19041
57.48833,-3.19105
57.48793,-3.1918
57.48745,-3.19247
57.48741,-3.19261
57.4874,-3.19276
57.48744,-3.19327
57.48782,-3.19316
57.48845,-3.19297
57.48941,-3.19267
57.48971,-3.19255
57.48999,-3.19242
57.49035,-3.19226
57.49085,-3.19198
57.49163,-3.19151
57.49232,-3.19108
57.49252,-3.19098
57.49322,-3.19076
57.49407,-3.19042
57.49484,-3.19019
57.49567,-3.19007
57.49646,-3.19024
57.49728,-3.19044
57.49796,-3.19089
57.49812,-3.191
57.49852,-3.19131
57.49924,-3.19195
57.49997,-3.19242
57.50033,-3.19253
57.5014,-3.19286
57.50273,-3.19347
57.50333,-3.1939
57.50402,-3.19454
57.50493,-3.19565
57.50569,-3.19687
57.50636,-3.19802
57.50708,-3.19909
57.50771,-3.19997
57.50825,-3.20085
57.50869,-3.20156
57.50949,-3.20291
57.5097,-3.20313
57.51022,-3.20367
57.51065,-3.20405
57.5109,-3.20419
57.51132,-3.2044
57.51243,-3.20491
57.513,-3.20522
57.51345,-3.2055
57.51399,-3.20596
57.51546,-3.20763
57.51567,-3.20786
57.51662,-3.20863
57.51768,-3.20903
57.51885,-3.20924
57.51943,-3.20931
57.52015,-3.2094
57.52048,-3.20935
57.52063,-3.20929
57.52072,-3.20926
57.52199,-3.20863
57.52223,-3.20858
57.52247,-3.20857
57.52268,-3.20859
57.52301,-3.20866
57.52326,-3.20867
57.52356,-3.20861
57.52436,-3.20842
57.52521,-3.20822
57.52562,-3.20813
57.52605,-3.20803
57.5264,-3.20793
57.52677,-3.20782
57.52687,-3.20779
57.52706,-3.20775
57.52714,-3.2078
57.52721,-3.20788
57.52735,-3.20805
57.52741,-3.20809
57.52757,-3.20821
57.52763,-3.20825
57.52766,-3.20825
57.52776,-3.20826
57.52883,-3.20822
57.52884,-3.20821
57.52997,-3.20816
57.53085,-3.20811
57.531,-3.20816
57.53112,-3.20831
57.53116,-3.20839
57.53119,-3.2085
57.5312,-3.20857
57.53121,-3.20862
57.53124,-3.20868
57.53129,-3.20872
57.53134,-3.20871
57.53157,-3.20889
57.53164,-3.20896
57.53187,-3.20909
57.53203,-3.20911
57.53229,-3.20908
57.53252,-3.20903
57.5326,-3.20902
57.5327,-3.20902
57.53305,-3.20915
57.53324,-3.20929
57.53335,-3.20937
57.53344,-3.20948
57.53362,-3.20977
57.53429,-3.21096
57.53451,-3.21144
57.53471,-3.21194
57.53481,-3.21231
57.53491,-3.21271
57.53502,-3.2133
57.53507,-3.21391
57.5351,-3.2145
57.53512,-3.21556
57.53513,-3.21612
57.53514,-3.21648
57.53517,-3.21909
57.53518,-3.21991
57.53519,-3.22079
57.53523,-3.22122
57.53533,-3.22182
57.53558,-3.22285
57.5358,-3.2235
57.53604,-3.22398
57.53632,-3.22442
57.53645,-3.22462
57.53666,-3.22496
57.53756,-3.22615
57.53763,-3.22624
57.53799,-3.22665
57.53833,-3.22692
57.54007,-3.22815
57.54104,-3.22891
57.5418,-3.22945
57.54219,-3.22974
57.54272,-3.23015
57.54306,-3.23046
57.54389,-3.23131
57.54468,-3.23215
57.54529,-3.23271
57.54581,-3.23329
57.5467,-3.23451
57.54769,-3.23587
57.54977,-3.23871
57.55002,-3.23905
57.55246,-3.24305
57.55317,-3.24424
57.55349,-3.24465
57.5538,-3.24492
57.55424,-3.24514
57.55452,-3.24526
57.55488,-3.24533
57.55528,-3.2453
57.55609,-3.245
57.55684,-3.24489
57.55745,-3.24496
57.55812,-3.24517
57.55885,-3.24559
57.55962,-3.24616
57.56077,-3.24711
57.5617,-3.24798
57.56208,-3.24846
57.56381,-3.25094
57.56486,-3.25231
57.5652,-3.25268
57.566,-3.25356
57.5673,-3.25561
57.57054,-3.25956
57.57092,-3.26009
57.57181,-3.26134
57.5747,-3.26544
57.57551,-3.2666
57.57629,-3.26776
57.57702,-3.26901
57.57733,-3.26964
57.57827,-3.27153
57.57851,-3.27207
57.57893,-3.27304
57.57914,-3.27351
57.57946,-3.27424
57.58036,-3.27605
57.58091,-3.27665
57.58112,-3.27712
57.58217,-3.27966
57.58242,-3.28019
57.58265,-3.28055
57.58288,-3.28082
57.58317,-3.28109
57.58346,-3.28124
57.58378,-3.28132
57.58418,-3.28129
57.58463,-3.28113
57.58482,-3.28103
57.585,-3.2809
57.58634,-3.27985
57.58668,-3.27967
57.58705,-3.27961
57.58903,-3.27944
57.58964,-3.27959
57.59069,-3.27999
57.59085,-3.28005
57.59151,-3.28033
57.59197,-3.28044
57.59199,-3.28044
57.59232,-3.28038
57.59265,-3.28019
57.5932,-3.27997
57.59337,-3.27995
57.59372,-3.28001
57.59403,-3.28017
57.59434,-3.28039
57.59472,-3.28068
57.59496,-3.28084
57.59512,-3.28092
57.59532,-3.28095
57.5958,-3.28109
57.59657,-3.28146
57.59679,-3.28162
57.59702,-3.28186
57.59726,-3.28223
57.59762,-3.28279
57.59801,-3.28333
57.59853,-3.28402
57.59858,-3.28408
57.59882,-3.28438
57.59919,-3.28486
57.5996,-3.28536
57.60027,-3.28617
57.60039,-3.28631
57.60175,-3.28783
57.6021,-3.28821
57.60247,-3.28856
57.60318,-3.28891
57.60414,-3.28929
57.60548,-3.28982
57.60669,-3.29038
57.60707,-3.29054
57.60753,-3.29072
57.60792,-3.2909
57.60886,-3.2913
57.60949,-3.29159
57.61023,-3.29194
57.6104,-3.29207
57.61055,-3.29221
57.61062,-3.29229
57.61079,-3.29249
57.61094,-3.2927
57.61108,-3.29294
57.6112,-3.29317
57.61144,-3.29367
57.61182,-3.29439
57.61198,-3.29463
57.61213,-3.2948
57.6124,-3.29508
57.61272,-3.29525
57.61299,-3.29536
57.61343,-3.29543
57.61367,-3.29547
57.61581,-3.29538
57.61636,-3.29542
57.61658,-3.29543
57.6168,-3.29545
57.61768,-3.29557
57.61822,-3.29569
57.61875,-3.2959
57.61905,-3.2961
57.61943,-3.29635
57.61945,-3.29637
57.61958,-3.29645
57.62073,-3.29743
57.62123,-3.29786
57.62135,-3.29795
57.62169,-3.29821
57.62214,-3.29852
57.62302,-3.299
57.62464,-3.29963
57.6267,-3.30064
57.62721,-3.30092
57.6274,-3.30109
57.6276,-3.3012
57.62807,-3.30143
57.62845,-3.30163
57.62873,-3.30178
57.62898,-3.3019
57.62944,-3.30214
57.62997,-3.30241
57.63019,-3.30253
57.63077,-3.30287
57.63153,-3.30332
57.63165,-3.30341
57.6328,-3.30417
57.63304,-3.30433
57.63317,-3.30442
57.63348,-3.30466
57.63356,-3.30477
57.63362,-3.30488
57.63366,-3.30502
57.63366,-3.3051
57.63368,-3.30517
57.6337,-3.30523
57.63374,-3.30528
57.63379,-3.30531
57.63381,-3.30531
57.63383,-3.30531
57.63388,-3.30528
57.63397,-3.30525
57.63413,-3.30524
57.63423,-3.30526
57.63427,-3.30526
57.63463,-3.30542
57.63489,-3.3055
57.63504,-3.30545
57.63547,-3.3052
57.63603,-3.30488
57.63613,-3.30482
57.63623,-3.30476
57.63649,-3.30461
57.6368,-3.30441
57.63708,-3.30422
57.63744,-3.30393
57.63813,-3.30339
57.63833,-3.30325
57.6385,-3.30323
57.63887,-3.3033
57.63898,-3.30331
57.63907,-3.30332
57.63922,-3.30335
57.63941,-3.30347
57.63961,-3.30365
57.64002,-3.30416
57.64041,-3.30463
57.64068,-3.30492
57.64091,-3.3052
57.641,-3.30537
57.64106,-3.30552
57.64114,-3.30571
57.64124,-3.30584
57.64136,-3.30601
57.64138,-3.30604
57.64142,-3.30614
57.64143,-3.30618
57.64144,-3.30623
57.64145,-3.30628
57.64147,-3.30631
57.64148,-3.30633
57.6415,-3.30634
57.64153,-3.30635
57.64155,-3.30635
57.64157,-3.30634
57.64158,-3.30634
57.6416,-3.30633
57.6416,-3.30632
57.64166,-3.30632
57.64169,-3.30633
57.64172,-3.30634
57.64181,-3.30638
57.64267,-3.30741
57.64304,-3.30787
57.64336,-3.30824
57.64344,-3.30838
57.6435,-3.30851
57.64353,-3.30861
57.64354,-3.30867
57.64356,-3.30873
57.64357,-3.30873
57.64357,-3.30881
57.64357,-3.30888
57.64356,-3.30895
57.64354,-3.30913
57.64348,-3.30944
57.64347,-3.30951
57.64344,-3.3097
57.6434,-3.30996
57.64337,-3.3102
57.64334,-3.31039
57.64332,-3.31057
57.64332,-3.31058
57.6433,-3.31078
57.6433,-3.31091
57.64329,-3.31104
57.64329,-3.31118
57.64329,-3.31126
57.6433,-3.31134
57.6433,-3.3115
57.64331,-3.31154
57.64332,-3.31171
57.64335,-3.31185
57.64336,-3.31205
57.64338,-3.31233
57.64338,-3.31238
57.64342,-3.31277
57.64345,-3.31304
57.64347,-3.31314
57.64363,-3.31381
57.64373,-3.31418
57.64375,-3.31425
57.64391,-3.31491
57.64403,-3.31533
57.64411,-3.31559
57.64426,-3.31615
57.64441,-3.31665
57.64446,-3.31677
57.64457,-3.31701
57.64482,-3.31745
57.64488,-3.31754
57.64491,-3.3176
57.64502,-3.31774
57.64542,-3.31812
57.64593,-3.31858
57.64609,-3.31874
57.64612,-3.31877
57.64637,-3.31907
57.64651,-3.31925
57.64662,-3.3194
57.64657,-3.31972
57.64655,-3.31989
57.64648,-3.32036
57.64623,-3.32215
57.64621,-3.32247
57.6462,-3.32279
57.6462,-3.32307
57.64619,-3.32363
57.64618,-3.32429
57.64618,-3.32499
57.64619,-3.32515
57.64622,-3.32537
57.64626,-3.32547
57.64627,-3.32553
57.64632,-3.32569
57.64633,-3.32576
57.64634,-3.32588
57.64633,-3.3259
57.64633,-3.32594
57.64633,-3.32598
57.64633,-3.32602
57.64634,-3.32606
57.64636,-3.32609
57.64638,-3.32611
57.64638,-3.32612
57.64639,-3.32612
57.64645,-3.32655
57.64654,-3.32712
57.64666,-3.32843
57.64667,-3.32856
57.64677,-3.33008
57.64687,-3.33103
57.6469,-3.33129
57.64692,-3.33162
57.64701,-3.33266
57.64709,-3.33347
57.64712,-3.3339
57.64715,-3.3342
57.64718,-3.33451
57.64719,-3.33483
57.64719,-3.33495
57.64719,-3.33542
57.64717,-3.33594
57.64706,-3.33715
57.64704,-3.33734
57.64703,-3.33765
57.64702,-3.33804
57.64703,-3.33829
57.64704,-3.33861
57.64706,-3.33881
57.64711,-3.3392
57.64724,-3.34003
57.64733,-3.34042
57.64744,-3.3409
57.64783,-3.34242
57.6479,-3.34272
57.64799,-3.34312
57.64811,-3.34371
57.64821,-3.34429
57.64822,-3.34441
57.64825,-3.34461
57.64831,-3.3451
57.64832,-3.34519
57.64833,-3.34532
57.64835,-3.3456
57.64837,-3.34584
57.64838,-3.34608
57.64841,-3.3465
57.64843,-3.34692
57.64843,-3.34797
57.64843,-3.3489
57.64842,-3.34954
57.6484,-3.35003
57.64839,-3.35032
57.64833,-3.35107
57.64817,-3.35227
57.64803,-3.3532
57.64798,-3.35351
57.64792,-3.35398
57.6479,-3.35407
57.64776,-3.35526
57.64767,-3.35615
57.64762,-3.35695
57.64759,-3.35736
57.64748,-3.35897
57.64745,-3.35968
57.64741,-3.36487
57.64739,-3.36591
57.64737,-3.36694
57.64736,-3.36715
57.6473,-3.36945
57.64732,-3.37005
57.64734,-3.37036
57.64735,-3.37057
57.64756,-3.37377
57.64758,-3.37402
57.64773,-3.3767
57.64773,-3.37687
57.64776,-3.37724
57.64778,-3.37747
57.64782,-3.37771
57.64824,-3.37957
57.6483,-3.37997
57.64835,-3.38038
57.64839,-3.38081
57.64845,-3.38193
57.64847,-3.3828
57.64848,-3.38345
57.64845,-3.38562
57.64846,-3.38599
57.64852,-3.38656
57.64868,-3.38751
57.64885,-3.3885
57.64891,-3.38886
57.64893,-3.38902
57.64897,-3.38924
57.64903,-3.38956
57.64908,-3.38989
57.6491,-3.39001
57.64916,-3.39036
57.64992,-3.39483
57.65005,-3.39553
57.65012,-3.39597
57.65025,-3.39669
57.65038,-3.39743
57.6504,-3.39759
57.65047,-3.398
57.65059,-3.39875
57.65067,-3.39941
57.65069,-3.39973
57.65069,-3.40012
57.65069,-3.40054
57.65067,-3.40105
57.65064,-3.40143
57.65062,-3.40172
57.65037,-3.4046
57.65031,-3.40642
57.65019,-3.40822
57.64984,-3.41116
57.64965,-3.41399
57.64957,-3.41516
57.64953,-3.41573
57.64947,-3.41651
57.64947,-3.41658
57.64923,-3.42016
57.64895,-3.42416
57.64887,-3.42488
57.64877,-3.42565
57.64865,-3.42631
57.64854,-3.42683
57.64829,-3.42796
57.64806,-3.42883
57.64781,-3.42986
57.64745,-3.43136
57.64709,-3.43281
57.64706,-3.43294
57.64685,-3.43368
57.64673,-3.43407
57.64629,-3.43545
57.64361,-3.44399
57.64278,-3.44664
57.64257,-3.44733
57.64215,-3.44873
57.64152,-3.45092
57.64106,-3.45244
57.64082,-3.45315
57.64072,-3.45345
57.64044,-3.45432
57.64033,-3.45463
57.64018,-3.4551
57.64012,-3.45533
57.63994,-3.45597
57.63975,-3.4567
57.63944,-3.45779
57.63907,-3.45902
57.63884,-3.45966
57.63833,-3.46094
57.63778,-3.46227
57.6375,-3.46303
57.63738,-3.46339
57.63734,-3.4635
57.63721,-3.46388
57.63719,-3.46395
57.63707,-3.46441
57.63698,-3.46484
57.63691,-3.46524
57.63685,-3.46577
57.63682,-3.46614
57.63681,-3.46698
57.63678,-3.46925
57.63675,-3.46985
57.6367,-3.47039
57.63657,-3.47175
57.63643,-3.47305
57.63619,-3.47531
57.63589,-3.47809
57.63541,-3.48275
57.63519,-3.48496
57.63502,-3.4866
57.63474,-3.49007
57.63461,-3.49117
57.63437,-3.49269
57.63397,-3.49505
57.63371,-3.49665
57.63368,-3.49683
57.63355,-3.49755
57.63351,-3.49777
57.63336,-3.4985
57.63324,-3.49898
57.63302,-3.49979
57.63278,-3.50065
57.63249,-3.50147
57.63205,-3.50262
57.63195,-3.50287
57.63147,-3.50398
57.63139,-3.50416
57.63121,-3.50468
57.63118,-3.50475
57.63094,-3.50545
57.63071,-3.50627
57.63055,-3.50713
57.6302,-3.5088
57.62986,-3.51042
57.62961,-3.51138
57.62938,-3.51215
57.62918,-3.51269
57.62857,-3.51425
57.62773,-3.51607
57.62673,-3.51823
57.62655,-3.51874
57.6264,-3.51928
57.62627,-3.51985
57.62619,-3.52033
57.62597,-3.52194
57.62517,-3.52797
57.62489,-3.53018
57.62449,-3.53264
57.62443,-3.533
57.62436,-3.53336
57.62426,-3.53406
57.62418,-3.53472
57.62411,-3.53541
57.62403,-3.53623
57.62396,-3.5371
57.62395,-3.53723
57.6239,-3.53774
57.62386,-3.5382
57.62378,-3.5392
57.62365,-3.54052
57.62361,-3.54077
57.62346,-3.54164
57.62303,-3.54387
57.62256,-3.54645
57.62219,-3.54892
57.62125,-3.5566
57.62065,-3.56187
57.62055,-3.56273
57.62041,-3.5644
57.62037,-3.56476
57.62032,-3.56512
57.62023,-3.56551
57.62007,-3.56604
57.6199,-3.56659
57.61961,-3.56743
57.61932,-3.56823
57.6192,-3.56838
57.61909,-3.5685
57.61902,-3.5685
57.61896,-3.56855
57.6189,-3.56862
57.61887,-3.56874
57.61885,-3.56887
57.61886,-3.569
57.6189,-3.56914
57.61897,-3.56924
57.61901,-3.56945
57.61903,-3.56975
57.61908,-3.57062
57.61908,-3.57133
57.61904,-3.57202
57.61897,-3.57273
57.61886,-3.57348
57.61873,-3.57428
57.61838,-3.57626
57.61755,-3.58069
57.61742,-3.58149
57.61704,-3.58368
57.61676,-3.58522
57.61651,-3.58672
57.61639,-3.58781
57.61626,-3.5889
57.61619,-3.58966
57.61618,-3.58988
57.6161,-3.59092
57.61606,-3.592
57.61604,-3.59298
57.61604,-3.59398
57.61605,-3.59471
57.61604,-3.5949
57.61601,-3.59502
57.61598,-3.59515
57.61595,-3.5952
57.61592,-3.59527
57.61591,-3.59536
57.61591,-3.59547
57.61593,-3.59556
57.61597,-3.59563
57.61602,-3.59574
57.61605,-3.59589
57.61609,-3.59605
57.61614,-3.59749
57.61619,-3.59895
57.61619,-3.59988
57.61617,-3.60091
57.61613,-3.60169
57.61612,-3.60208
57.61606,-3.60298
57.61603,-3.60331
57.61598,-3.60393
57.61594,-3.60421
57.61588,-3.60482
57.61586,-3.60497
57.61574,-3.60588
57.61561,-3.6067
57.61541,-3.60783
57.61519,-3.60894
57.61509,-3.60937
57.61497,-3.60985
57.61473,-3.61079
57.61438,-3.612
57.61402,-3.61315
57.61392,-3.61343
57.61341,-3.61497
57.61302,-3.61609
57.61265,-3.61709
57.61249,-3.61753
57.61214,-3.61829
57.61212,-3.61833
57.61197,-3.61869
57.61195,-3.61872
57.61144,-3.61993
57.61129,-3.62026
57.61118,-3.62053
57.61104,-3.6209
57.61089,-3.62125
57.61074,-3.62164
57.61013,-3.62329
57.61005,-3.6235
57.60971,-3.62437
57.60967,-3.62449
57.60959,-3.62469
57.60958,-3.62472
57.60933,-3.62539
57.60909,-3.62605
57.60896,-3.62641
57.60872,-3.62707
57.60791,-3.62919
57.60783,-3.62934
57.6078,-3.62938
57.60768,-3.62952
57.60765,-3.62953
57.60761,-3.62955
57.60758,-3.6296
57.60756,-3.62966
57.60754,-3.62973
57.60754,-3.62978
57.60754,-3.6299
57.60753,-3.63001
57.60751,-3.63013
57.60751,-3.63016
57.60749,-3.63031
57.60728,-3.63092
57.60705,-3.63183
57.60688,-3.63265
57.60675,-3.63352
57.60653,-3.63513
57.60631,-3.63658
57.60616,-3.63743
57.60606,-3.63786
57.60596,-3.63814
57.60591,-3.63818
57.60587,-3.63824
57.60584,-3.63833
57.60583,-3.63842
57.60584,-3.63852
57.6058,-3.63879
57.60574,-3.63926
57.60555,-3.63992
57.60537,-3.64055
57.60516,-3.6412
57.60508,-3.64145
57.60495,-3.64183
57.60471,-3.64245
57.6044,-3.64323
57.60387,-3.64467
57.60368,-3.64521
57.60345,-3.64596
57.6027,-3.64853
57.60259,-3.64888
57.60251,-3.64917
57.60217,-3.65031
57.60206,-3.65069
57.60197,-3.65108
57.60189,-3.65153
57.60184,-3.65202
57.60181,-3.65253
57.60181,-3.65295
57.60182,-3.65318
57.60185,-3.65362
57.60193,-3.65418
57.60196,-3.65432
57.60223,-3.6558
57.60234,-3.65645
57.60249,-3.65753
57.60251,-3.658
57.60251,-3.65851
57.60249,-3.65896
57.60245,-3.65941
57.60239,-3.65984
57.6023,-3.66031
57.602,-3.66146
57.60167,-3.66264
57.60166,-3.66269
57.60103,-3.66496
57.59973,-3.66958
57.59945,-3.67051
57.59933,-3.67086
57.59915,-3.67132
57.59838,-3.67307
57.59804,-3.67384
57.59767,-3.67469
57.59743,-3.67534
57.59706,-3.6765
57.59617,-3.67936
57.59612,-3.67957
57.59607,-3.67976
57.59597,-3.68019
57.59589,-3.68065
57.59582,-3.6811
57.59578,-3.68169
57.59575,-3.68241
57.59577,-3.68293
57.59579,-3.68349
57.59585,-3.68433
57.59593,-3.68557
57.59598,-3.6862
57.59598,-3.68693
57.59599,-3.68771
57.59598,-3.68816
57.59596,-3.68863
57.59593,-3.68908
57.59587,-3.68978
57.59577,-3.69049
57.59562,-3.69132
57.59547,-3.69204
57.59528,-3.69276
57.59505,-3.69355
57.59462,-3.69497
57.59445,-3.69557
57.59425,-3.69624
57.59361,-3.69835
57.5934,-3.69909
57.59324,-3.69974
57.59309,-3.70046
57.59303,-3.70082
57.59294,-3.70148
57.59288,-3.70208
57.59283,-3.70285
57.59284,-3.70363
57.59289,-3.705
57.59295,-3.70661
57.59299,-3.70767
57.593,-3.70786
57.59302,-3.70846
57.59304,-3.70915
57.59306,-3.70965
57.59306,-3.71002
57.59305,-3.71042
57.59303,-3.71079
57.59299,-3.71121
57.5929,-3.71177
57.5928,-3.7123
57.5927,-3.71268
57.59256,-3.71314
57.59237,-3.71368
57.59214,-3.71432
57.59178,-3.71514
57.59089,-3.71724
57.59028,-3.71866
57.59001,-3.7193
57.58864,-3.72244
57.58845,-3.72291
57.58811,-3.72379
57.58782,-3.72474
57.58763,-3.72562
57.58751,-3.72625
57.58739,-3.72711
57.5873,-3.72796
57.58701,-3.73058
57.58663,-3.73405
57.5863,-3.73698
57.5856,-3.74358
57.58556,-3.74396
57.58516,-3.74768
57.58487,-3.75028
57.58453,-3.75317
57.58444,-3.75415
57.58435,-3.75474
57.58421,-3.7553
57.58315,-3.75919
57.58286,-3.76022
57.58256,-3.76131
57.58223,-3.76248
57.58198,-3.76339
57.58159,-3.76477
57.58135,-3.7657
57.58118,-3.76644
57.58106,-3.7671
57.58104,-3.76724
57.5809,-3.76799
57.58077,-3.76881
57.58067,-3.76941
57.58059,-3.76988
57.58054,-3.77012
57.58036,-3.77079
57.58014,-3.77157
57.57977,-3.77287
57.57938,-3.77417
57.57872,-3.77634
57.57847,-3.77719
57.57812,-3.77842
57.578,-3.77884
57.57779,-3.77971
57.57761,-3.78053
57.5775,-3.78118
57.57739,-3.78178
57.57727,-3.78254
57.57721,-3.78302
57.57715,-3.78345
57.57709,-3.78407
57.57703,-3.78472
57.5769,-3.78641
57.5769,-3.78652
57.57676,-3.78839
57.57667,-3.78942
57.57663,-3.78989
57.57651,-3.79126
57.57645,-3.79197
57.5764,-3.79265
57.57637,-3.79325
57.57633,-3.79403
57.57631,-3.79542
57.57632,-3.79624
57.57635,-3.79716
57.57642,-3.79814
57.57609,-3.79828
57.57597,-3.7985
57.57577,-3.79913
57.57573,-3.79924
57.57561,-3.79954
57.57527,-3.80035
57.57515,-3.80078
57.57512,-3.80121
57.57515,-3.8016
57.57517,-3.80175
57.57525,-3.80227
57.57536,-3.80295
57.57546,-3.80371
57.57559,-3.80463
57.57567,-3.80544
57.57569,-3.80555
57.57573,-3.80598
57.57576,-3.80637
57.57581,-3.80675
57.57585,-3.80699
57.5759,-3.80728
57.57602,-3.80791
57.57613,-3.80836
57.57622,-3.80886
57.57627,-3.80917
57.5763,-3.80953
57.57628,-3.81219
57.57628,-3.81237
57.57586,-3.81235
57.57559,-3.81231
57.57532,-3.81224
57.57505,-3.81212
57.57455,-3.81184
57.5743,-3.81172
57.5741,-3.81169
57.57391,-3.8117
57.57369,-3.81178
57.57352,-3.81188
57.57334,-3.81203
57.57317,-3.81225
57.57301,-3.81252
57.57292,-3.81268
57.5728,-3.81296
57.57238,-3.81404
57.57195,-3.81513
57.57155,-3.81617
57.571,-3.81781
57.57088,-3.81812
57.57075,-3.81843
57.57061,-3.81868
57.57046,-3.81895
57.56985,-3.82015
57.56949,-3.82106
57.5691,-3.82228
57.56895,-3.82296
57.56889,-3.82361
57.56885,-3.82446
57.56883,-3.82489
57.56876,-3.82728
57.56873,-3.82823
57.56863,-3.82902
57.5685,-3.82972
57.56838,-3.83014
57.56825,-3.83055
57.56804,-3.83109
57.5673,-3.83284
57.56656,-3.83455
57.56633,-3.83568
57.5662,-3.8363
57.56555,-3.84163
57.56532,-3.84238
57.56493,-3.84339
57.56471,-3.84396
57.56338,-3.84747
57.56328,-3.84789
57.56323,-3.84832
57.5632,-3.84863
57.56273,-3.8485
57.56276,-3.84883
57.56276,-3.84901
57.5627,-3.84925
57.56263,-3.84944
57.56239,-3.85003
57.56229,-3.85024
57.56219,-3.85041
57.56194,-3.85069
57.56132,-3.85131
57.56099,-3.85164
57.56088,-3.85175
57.56042,-3.85221
57.56018,-3.85248
57.56004,-3.85272
57.55999,-3.8528
57.55986,-3.85302
57.55968,-3.85333
57.55952,-3.8536
57.55934,-3.85392
57.55868,-3.85509
57.55753,-3.85762
57.55665,-3.85913
57.55476,-3.86232
57.55409,-3.86344
57.55327,-3.86504
57.55298,-3.86584
57.55236,-3.86825
57.55178,-3.87062
57.55174,-3.87075
57.55147,-3.87157
57.55063,-3.8742
57.55016,-3.87553
57.54954,-3.87683
57.54845,-3.87908
57.54812,-3.87982
57.54778,-3.8807
57.54758,-3.88137
57.54668,-3.88437
57.54639,-3.88501
57.54617,-3.88533
57.54521,-3.88674
57.54464,-3.88779
57.54445,-3.88819
57.54299,-3.89118
57.54144,-3.89422
57.54064,-3.89595
57.53958,-3.89867
57.5395,-3.89887
57.53922,-3.89944
57.53863,-3.90039
57.53803,-3.90129
57.5377,-3.90178
57.53653,-3.90354
57.53612,-3.90447
57.536,-3.90486
57.5356,-3.90611
57.53444,-3.91041
57.53404,-3.912
57.53368,-3.91311
57.53345,-3.91368
57.53332,-3.91402
57.53319,-3.9144
57.53308,-3.91488
57.53282,-3.91631
57.53271,-3.91684
57.53259,-3.91725
57.53245,-3.91758
57.53224,-3.91786
57.53166,-3.91844
57.53044,-3.91968
57.53013,-3.92002
57.52987,-3.92037
57.52975,-3.92059
57.52959,-3.9209
57.52933,-3.92154
57.5281,-3.92535
57.52787,-3.92613
57.52779,-3.92644
57.52752,-3.92759
57.52748,-3.92774
57.52738,-3.92816
57.52731,-3.92841
57.52714,-3.92895
57.52692,-3.92943
57.5266,-3.92997
57.52628,-3.9304
57.52595,-3.93088
57.52576,-3.93121
57.52558,-3.93153
57.52543,-3.93192
57.52529,-3.93235
57.52508,-3.93346
57.52494,-3.9344
57.52485,-3.935
57.52468,-3.93611
57.52465,-3.93661
57.52467,-3.93707
57.52477,-3.93896
57.52487,-3.94066
57.52491,-3.94105
57.52495,-3.94144
57.52504,-3.94211
57.52522,-3.94317
57.52539,-3.94427
57.52556,-3.94538
57.52575,-3.94647
57.52581,-3.9469
57.52585,-3.94744
57.52586,-3.9477
57.52586,-3.94821
57.52585,-3.94832
57.52582,-3.94864
57.52574,-3.9491
57.52552,-3.95
57.52485,-3.95251
57.52417,-3.95488
57.52362,-3.95874
57.52356,-3.95914
57.52348,-3.95973
57.52346,-3.96008
57.52358,-3.96041
57.52371,-3.9606
57.52511,-3.96261
57.52531,-3.96303
57.52582,-3.96431
57.52624,-3.96585
57.52639,-3.96639
57.52653,-3.9669
57.52705,-3.96877
57.52754,-3.97054
57.52782,-3.97155
57.52806,-3.97241
57.52877,-3.97505
57.52897,-3.97576
57.52904,-3.97604
57.52908,-3.97624
57.52924,-3.97693
57.52931,-3.97717
57.5294,-3.97739
57.52944,-3.97748
57.52953,-3.97766
57.52972,-3.97797
57.5299,-3.97831
57.52994,-3.97841
57.53081,-3.98008
57.53213,-3.98261
57.5331,-3.98449
57.53319,-3.98466
57.53372,-3.98569
57.53487,-3.9879
57.53548,-3.98907
57.53551,-3.98913
57.53628,-3.99062
57.53746,-3.99288
57.53928,-3.99526
57.54041,-3.99677
57.54061,-3.99699
57.5419,-3.99867
57.54351,-4.00075
57.54393,-4.0013
57.54465,-4.00223
57.54496,-4.00245
57.54518,-4.00276
57.54353,-4.00703
57.543,-4.00843
57.54197,-4.01111
57.54004,-4.01627
57.54002,-4.01629
57.53883,-4.0195
57.53844,-4.02053
57.53815,-4.02126
57.53733,-4.02335
57.53575,-4.02753
57.53554,-4.02822
57.53537,-4.02886
57.53526,-4.02938
57.53517,-4.02986
57.53467,-4.03346
57.53426,-4.03633
57.53398,-4.03817
57.53382,-4.03917
57.53373,-4.0396
57.53363,-4.04
57.53342,-4.04077
57.53324,-4.04133
57.53289,-4.04227
57.53129,-4.04645
57.53089,-4.0475
57.53073,-4.04781
57.53061,-4.04793
57.53054,-4.04792
57.53048,-4.04795
57.53042,-4.04801
57.53038,-4.04811
57.53035,-4.04823
57.53035,-4.04835
57.53036,-4.04848
57.53032,-4.04874
57.5303,-4.04894
57.53002,-4.04969
57.52913,-4.0522
57.52857,-4.05372
57.5284,-4.05418
57.52776,-4.05588
57.52771,-4.05603
57.52737,-4.05692
57.52703,-4.05771
57.52666,-4.05839
57.5262,-4.05907
57.52566,-4.05978
57.52539,-4.06014
57.52487,-4.06078
57.52468,-4.06102
57.52331,-4.06263
57.52289,-4.06319
57.52251,-4.06379
57.52248,-4.06386
57.52237,-4.06406
57.52222,-4.06434
57.5222,-4.06439
57.52194,-4.06501
57.52179,-4.0654
57.52165,-4.0658
57.52149,-4.06627
57.52076,-4.06876
57.52061,-4.06927
57.52052,-4.0696
57.52025,-4.07058
57.52015,-4.07093
57.5197,-4.07246
57.51846,-4.0767
57.51842,-4.07683
57.51757,-4.0798
57.51694,-4.08197
57.51639,-4.08387
57.51573,-4.08614
57.5156,-4.08659
57.51553,-4.08683
57.51492,-4.08885
57.51449,-4.09033
57.51434,-4.0908
57.51375,-4.09269
57.51361,-4.09311
57.51328,-4.09419
57.51235,-4.09709
57.51226,-4.09737
57.51204,-4.09806
57.51203,-4.09808
57.51187,-4.09859
57.5118,-4.09888
57.51175,-4.09911
57.51148,-4.1005
57.51131,-4.10141
57.51099,-4.10305
57.51063,-4.1049
57.51052,-4.10543
57.51045,-4.10572
57.51037,-4.10602
57.51024,-4.10639
57.5101,-4.10676
57.50996,-4.1071
57.50891,-4.10969
57.50804,-4.1117
57.50769,-4.11237
57.50737,-4.1129
57.50702,-4.11341
57.5067,-4.11395
57.50619,-4.1149
57.50543,-4.1165
57.50499,-4.11737
57.50476,-4.11797
57.50448,-4.11888
57.50429,-4.11956
57.50372,-4.12169
57.50329,-4.12322
57.5026,-4.12569
57.50219,-4.12716
57.50206,-4.12772
57.50198,-4.12818
57.50191,-4.12872
57.50158,-4.13164
57.5013,-4.13412
57.50124,-4.13479
57.50116,-4.13615
57.50106,-4.13866
57.50103,-4.13923
57.501,-4.13976
57.50096,-4.14028
57.5009,-4.14079
57.50084,-4.14124
57.50075,-4.14172
57.50065,-4.14215
57.50055,-4.14254
57.50041,-4.14303
57.50028,-4.14345
57.50022,-4.14363
57.5001,-4.14397
57.49993,-4.14439
57.49949,-4.14528
57.49932,-4.14559
57.49929,-4.14564
57.49881,-4.14653
57.49764,-4.14869
57.49648,-4.15084
57.4962,-4.1514
57.49598,-4.15183
57.49596,-4.15188
57.4955,-4.1529
57.49527,-4.15341
57.49507,-4.15383
57.49487,-4.1542
57.49486,-4.15423
57.49449,-4.15485
57.49442,-4.15497
57.49431,-4.15514
57.4932,-4.15695
57.49256,-4.15795
57.49214,-4.15862
57.49182,-4.15921
57.49159,-4.15962
57.49091,-4.16093
57.48991,-4.16298
57.48964,-4.1635
57.48944,-4.16386
57.48923,-4.16422
57.48897,-4.16462
57.48866,-4.16491
57.48858,-4.16495
57.48847,-4.16494
57.48843,-4.16487
57.48838,-4.16483
57.48834,-4.1648
57.4883,-4.16479
57.48825,-4.16478
57.48821,-4.16479
57.48816,-4.16481
57.48812,-4.16484
57.48808,-4.16488
57.48804,-4.16493
57.48801,-4.16499
57.48798,-4.16506
57.48796,-4.16513
57.48795,-4.1652
57.48794,-4.16528
57.48793,-4.16535
57.48793,-4.16542
57.48793,-4.16548
57.48794,-4.16554
57.48795,-4.1656
57.48795,-4.16587
57.48793,-4.16604
57.48789,-4.16623
57.48786,-4.16646
57.48784,-4.16667
57.48768,-4.16719
57.48743,-4.16774
57.48674,-4.16932
57.48619,-4.17086
57.48584,-4.17188
57.48565,-4.17252
57.48545,-4.17324
57.48539,-4.17346
57.48527,-4.17397
57.48513,-4.17455
57.48483,-4.17594
57.48468,-4.17655
57.48465,-4.17665
57.48455,-4.17702
57.48445,-4.17781
57.48441,-4.17809
57.48438,-4.17826
57.48431,-4.17844
57.48419,-4.17864
57.48406,-4.17866
57.48397,-4.17875
57.4839,-4.17889
57.48386,-4.17908
57.48386,-4.17927
57.48388,-4.17934
57.48379,-4.1803
57.4837,-4.18112
57.48356,-4.18224
57.48339,-4.18327
57.48317,-4.18462
57.48294,-4.18597
57.48268,-4.18752
57.48218,-4.1902
57.48215,-4.1904
57.48206,-4.19086
57.48204,-4.19099
57.48201,-4.19107
57.48198,-4.19116
57.48194,-4.19121
57.4819,-4.19127
57.48183,-4.19134
57.4818,-4.19134
57.48164,-4.19143
57.48157,-4.19149
57.48151,-4.19156
57.48149,-4.19159
57.48145,-4.19168
57.48141,-4.19178
57.48139,-4.19191
57.48137,-4.19201
57.48136,-4.19214
57.48135,-4.19231
57.48135,-4.19245
57.48137,-4.19263
57.48143,-4.19305
57.4816,-4.19362
57.4817,-4.19387
57.48179,-4.19401
57.48188,-4.1941
57.48202,-4.19419
57.48209,-4.19419
57.48217,-4.19418
57.48232,-4.19438
57.48241,-4.19452
57.48249,-4.19466
57.48257,-4.19482
57.48281,-4.19542
57.48305,-4.19611
57.48346,-4.19748
57.48385,-4.19875
57.48395,-4.1991
57.48414,-4.19956
57.48461,-4.20099
57.48475,-4.20141
57.48495,-4.20204
57.48541,-4.20331
57.48634,-4.20569
57.48742,-4.20802
57.48817,-4.20951
57.48844,-4.20997
57.48904,-4.21106
57.49033,-4.21311
57.49089,-4.21391
57.49122,-4.21435
57.49132,-4.21452
57.49139,-4.21469
57.49145,-4.21491
57.49144,-4.21503
57.49144,-4.21515
57.49147,-4.21532
57.49153,-4.21546
57.49161,-4.21557
57.4917,-4.21563
57.49178,-4.21563
57.49187,-4.21559
57.49198,-4.21562
57.49211,-4.21565
57.49217,-4.21569
57.49221,-4.21574
57.49226,-4.21581
57.49231,-4.21588
57.49276,-4.21653
57.49352,-4.21765
57.4941,-4.21865
57.49488,-4.22001
57.49593,-4.22225
57.49865,-4.22831
57.50005,-4.23143
57.50121,-4.23417
57.50129,-4.23444
57.5015,-4.23518
57.50166,-4.23594
57.5017,-4.23618
57.5018,-4.23685
57.50186,-4.23759
57.50189,-4.2384
57.50191,-4.23908
57.50193,-4.24004
57.50196,-4.24246
57.50202,-4.24344
57.50209,-4.24429
57.50217,-4.24494
57.50224,-4.24541
57.50239,-4.24634
57.50244,-4.24657
57.50263,-4.24742
57.50275,-4.24793
57.50288,-4.24838
57.50306,-4.24898
57.50324,-4.24949
57.50348,-4.25016
57.50403,-4.25144
57.50457,-4.25264
57.50521,-4.25407
57.50537,-4.25441
57.50605,-4.25593
57.50667,-4.25732
57.50709,-4.25829
57.50754,-4.25957
57.50777,-4.26045
57.50796,-4.26148
57.50811,-4.26248
57.50822,-4.26342
57.5083,-4.26405
57.50835,-4.26457
57.5084,-4.26583
57.50847,-4.26785
57.50852,-4.26867
57.50864,-4.26963
57.50874,-4.27033
57.50889,-4.27116
57.50907,-4.27194
57.50925,-4.27265
57.5094,-4.27324
57.50944,-4.27337
57.50974,-4.27449
57.50996,-4.27542
57.51013,-4.2764
57.51022,-4.27722
57.51027,-4.27788
57.51032,-4.27912
57.51036,-4.2808
57.51041,-4.28177
57.51049,-4.28251
57.51058,-4.28318
57.51072,-4.28398
57.51088,-4.28466
57.51116,-4.28561
57.51146,-4.28644
57.51178,-4.28717
57.51204,-4.28767
57.51355,-4.29017
57.51394,-4.29081
57.51436,-4.2915
57.51469,-4.29215
57.51505,-4.29291
57.51542,-4.29375
57.51579,-4.29472
57.51615,-4.29573
57.51716,-4.29867
57.51788,-4.30086
57.51853,-4.30275
57.51862,-4.30302
57.51906,-4.30432
57.51966,-4.30606
57.52095,-4.30996
57.52153,-4.31169
57.52211,-4.31339
57.52226,-4.31384
57.52286,-4.31562
57.52302,-4.31615
57.52366,-4.31772
57.524,-4.31855
57.52443,-4.31944
57.52527,-4.32102
57.52585,-4.32195
57.52644,-4.32283
57.52691,-4.32345
57.52748,-4.32415
57.52817,-4.32489
57.52893,-4.32562
57.52972,-4.32628
57.53052,-4.32683
57.53103,-4.32713
57.5338,-4.3288
57.53476,-4.32937
57.53523,-4.3297
57.53586,-4.33019
57.53671,-4.33094
57.53698,-4.33121
57.53719,-4.33143
57.53796,-4.33227
57.53853,-4.33301
57.53888,-4.33351
57.5392,-4.33396
57.5397,-4.33472
57.53996,-4.33515
57.54013,-4.33544
57.54023,-4.33565
57.54029,-4.33588
57.54027,-4.33608
57.54027,-4.33628
57.5403,-4.33647
57.54035,-4.33664
57.54043,-4.33678
57.54052,-4.33687
57.54062,-4.33691
57.54072,-4.3369
57.54084,-4.33683
57.54094,-4.3367
57.54114,-4.33662
57.54141,-4.33669
57.54248,-4.33742
57.54402,-4.33843
57.54493,-4.33895
57.54533,-4.33909
57.54603,-4.33926
57.54671,-4.33927
57.54744,-4.33913
57.54827,-4.33873
57.54888,-4.33829
57.54937,-4.33784
57.55031,-4.33702
57.55208,-4.33548
57.55281,-4.335
57.55341,-4.33473
57.55401,-4.33452
57.55474,-4.33434
57.55554,-4.33424
57.55629,-4.33431
57.55709,-4.33446
57.558,-4.33482
57.55899,-4.33539
57.55978,-4.33611
57.56051,-4.3368
57.56111,-4.33755
57.56254,-4.33942
57.56543,-4.34311
57.56562,-4.34335
57.56616,-4.34405
57.56678,-4.34482
57.56932,-4.3481
57.57215,-4.35178
57.57428,-4.35453
57.57519,-4.35557
57.5765,-4.35685
57.57655,-4.3569
57.5777,-4.35787
57.57892,-4.3587
57.57987,-4.35923
57.58033,-4.35949
57.58155,-4.36003
57.58282,-4.36039
57.58288,-4.36041
57.58405,-4.36063
57.58526,-4.36071
57.58648,-4.36067
57.58748,-4.36056
57.58864,-4.36026
57.58969,-4.35989
57.58995,-4.35978
57.59063,-4.35946
57.59414,-4.35781
57.59481,-4.35749
57.59746,-4.3562
57.59862,-4.35555
57.59894,-4.35536
57.60017,-4.35462
57.60129,-4.35393
57.60233,-4.3533
57.60285,-4.35305
57.60343,-4.35282
57.60426,-4.35258
57.60487,-4.35249
57.60531,-4.3525
57.60604,-4.35254
57.6066,-4.35264
57.60726,-4.35278
57.60786,-4.35302
57.60845,-4.3533
57.60895,-4.35366
57.60958,-4.35412
57.61032,-4.35471
57.61091,-4.35526
57.61253,-4.35722
57.6136,-4.35844
57.61402,-4.35888
57.61509,-4.35995
57.61574,-4.36057
57.61641,-4.36116
57.61715,-4.36178
57.6179,-4.36237
57.61924,-4.36331
57.6204,-4.36403
57.62151,-4.36467
57.62287,-4.36534
57.62417,-4.36587
57.62603,-4.36644
57.62725,-4.36682
57.62746,-4.36688
57.62755,-4.36697
57.62757,-4.36699
57.62759,-4.36701
57.6276,-4.36704
57.62763,-4.36709
57.62765,-4.36715
57.62768,-4.36721
57.62768,-4.3673
57.6277,-4.36743
57.62773,-4.36754
57.62776,-4.36764
57.62783,-4.36774
57.62792,-4.36782
57.62804,-4.36783
57.62814,-4.36777
57.62822,-4.36767
57.62837,-4.36745
57.62843,-4.36738
57.62846,-4.36735
57.6285,-4.36732
57.62869,-4.36724
57.62896,-4.36716
57.62902,-4.36713
57.62907,-4.36711
57.62918,-4.36705
57.62975,-4.36669
57.63032,-4.36626
57.63082,-4.36585
57.63105,-4.36564
57.63132,-4.36543
57.63155,-4.3652
57.63163,-4.36511
57.63171,-4.36502
57.63203,-4.36456
57.63264,-4.3638
57.63441,-4.36119
57.63472,-4.36065
57.63563,-4.35908
57.63651,-4.35712
57.63705,-4.35555
57.6381,-4.35334
57.63892,-4.35178
57.63965,-4.35057
57.64053,-4.34937
57.64153,-4.34795
57.64279,-4.34604
57.64353,-4.34507
57.64409,-4.34433
57.64571,-4.34247
57.64684,-4.34141
57.64747,-4.34093
57.64811,-4.34056
57.64817,-4.34053
57.6484,-4.34044
57.64913,-4.34016
57.64975,-4.34006
57.6508,-4.3398
57.65165,-4.33951
57.65188,-4.33942
57.65283,-4.33903
57.65331,-4.3388
57.65466,-4.33798
57.65521,-4.33765
57.65725,-4.33621
57.65931,-4.33412
57.66072,-4.33241
57.66087,-4.33219
57.66104,-4.33193
57.66166,-4.33097
57.66282,-4.32904
57.66393,-4.32686
57.66432,-4.32608
57.66511,-4.32452
57.66547,-4.32373
57.6657,-4.32327
57.66744,-4.32003
57.67002,-4.3154
57.67017,-4.31511
57.67028,-4.3149
57.67228,-4.3111
57.67296,-4.30952
57.67335,-4.30863
57.67441,-4.30613
57.67461,-4.30564
57.67607,-4.30204
57.67644,-4.30124
57.67767,-4.29821
57.67787,-4.29776
57.6792,-4.29469
57.68101,-4.29047
57.68173,-4.28881
57.68224,-4.28747
57.6828,-4.28553
57.68313,-4.28401
57.68329,-4.28309
57.68341,-4.28215
57.6835,-4.28119
57.68357,-4.28019
57.68361,-4.27933
57.68362,-4.27845
57.68362,-4.27841
57.68359,-4.27725
57.68359,-4.27717
57.68357,-4.2765
57.68325,-4.2733
57.68316,-4.27164
57.68312,-4.27096
57.68318,-4.26875
57.68332,-4.26699
57.68351,-4.26546
57.68376,-4.26407
57.68408,-4.26267
57.68457,-4.26114
57.68522,-4.25918
57.68643,-4.25533
57.68654,-4.25497
57.68661,-4.25472
57.68685,-4.25386
57.68702,-4.25324
57.68743,-4.25172
57.68798,-4.24967
57.68855,-4.24716
57.68925,-4.24466
57.69072,-4.24122
57.69131,-4.24007
57.69211,-4.23851
57.693,-4.23701
57.69357,-4.23615
57.69376,-4.23584
57.69451,-4.23462
57.69617,-4.23216
57.69755,-4.2295
57.6983,-4.22779
57.69886,-4.22647
57.70017,-4.22242
57.70125,-4.21766
57.70158,-4.2161
57.70237,-4.21245
57.70279,-4.21103
57.70288,-4.21075
57.7034,-4.20901
57.70435,-4.2062
57.7046,-4.20545
57.70478,-4.20461
57.70511,-4.20309
57.70515,-4.20291
57.70518,-4.20276
57.70547,-4.20143
57.70588,-4.19913
57.70589,-4.1991
57.70607,-4.19807
57.70659,-4.19414
57.70711,-4.19073
57.70715,-4.19044
57.7072,-4.19012
57.70799,-4.18676
57.70882,-4.18394
57.70905,-4.18294
57.70919,-4.18234
57.70966,-4.18033
57.71044,-4.17615
57.71084,-4.17263
57.71149,-4.16907
57.71239,-4.16465
57.71306,-4.16098
57.71317,-4.1604
57.71379,-4.15842
57.71401,-4.15775
57.71553,-4.15412
57.71625,-4.15177
57.71643,-4.15119
57.71712,-4.14894
57.71739,-4.14809
57.71909,-4.14219
57.72179,-4.13526
57.72235,-4.13346
57.72297,-4.13151
57.72367,-4.12931
57.72422,-4.12751
57.72538,-4.12342
57.72696,-4.11744
57.72718,-4.11663
57.7272,-4.11655
57.72756,-4.11519
57.72799,-4.11333
57.7283,-4.11202
57.72882,-4.10999
57.7298,-4.10607
57.73018,-4.10454
57.73046,-4.10357
57.73074,-4.1026
57.73105,-4.10163
57.73136,-4.1007
57.7317,-4.09976
57.73204,-4.09882
57.73255,-4.09752
57.73308,-4.09624
57.73361,-4.09507
57.73365,-4.09499
57.73424,-4.09375
57.73486,-4.09255
57.73622,-4.09017
57.74159,-4.08093
57.74331,-4.07797
57.74357,-4.07752
57.7446,-4.07575
57.74488,-4.07528
57.74515,-4.07483
57.74623,-4.07305
57.74634,-4.07285
57.74744,-4.07101
57.74757,-4.07081
57.74812,-4.06983
57.74828,-4.06953
57.75073,-4.06509
57.75312,-4.06056
57.75338,-4.06009
57.75639,-4.05489
57.75795,-4.05185
57.75832,-4.05112
57.75835,-4.05106
57.75963,-4.04856
57.76157,-4.0445
57.76162,-4.0444
57.76204,-4.04343
57.76448,-4.03786
57.76477,-4.03716
57.76609,-4.03402
57.76777,-4.03018
57.76805,-4.02992
57.7681,-4.02999
57.76821,-4.03006
57.76833,-4.03005
57.76838,-4.03001
57.76894,-4.03035
57.76931,-4.03083
57.76987,-4.0315
57.77035,-4.03196
57.77077,-4.03226
57.77122,-4.03249
57.77166,-4.03271
57.77219,-4.03283
57.77275,-4.03284
57.7734,-4.03273
57.77388,-4.03248
57.77437,-4.0322
57.77467,-4.03195
57.77501,-4.03163
57.77545,-4.03116
57.7759,-4.03054
57.77952,-4.02541
57.77995,-4.02489
57.78046,-4.02438
57.78091,-4.02404
57.78133,-4.02371
57.78176,-4.02351
57.78215,-4.02334
57.78236,-4.02329
57.78305,-4.02315
57.78396,-4.0232
57.78489,-4.02354
57.78602,-4.02418
57.78912,-4.02716
57.79224,-4.03056
57.7934,-4.03191
57.79382,-4.03238
57.79415,-4.0328
57.79483,-4.03368
57.79652,-4.03597
57.79663,-4.03613
57.79698,-4.03664
57.79741,-4.03726
57.79872,-4.03919
57.79919,-4.03987
57.79995,-4.04097
57.80103,-4.04282
57.80136,-4.04351
57.8017,-4.04426
57.80228,-4.04583
57.80251,-4.04656
57.80274,-4.04736
57.80286,-4.04786
57.80306,-4.04872
57.8032,-4.04943
57.80332,-4.05012
57.8034,-4.05066
57.80348,-4.05124
57.80355,-4.05183
57.80361,-4.05242
57.80365,-4.05299
57.80369,-4.05358
57.80377,-4.05476
57.80383,-4.05562
57.80388,-4.05607
57.80392,-4.0565
57.80398,-4.05694
57.80403,-4.05736
57.80415,-4.05809
57.80415,-4.05813
57.80416,-4.0582
57.80428,-4.05883
57.80443,-4.05957
57.8046,-4.06028
57.80477,-4.06093
57.80494,-4.06153
57.80497,-4.06162
57.80514,-4.06219
57.80529,-4.06261
57.80532,-4.06268
57.80547,-4.06311
57.80575,-4.06381
57.80602,-4.06445
57.80633,-4.06508
57.80664,-4.06564
57.80693,-4.0662
57.80723,-4.06672
57.80746,-4.06708
57.80756,-4.06723
57.80788,-4.06768
57.80825,-4.06815
57.80854,-4.06848
57.80875,-4.0687
57.80883,-4.06879
57.80914,-4.06908
57.80944,-4.06935
57.8097,-4.06955
57.81004,-4.06979
57.81035,-4.06998
57.81065,-4.07014
57.81097,-4.07028
57.81129,-4.07041
57.81162,-4.07051
57.81178,-4.07056
57.81195,-4.0706
57.8123,-4.07065
57.81267,-4.07068
57.81289,-4.0707
57.81302,-4.07069
57.81326,-4.07067
57.81426,-4.07052
57.81538,-4.07036
57.8157,-4.07032
57.81597,-4.0703
57.81614,-4.0703
57.81633,-4.07032
57.81654,-4.07034
57.8167,-4.07037
57.81684,-4.07041
57.81701,-4.07046
57.81719,-4.07052
57.81747,-4.07065
57.81763,-4.07073
57.8178,-4.07083
57.8181,-4.07104
57.81829,-4.07119
57.81837,-4.07126
57.81849,-4.07137
57.81866,-4.07153
57.81887,-4.07176
57.81898,-4.07187
57.81908,-4.072
57.81927,-4.07226
57.81966,-4.07279
57.82107,-4.07473
57.82165,-4.07553
57.82222,-4.07632
57.82227,-4.07639
57.82258,-4.0768
57.82276,-4.07702
57.82307,-4.07737
57.82325,-4.07756
57.82347,-4.07776
57.82392,-4.07812
57.82442,-4.07855
57.82491,-4.07894
57.82653,-4.08025
57.82675,-4.08043
57.82688,-4.08056
57.82723,-4.08091
57.82747,-4.08117
57.82773,-4.08151
57.82796,-4.08186
57.82817,-4.08222
57.82833,-4.0825
57.82846,-4.08276
57.82858,-4.08304
57.82871,-4.08335
57.82881,-4.08361
57.82889,-4.08384
57.82903,-4.08429
57.8291,-4.08451
57.82918,-4.08478
57.82932,-4.08537
57.82957,-4.08666
57.83004,-4.08923
57.83027,-4.09047
57.83042,-4.09126
57.83057,-4.09209
57.83064,-4.09257
57.83071,-4.09308
57.83075,-4.09354
57.83079,-4.09407
57.83082,-4.09459
57.83084,-4.09509
57.83087,-4.09661
57.83094,-4.09948
57.83101,-4.10249
57.83101,-4.1032
57.83099,-4.10391
57.83093,-4.10508
57.83089,-4.1054
57.83085,-4.10557
57.83075,-4.10571
57.83068,-4.10581
57.83063,-4.10594
57.8306,-4.1061
57.8306,-4.10627
57.83063,-4.10643
57.83066,-4.10651
57.8307,-4.10658
57.83075,-4.10663
57.8308,-4.10667
57.83091,-4.10669
57.83094,-4.10668
57.83102,-4.10661
57.83115,-4.10653
57.83122,-4.10653
57.83128,-4.10654
57.83136,-4.10657
57.83168,-4.10686
57.83189,-4.10703
57.832,-4.10714
57.83253,-4.10764
57.83292,-4.10799
57.83334,-4.10836
57.83367,-4.10864
57.83401,-4.1089
57.83436,-4.10914
57.83473,-4.10937
57.83501,-4.1095
57.83532,-4.10965
57.83578,-4.10979
57.83623,-4.1099
57.83686,-4.11
57.83749,-4.11008
57.83876,-4.11022
57.83976,-4.11033
57.84062,-4.11044
57.84069,-4.11045
57.8411,-4.11049
57.84229,-4.11064
57.84591,-4.11106
57.84673,-4.11117
57.84742,-4.11125
57.84895,-4.11143
57.84956,-4.1115
57.85125,-4.11169
57.85356,-4.11179
57.85661,-4.11174
57.8591,-4.11181
57.85948,-4.11182
57.86105,-4.11198
57.86175,-4.11205
57.86255,-4.11216
57.86522,-4.11266
57.86708,-4.11314
57.86785,-4.11321
57.86844,-4.11317
57.86893,-4.11302
57.8702,-4.1125
57.87324,-4.11108
57.87324,-4.11108
57.87429,-4.11057
57.87494,-4.11016
57.8754,-4.1098
57.87581,-4.10939
57.87606,-4.10907
57.87649,-4.10853
57.87711,-4.10767
57.87757,-4.10683
57.87784,-4.1062
57.87818,-4.1053
57.87851,-4.10434
57.87997,-4.09968
57.88073,-4.09726
57.8814,-4.09497
57.88159,-4.09436
57.8817,-4.09405
57.8818,-4.09381
57.88224,-4.0928
57.88311,-4.09083
57.88339,-4.09021
57.88366,-4.08957
57.88416,-4.08812
57.88462,-4.08636
57.88538,-4.08245
57.88544,-4.08215
57.88565,-4.08118
57.88585,-4.08044
57.88604,-4.0799
57.88632,-4.07939
57.88654,-4.07908
57.88699,-4.07868
57.88737,-4.07854
57.88791,-4.07854
57.88908,-4.07858
57.88992,-4.0786
57.89042,-4.07863
57.89143,-4.0787
57.89386,-4.07888
57.89405,-4.07885
57.89421,-4.07877
57.89434,-4.07867
57.89453,-4.07845
57.89474,-4.07811
57.89507,-4.07756
57.89671,-4.07471
57.89706,-4.07411
57.89713,-4.074
57.89808,-4.07237
57.89999,-4.06905
57.90136,-4.06665
57.90231,-4.06499
57.9052,-4.05995
57.90656,-4.05835
57.90755,-4.05721
57.90847,-4.05635
57.9089,-4.05627
57.90905,-4.05625
57.90929,-4.05626
57.90946,-4.05627
57.90997,-4.0565
57.91119,-4.05705
57.91214,-4.0577
57.91325,-4.05845
57.91358,-4.05874
57.9146,-4.05961
57.91477,-4.05969
57.91704,-4.06083
57.91744,-4.06114
57.91849,-4.06196
57.9191,-4.06248
57.91957,-4.063
57.92119,-4.06497
57.92163,-4.06598
57.92424,-4.07423
57.92458,-4.07505
57.92482,-4.07551
57.92527,-4.07614
57.92537,-4.07623
57.92581,-4.07663
57.92621,-4.07683
57.92681,-4.07691
57.92733,-4.07675
57.92788,-4.07645
57.92833,-4.07608
57.92982,-4.07487
57.93022,-4.07463
57.93134,-4.07448
57.93199,-4.07475
57.93251,-4.07521
57.93315,-4.07607
57.93375,-4.07725
57.93492,-4.07981
57.9363,-4.08298
57.93671,-4.08389
57.93688,-4.0841
57.93706,-4.08425
57.93731,-4.08432
57.93755,-4.08428
57.93797,-4.0841
57.93838,-4.08385
57.9386,-4.08375
57.93881,-4.08374
57.93963,-4.08392
57.93978,-4.08389
57.93993,-4.08381
57.94012,-4.08355
57.94027,-4.08312
57.9404,-4.08236
57.94049,-4.08143
57.94064,-4.08069
57.94074,-4.08003
57.94083,-4.07929
57.94089,-4.07882
57.94093,-4.07872
57.94109,-4.07837
57.94124,-4.07817
57.94159,-4.07792
57.94237,-4.07756
57.94277,-4.0774
57.94317,-4.07736
57.94352,-4.07743
57.94386,-4.07756
57.94416,-4.07783
57.94438,-4.07811
57.94458,-4.07854
57.9456,-4.08217
57.94595,-4.08324
57.94616,-4.08362
57.94638,-4.08393
57.94681,-4.08422
57.94722,-4.08432
57.9475,-4.08433
57.94794,-4.08435
57.94876,-4.08426
57.94956,-4.08417
57.9499,-4.08405
57.95028,-4.08376
57.95053,-4.08349
57.95075,-4.0832
57.9512,-4.08246
57.95134,-4.0822
57.9514,-4.08209
57.95191,-4.08095
57.95441,-4.07536
57.9549,-4.07419
57.95553,-4.07234
57.95583,-4.07149
57.95601,-4.07095
57.95619,-4.07038
57.95643,-4.06962
57.95663,-4.069
57.957,-4.06791
57.95716,-4.06745
57.9573,-4.06706
57.95734,-4.06693
57.95738,-4.06682
57.95748,-4.06657
57.95852,-4.06348
57.95861,-4.06317
57.95889,-4.06218
57.95921,-4.06082
57.96118,-4.05232
57.96124,-4.05175
57.96126,-4.05114
57.96119,-4.04539
57.96119,-4.04363
57.96118,-4.04103
57.96118,-4.03947
57.96119,-4.03891
57.96119,-4.03779
57.96126,-4.03409
57.96127,-4.03372
57.96131,-4.03296
57.96137,-4.03193
57.96152,-4.03019
57.96172,-4.02847
57.96181,-4.02792
57.96199,-4.02686
57.96238,-4.02541
57.96317,-4.02279
57.96359,-4.02142
57.9641,-4.01982
57.96452,-4.01845
57.9647,-4.01784
57.96488,-4.01724
57.9649,-4.01717
57.96491,-4.0171
57.96542,-4.01449
57.96589,-4.01214
57.96605,-4.01126
57.96646,-4.00904
57.96672,-4.00765
57.96698,-4.0062
57.96718,-4.00528
57.9672,-4.00519
57.96751,-4.00407
57.96783,-4.00297
57.96802,-4.00238
57.96851,-4.00076
57.96893,-3.99909
57.9692,-3.99798
57.96927,-3.99771
57.96935,-3.99741
57.96943,-3.99714
57.96946,-3.99705
57.96948,-3.99696
57.96952,-3.99685
57.9696,-3.99654
57.96971,-3.99615
57.97012,-3.99471
57.97053,-3.99289
57.97054,-3.99284
57.97096,-3.99092
57.97107,-3.99043
57.97113,-3.99016
57.97125,-3.9896
57.97136,-3.9891
57.97143,-3.98876
57.97158,-3.98812
57.97179,-3.9871
57.97191,-3.98661
57.97217,-3.98544
57.97226,-3.98519
57.97232,-3.98495
57.97242,-3.98453
57.97248,-3.9842
57.97252,-3.98393
57.97252,-3.98366
57.97248,-3.98337
57.9723,-3.9828
57.97217,-3.98249
57.97187,-3.98086
57.97182,-3.98033
57.97182,-3.98025
57.97183,-3.9801
57.97191,-3.97975
57.97209,-3.97927
57.97217,-3.97907
57.9725,-3.97832
57.97264,-3.97801
57.97269,-3.9779
57.97275,-3.97776
57.97302,-3.97713
57.97323,-3.97664
57.9735,-3.97597
57.97355,-3.97582
57.97369,-3.97543
57.97377,-3.97519
57.9739,-3.9748
57.97486,-3.97214
57.9749,-3.97198
57.97503,-3.97149
57.97512,-3.97106
57.97524,-3.97044
57.97537,-3.96973
57.97544,-3.96936
57.97553,-3.96893
57.97563,-3.96831
57.97565,-3.96817
57.97568,-3.96784
57.97572,-3.96737
57.97574,-3.96709
57.97576,-3.96664
57.97583,-3.96632
57.97591,-3.96617
57.97639,-3.96571
57.97666,-3.96549
57.97745,-3.96472
57.97782,-3.96432
57.97805,-3.96405
57.97836,-3.96364
57.97854,-3.96338
57.97864,-3.96323
57.97875,-3.96294
57.9788,-3.96276
57.97892,-3.96214
57.97898,-3.9618
57.97908,-3.9613
57.97913,-3.961
57.97921,-3.96056
57.9795,-3.95898
57.97961,-3.95863
57.97972,-3.95831
57.97985,-3.958
57.97999,-3.95776
57.98014,-3.95755
57.98028,-3.95737
57.98047,-3.95722
57.98067,-3.95709
57.98089,-3.95698
57.98112,-3.95692
57.98136,-3.9569
57.98178,-3.95689
57.98211,-3.9569
57.98245,-3.95683
57.9828,-3.9566
57.98306,-3.95628
57.98347,-3.95537
57.98435,-3.95348
57.98463,-3.95257
57.98483,-3.95149
57.9855,-3.94771
57.98611,-3.94445
57.98655,-3.94203
57.98679,-3.94071
57.98687,-3.93972
57.98703,-3.93628
57.98779,-3.91895
57.98781,-3.9179
57.9878,-3.91713
57.98768,-3.91514
57.9876,-3.91379
57.9876,-3.91308
57.9876,-3.91273
57.98766,-3.91189
57.98774,-3.91109
57.98799,-3.90959
57.98811,-3.90893
57.98822,-3.90809
57.98831,-3.9072
57.98836,-3.90626
57.9884,-3.90318
57.98846,-3.90097
57.98852,-3.89993
57.98855,-3.89967
57.98862,-3.8991
57.98878,-3.89828
57.98897,-3.89762
57.98915,-3.89712
57.98941,-3.89653
57.98975,-3.8959
57.99008,-3.89544
57.99046,-3.89501
57.99113,-3.89435
57.99164,-3.89388
57.99216,-3.8934
57.99273,-3.89282
57.99413,-3.89114
57.9957,-3.8892
57.99691,-3.88819
57.9973,-3.88786
57.99809,-3.88718
57.99831,-3.88699
57.99903,-3.88638
57.99917,-3.88625
57.9993,-3.88612
57.99944,-3.88593
57.9996,-3.88564
57.99973,-3.88528
57.99979,-3.88512
57.99987,-3.88486
58.00034,-3.88327
58.00053,-3.88263
58.00103,-3.88082
58.00109,-3.88061
58.00159,-3.87874
58.00164,-3.87854
58.00207,-3.87687
58.0027,-3.87442
58.00308,-3.87287
58.00356,-3.87095
58.0038,-3.87002
58.00403,-3.86901
58.00442,-3.86708
58.00448,-3.86683
58.00471,-3.86607
58.00493,-3.86552
58.00517,-3.86502
58.00549,-3.86457
58.00593,-3.86404
58.00667,-3.86337
58.00789,-3.86222
58.00811,-3.86201
58.00885,-3.86132
58.00908,-3.86113
58.0091,-3.86111
58.00923,-3.861
58.00979,-3.86051
58.01021,-3.86
58.01037,-3.85972
58.01051,-3.85939
58.01061,-3.85907
58.01071,-3.85866
58.0109,-3.85771
58.01097,-3.85722
58.01105,-3.8565
58.01109,-3.85605
58.01114,-3.85531
58.01117,-3.8551
58.0112,-3.85488
58.01125,-3.85458
58.01139,-3.85387
58.01142,-3.85367
58.01146,-3.8535
58.01151,-3.85337
58.01157,-3.85325
58.0116,-3.8532
58.01163,-3.85316
58.0117,-3.85306
58.01179,-3.85299
58.01186,-3.85298
58.01196,-3.85297
58.01254,-3.85313
58.01275,-3.85317
58.01298,-3.85325
58.01306,-3.85328
58.01348,-3.85342
58.0138,-3.85354
58.01431,-3.85372
58.01456,-3.85381
58.01462,-3.85383
58.01549,-3.85414
58.01596,-3.85433
58.01636,-3.8545
58.01681,-3.85467
58.01739,-3.8549
58.01765,-3.855
58.01789,-3.8551
58.01819,-3.85522
58.01839,-3.85531
58.01876,-3.85545
58.0196,-3.8558
58.02093,-3.85635
58.02338,-3.85733
58.02366,-3.85748
58.02377,-3.8575
58.02408,-3.85742
58.02428,-3.85733
58.02432,-3.85731
58.02473,-3.85694
58.02588,-3.85574
58.02723,-3.85432
58.0281,-3.85334
58.02838,-3.85289
58.02866,-3.85233
58.0294,-3.85061
58.02972,-3.84983
58.03052,-3.8477
58.03056,-3.84763
58.03103,-3.8465
58.03164,-3.84541
58.03319,-3.84263
58.0334,-3.84227
58.03393,-3.84133
58.03478,-3.83981
58.03524,-3.83912
58.03585,-3.83848
58.03635,-3.83811
58.03657,-3.83789
58.03678,-3.83755
58.03698,-3.83707
58.03713,-3.83673
58.03744,-3.83602
58.03767,-3.83557
58.03806,-3.83496
58.0391,-3.83383
58.03942,-3.83349
58.04002,-3.83275
58.04047,-3.83206
58.0409,-3.83135
58.04162,-3.82971
58.04167,-3.82959
58.04192,-3.82904
58.04274,-3.82713
58.04275,-3.82711
58.04304,-3.82645
58.04338,-3.8257
58.04373,-3.82499
58.04429,-3.82415
58.04466,-3.82352
58.04501,-3.82282
58.04516,-3.82247
58.04526,-3.82225
58.04534,-3.82205
58.04573,-3.82134
58.04623,-3.82057
58.04678,-3.81987
58.04736,-3.81924
58.04797,-3.81877
58.048,-3.81874
58.04969,-3.81754
58.05023,-3.81713
58.05025,-3.81712
58.05079,-3.81664
58.05231,-3.81518
58.05253,-3.8149
58.05293,-3.81413
58.05408,-3.81213
58.05435,-3.81171
58.05464,-3.81132
58.05563,-3.81022
58.05694,-3.80915
58.05739,-3.8087
58.05782,-3.80821
58.05808,-3.8079
58.05834,-3.80753
58.05859,-3.80713
58.05908,-3.80638
58.06037,-3.80452
58.06141,-3.80294
58.06186,-3.80213
58.06232,-3.80132
58.06321,-3.79969
58.0635,-3.79916
58.06385,-3.7985
58.06453,-3.79742
58.06517,-3.79669
58.06525,-3.7966
58.06603,-3.79589
58.06659,-3.79539
58.06714,-3.79479
58.06753,-3.79426
58.06792,-3.79364
58.06851,-3.79266
58.0686,-3.7925
58.06939,-3.79103
58.06965,-3.79038
58.06985,-3.78974
58.06994,-3.7894
58.07003,-3.78877
58.0701,-3.78782
58.07006,-3.78462
58.07007,-3.78321
58.07008,-3.78169
58.07011,-3.78098
58.07022,-3.78005
58.07042,-3.77911
58.07071,-3.77822
58.07109,-3.77745
58.07193,-3.77579
58.07201,-3.77563
58.0722,-3.7753
58.07242,-3.775
58.07287,-3.77442
58.07318,-3.77403
58.07326,-3.77394
58.07358,-3.77344
58.07388,-3.77283
58.07402,-3.77248
58.07409,-3.7723
58.07416,-3.77208
58.07434,-3.77144
58.07455,-3.77052
58.07478,-3.76948
58.0758,-3.76567
58.07629,-3.76389
58.07659,-3.76275
58.0767,-3.76226
58.07676,-3.76183
58.0769,-3.76031
58.07695,-3.76003
58.07706,-3.75969
58.07747,-3.75858
58.07786,-3.75747
58.07812,-3.75663
58.07841,-3.75591
58.07869,-3.75535
58.079,-3.75482
58.07922,-3.75447
58.07941,-3.7541
58.07956,-3.75364
58.08005,-3.75138
58.08023,-3.75052
58.08062,-3.74892
58.08109,-3.74681
58.0813,-3.74628
58.08135,-3.74616
58.08181,-3.74508
58.08207,-3.74457
58.08236,-3.74416
58.08258,-3.7437
58.08278,-3.74312
58.08314,-3.7419
58.08345,-3.74052
58.08377,-3.73942
58.08408,-3.73857
58.08449,-3.7374
58.08502,-3.73587
58.08528,-3.73497
58.08552,-3.73398
58.08556,-3.73377
58.0858,-3.7327
58.08589,-3.7321
58.08595,-3.73152
58.08615,-3.72943
58.08642,-3.72788
58.08677,-3.72619
58.08702,-3.72471
58.08725,-3.72291
58.08748,-3.72142
58.08753,-3.72114
58.08782,-3.71988
58.08803,-3.71894
58.08827,-3.71803
58.08845,-3.71745
58.08853,-3.71719
58.08856,-3.71712
58.08893,-3.71606
58.08929,-3.7152
58.08954,-3.71463
58.08969,-3.7143
58.09007,-3.71344
58.09037,-3.71275
58.0906,-3.71221
58.09116,-3.71096
58.09152,-3.71029
58.09171,-3.70998
58.0919,-3.70965
58.09225,-3.70921
58.0926,-3.70879
58.09353,-3.70776
58.09385,-3.70735
58.09413,-3.70684
58.09446,-3.70602
58.09455,-3.7057
58.09468,-3.70523
58.09506,-3.70372
58.09543,-3.70206
58.09582,-3.7
58.09621,-3.69837
58.09693,-3.69585
58.09726,-3.6946
58.09755,-3.69329
58.09781,-3.69195
58.09811,-3.69022
58.09826,-3.6892
58.09851,-3.68756
58.09851,-3.68752
58.0986,-3.68697
58.09869,-3.68629
58.09874,-3.68596
58.09884,-3.68525
58.09886,-3.68511
58.09897,-3.68437
58.09907,-3.68357
58.09913,-3.6832
58.09916,-3.68304
58.09921,-3.68284
58.09928,-3.68265
58.09944,-3.68229
58.09971,-3.68186
58.09987,-3.68143
58.10011,-3.68052
58.10019,-3.68027
58.1003,-3.67995
58.10046,-3.6795
58.10065,-3.67878
58.10077,-3.67827
58.10085,-3.67765
58.10095,-3.67706
58.10102,-3.67676
58.10118,-3.67622
58.10124,-3.67601
58.10131,-3.67578
58.10139,-3.67547
58.1015,-3.67501
58.10165,-3.67424
58.10171,-3.67394
58.10177,-3.67373
58.10184,-3.67355
58.10204,-3.67306
58.10231,-3.67266
58.10259,-3.67227
58.10284,-3.67199
58.10309,-3.67174
58.10367,-3.67125
58.10448,-3.67054
58.10477,-3.67029
58.10586,-3.66926
58.10665,-3.66849
58.10692,-3.66828
58.10725,-3.66805
58.10745,-3.66788
58.10757,-3.66775
58.10772,-3.66756
58.10792,-3.66727
58.10809,-3.667
58.10825,-3.66673
58.10856,-3.66616
58.10887,-3.66556
58.1096,-3.66417
58.11014,-3.66317
58.11036,-3.6628
58.11056,-3.66252
58.11073,-3.66231
58.11101,-3.662
58.11122,-3.66179
58.11152,-3.66156
58.11214,-3.66114
58.11245,-3.6609
58.11265,-3.66073
58.11282,-3.66054
58.11295,-3.66038
58.11308,-3.66021
58.11318,-3.66007
58.1133,-3.65989
58.11344,-3.65964
58.11359,-3.65935
58.11373,-3.65902
58.11379,-3.65884
58.11387,-3.65867
58.11395,-3.65838
58.11408,-3.65793
58.11423,-3.65723
58.11434,-3.65642
58.11435,-3.65635
58.11437,-3.65625
58.1145,-3.65502
58.11457,-3.65451
58.11465,-3.65401
58.11482,-3.65324
58.11491,-3.65285
58.11499,-3.6526
58.11508,-3.65235
58.11517,-3.65211
58.11526,-3.6519
58.11536,-3.65171
58.1155,-3.65146
58.1156,-3.6513
58.11577,-3.65109
58.11604,-3.65076
58.11618,-3.6506
58.11631,-3.65096
58.11632,-3.65105
58.11633,-3.65115
58.11633,-3.65125
58.11634,-3.65152
58.11635,-3.65163
58.11637,-3.65171
58.11654,-3.65219
58.11684,-3.65307
58.117,-3.65358
58.11702,-3.65367
58.11703,-3.65377
58.11704,-3.65384
58.11704,-3.65397
58.11714,-3.65401
58.11717,-3.65404
58.11721,-3.65404
58.11731,-3.65401
58.11762,-3.65395
58.11777,-3.65394
58.11786,-3.65394
58.11794,-3.65394
58.11801,-3.65395
58.11841,-3.65406
58.11868,-3.65416
58.11879,-3.6542
58.11889,-3.65423
58.11895,-3.65428
58.11901,-3.65434
58.11907,-3.65443
58.11913,-3.65458
58.11929,-3.6551
58.11948,-3.65565
58.11967,-3.65608
58.12008,-3.65687
58.1203,-3.65733
58.12051,-3.65774
58.12068,-3.65803
58.12096,-3.6585
58.12139,-3.65917
58.12191,-3.65996
58.12217,-3.66029
58.12235,-3.66049
58.12246,-3.66059
58.12257,-3.66067
58.12296,-3.66089
58.1234,-3.66115
58.12361,-3.66125
58.12382,-3.66135
58.12406,-3.66144
58.12418,-3.66148
58.12432,-3.66151
58.12469,-3.66153
58.12511,-3.66151
58.12612,-3.66141
58.12712,-3.66134
58.12747,-3.66131
58.12761,-3.66131
58.12776,-3.66137
58.12828,-3.66157
58.12869,-3.66168
58.12913,-3.66179
58.12955,-3.66186
58.12969,-3.66187
58.13013,-3.66192
58.1303,-3.66195
58.13044,-3.66193
58.13059,-3.66188
58.13077,-3.66185
58.13122,-3.66179
58.13138,-3.66181
58.13164,-3.66187
58.13247,-3.66206
58.13289,-3.66212
58.13331,-3.66222
58.13345,-3.66226
58.13375,-3.6624
58.13403,-3.66257
58.13425,-3.66274
58.1344,-3.66289
58.13455,-3.66305
58.13468,-3.66322
58.13472,-3.66328
58.13477,-3.66338
58.13486,-3.6636
58.13495,-3.66379
58.13503,-3.66399
58.13511,-3.66416
58.13519,-3.66429
58.13528,-3.6644
58.13533,-3.66445
58.13539,-3.66449
58.13546,-3.66453
58.13557,-3.6646
58.1357,-3.66471
58.13577,-3.66482
58.13587,-3.66502
58.1361,-3.66564
58.13622,-3.666
58.13628,-3.66626
58.13632,-3.66648
58.13635,-3.6667
58.13636,-3.66693
58.13637,-3.66719
58.13635,-3.66754
58.13635,-3.66788
58.13637,-3.66874
58.13642,-3.66998
58.13646,-3.67139
58.1365,-3.67228
58.13653,-3.67261
58.13654,-3.6728
58.1366,-3.67367
58.13663,-3.67403
58.13662,-3.67429
58.1366,-3.67451
58.13652,-3.67482
58.13643,-3.67513
58.13633,-3.67543
58.13621,-3.67581
58.13614,-3.67606
58.13608,-3.67632
58.13594,-3.67699
58.13582,-3.67764
58.1358,-3.67783
58.1358,-3.67799
58.13579,-3.67829
58.13581,-3.67863
58.13583,-3.67889
58.13585,-3.67915
58.13591,-3.67964
58.13597,-3.68016
58.13622,-3.6818
58.13638,-3.68276
58.1365,-3.68339
58.13669,-3.68416
58.13723,-3.68639
58.13746,-3.68725
58.13769,-3.68807
58.13798,-3.68896
58.13813,-3.68935
58.13822,-3.68955
58.13838,-3.68992
58.13868,-3.69062
58.13887,-3.69112
58.13914,-3.69191
58.13963,-3.69354
58.14001,-3.69491
58.14049,-3.69681
58.14075,-3.69785
58.14084,-3.69826
58.14091,-3.69858
58.14096,-3.69883
58.14168,-3.70288
58.14183,-3.70369
58.14193,-3.70411
58.14207,-3.70469
58.14219,-3.70518
58.14228,-3.70556
58.14235,-3.70598
58.1424,-3.70623
58.14245,-3.70646
58.14254,-3.7068
58.14267,-3.70732
58.14277,-3.70778
58.14287,-3.70816
58.14295,-3.70853
58.143,-3.70881
58.14306,-3.70913
58.14319,-3.70966
58.14329,-3.71016
58.14337,-3.71063
58.14349,-3.71144
58.14363,-3.7123
58.14378,-3.71298
58.14392,-3.71355
58.14422,-3.71466
58.14444,-3.71545
58.14451,-3.71579
58.14455,-3.71599
58.14459,-3.71626
58.14464,-3.71652
58.14468,-3.71666
58.14473,-3.7168
58.14482,-3.71705
58.14491,-3.71727
58.14495,-3.71742
58.14498,-3.71753
58.14499,-3.71763
58.14501,-3.71776
58.14502,-3.71788
58.14503,-3.71816
58.14501,-3.7183
58.14498,-3.71844
58.14494,-3.71856
58.14479,-3.71906
58.14452,-3.71994
58.14447,-3.72023
58.14445,-3.72032
58.14445,-3.72041
58.14446,-3.72057
58.1445,-3.72088
58.14459,-3.72172
58.1446,-3.7219
58.1446,-3.72207
58.14459,-3.72223
58.14459,-3.72229
58.14455,-3.7227
58.14442,-3.72389
58.14435,-3.72438
58.14429,-3.72469
58.14423,-3.72498
58.1442,-3.72518
58.14418,-3.72529
58.14417,-3.7254
58.14416,-3.72553
58.14415,-3.72566
58.14416,-3.72582
58.14417,-3.72609
58.1442,-3.7264
58.1442,-3.72649
58.14424,-3.72707
58.14427,-3.72819
58.14411,-3.72977
58.144,-3.73089
58.14398,-3.73126
58.14398,-3.73153
58.144,-3.73186
58.14415,-3.73312
58.14423,-3.7338
58.14426,-3.7344
58.14429,-3.73498
58.14439,-3.73628
58.14443,-3.73669
58.14448,-3.7371
58.14459,-3.73778
58.14469,-3.73836
58.14476,-3.73888
58.14485,-3.73943
58.14495,-3.73997
58.14503,-3.74034
58.14509,-3.74065
58.14513,-3.74088
58.14516,-3.74113
58.14518,-3.74137
58.14518,-3.74174
58.14516,-3.74236
58.14514,-3.74283
58.14514,-3.74341
58.14517,-3.74382
58.14524,-3.74431
58.14537,-3.74511
58.14552,-3.74595
58.14564,-3.74669
58.14566,-3.74688
58.14567,-3.7471
58.14567,-3.74739
58.14565,-3.7477
58.14557,-3.74858
58.14547,-3.74984
58.14561,-3.7517
58.14562,-3.7519
58.14564,-3.75224
58.14564,-3.75238
58.14564,-3.7524
58.14564,-3.75256
58.14565,-3.75261
58.14565,-3.75289
58.14564,-3.75312
58.14562,-3.7534
58.14559,-3.75368
58.14555,-3.75402
58.14532,-3.75589
58.14525,-3.75654
58.1452,-3.75712
58.14519,-3.75758
58.14518,-3.75791
58.14519,-3.76002
58.14521,-3.7607
58.14521,-3.76106
58.14519,-3.76137
58.14515,-3.7617
58.1451,-3.76213
58.14506,-3.7625
58.14503,-3.76294
58.1449,-3.7652
58.14487,-3.76566
58.14485,-3.76585
58.14483,-3.76605
58.14476,-3.76655
58.14466,-3.76723
58.14433,-3.76934
58.14408,-3.77115
58.14404,-3.7715
58.14385,-3.77306
58.14356,-3.77648
58.14354,-3.77674
58.14355,-3.77693
58.14359,-3.77728
58.14367,-3.77802
58.14384,-3.78063
58.14392,-3.78231
58.14396,-3.78274
58.144,-3.78311
58.14408,-3.78359
58.14468,-3.78669
58.14493,-3.78729
58.14563,-3.79
58.14622,-3.79363
58.14706,-3.79946
58.14741,-3.80328
58.14783,-3.80518
58.14803,-3.8077
58.14846,-3.8094
58.14847,-3.80958
58.14864,-3.81114
58.14911,-3.81319
58.14911,-3.81396
58.14947,-3.81606
58.14948,-3.81655
58.14994,-3.81896
58.15012,-3.81971
58.1502,-3.81993
58.15026,-3.82011
58.15046,-3.82041
58.15262,-3.82407
58.15328,-3.82575
58.15423,-3.82749
58.15541,-3.8307
58.15578,-3.83169
58.15689,-3.83586
58.15738,-3.83751
58.15754,-3.83832
58.15767,-3.83884
58.15778,-3.83922
58.15787,-3.83954
58.15796,-3.83978
58.15818,-3.84016
58.15831,-3.84044
58.15843,-3.84073
58.15854,-3.84103
58.15874,-3.84169
58.15918,-3.843
58.15935,-3.84346
58.15973,-3.84427
58.16009,-3.84508
58.16089,-3.84706
58.16101,-3.84726
58.16114,-3.8474
58.16168,-3.84775
58.16177,-3.84781
58.16192,-3.84794
58.16204,-3.84809
58.16211,-3.84824
58.16238,-3.84896
58.1626,-3.84955
58.16269,-3.84973
58.16279,-3.84988
58.16288,-3.84996
58.16301,-3.85006
58.16394,-3.85059
58.1643,-3.8508
58.16445,-3.85082
58.16459,-3.85084
58.16477,-3.8509
58.16492,-3.85096
58.16564,-3.85149
58.16589,-3.85164
58.16608,-3.85174
58.16624,-3.8518
58.16637,-3.85183
58.1665,-3.85183
58.16664,-3.85182
58.16677,-3.85178
58.16685,-3.85175
58.16692,-3.8517
58.16701,-3.85162
58.16709,-3.85153
58.16719,-3.85138
58.16728,-3.8512
58.16746,-3.85094
58.16752,-3.85088
58.16757,-3.85087
58.16763,-3.85087
58.16767,-3.8509
58.1677,-3.85093
58.16773,-3.85098
58.16775,-3.85104
58.16779,-3.85117
58.16779,-3.85134
58.16777,-3.85148
58.16776,-3.85161
58.16775,-3.85178
58.16775,-3.85192
58.16776,-3.85203
58.16779,-3.85213
58.16781,-3.85219
58.16783,-3.85226
58.16786,-3.85232
58.16796,-3.85239
58.16815,-3.85247
58.16854,-3.85264
58.1693,-3.85294
58.16977,-3.85311
58.16996,-3.8532
58.17009,-3.85331
58.17055,-3.85389
58.17061,-3.85397
58.17071,-3.8541
58.17087,-3.85433
58.17098,-3.85453
58.17105,-3.85467
58.17117,-3.85494
58.17173,-3.85633
58.17181,-3.85653
58.17192,-3.85671
58.17214,-3.85712
58.17247,-3.85783
58.17275,-3.85851
58.17295,-3.85894
58.17304,-3.85908
58.17311,-3.85916
58.17319,-3.85926
58.17334,-3.85943
58.17343,-3.85954
58.17354,-3.85972
58.1737,-3.86003
58.17386,-3.86042
58.17398,-3.86071
58.1741,-3.86096
58.17417,-3.86109
58.17435,-3.86134
58.17445,-3.86145
58.17454,-3.86151
58.17487,-3.86166
58.17516,-3.86179
58.1753,-3.86189
58.1754,-3.86197
58.17549,-3.86206
58.17557,-3.86218
58.17564,-3.86233
58.17564,-3.86233
58.17571,-3.86247
58.17578,-3.86262
58.17592,-3.86287
58.17641,-3.86363
58.17706,-3.86476
58.17743,-3.86532
58.17779,-3.86569
58.17843,-3.86642
58.17984,-3.86783
58.18089,-3.86885
58.18139,-3.86929
58.18168,-3.86954
58.18177,-3.86962
58.18231,-3.87001
58.18302,-3.87056
58.1837,-3.87098
58.18415,-3.87125
58.18424,-3.87132
58.18435,-3.87135
58.1846,-3.87135
58.18495,-3.87118
58.18511,-3.87112
58.18561,-3.87078
58.18602,-3.87065
58.18616,-3.87066
58.18644,-3.87076
58.18728,-3.87117
58.18833,-3.87164
58.18858,-3.8717
58.18865,-3.8717
58.18899,-3.87182
58.18964,-3.8721
58.18986,-3.8722
58.1901,-3.87235
58.19029,-3.87252
58.1908,-3.87298
58.19139,-3.87356
58.1916,-3.87373
58.19173,-3.8738
58.19198,-3.87388
58.19236,-3.87392
58.19275,-3.87392
58.19341,-3.87398
58.19381,-3.87404
58.19423,-3.87413
58.19463,-3.87422
58.19578,-3.87453
58.19677,-3.87479
58.19707,-3.87488
58.19822,-3.8752
58.19876,-3.87534
58.19898,-3.87544
58.19924,-3.87564
58.19986,-3.87624
58.20015,-3.87658
58.2003,-3.87684
58.20041,-3.87706
58.20052,-3.87731
58.20056,-3.87742
58.2006,-3.87755
58.20065,-3.87778
58.2007,-3.87809
58.20076,-3.87834
58.20079,-3.87858
58.20081,-3.87887
58.20084,-3.87921
58.20097,-3.88111
58.20108,-3.88273
58.20116,-3.88362
58.20131,-3.8846
58.20147,-3.88557
58.20172,-3.88689
58.20188,-3.88766
58.20199,-3.88817
58.20301,-3.89235
58.20314,-3.89296
58.20328,-3.89373
58.2035,-3.89464
58.2037,-3.89538
58.20423,-3.89708
58.20444,-3.8977
58.20477,-3.89871
58.20504,-3.89954
58.20549,-3.90094
58.20596,-3.90211
58.20661,-3.90367
58.20711,-3.9048
58.20724,-3.90506
58.20735,-3.90526
58.20747,-3.90548
58.20779,-3.90589
58.2082,-3.90634
58.20993,-3.90818
58.21079,-3.90894
58.21132,-3.90945
58.21151,-3.90968
58.21178,-3.91002
58.21199,-3.91033
58.21212,-3.91061
58.21219,-3.9107
58.21233,-3.91087
58.21253,-3.91107
58.21265,-3.91125
58.21269,-3.91132
58.21278,-3.91147
58.213,-3.91191
58.21334,-3.91261
58.21375,-3.91358
58.21387,-3.91385
58.21414,-3.91457
58.21439,-3.9153
58.21456,-3.91591
58.21473,-3.91644
58.21569,-3.91817
58.21632,-3.91929
58.21669,-3.91982
58.21779,-3.92082
58.21839,-3.92115
58.21929,-3.92166
58.22156,-3.92184
58.2224,-3.92142
58.22396,-3.92025
58.22561,-3.91845
58.22645,-3.9183
58.22743,-3.91875
58.22907,-3.92003
58.22948,-3.92032
58.22994,-3.92054
58.23027,-3.92068
58.23043,-3.92074
58.2306,-3.92081
58.23072,-3.92089
58.23083,-3.92102
58.23098,-3.92123
58.2311,-3.92148
58.23136,-3.9221
58.23243,-3.92343
58.2339,-3.92517
58.23501,-3.92598
58.2381,-3.92888
58.23939,-3.92976
58.24168,-3.93037
58.24245,-3.93058
58.24414,-3.93183
58.2451,-3.93271
58.24572,-3.93328
58.24591,-3.93347
58.246,-3.93353
58.24607,-3.93357
58.24791,-3.93478
58.25044,-3.93637
58.25369,-3.93625
58.25561,-3.93633
58.25683,-3.93705
58.25807,-3.93815
58.25872,-3.93859
58.25917,-3.93879
58.25959,-3.93896
58.26008,-3.93911
58.2605,-3.93906
58.26071,-3.93902
58.26126,-3.93879
58.2623,-3.93836
58.2628,-3.93809
58.26313,-3.9379
58.26371,-3.93746
58.26473,-3.93655
58.26567,-3.93572
58.26637,-3.9352
58.26725,-3.93482
58.269,-3.93426
58.27026,-3.9333
58.27138,-3.93195
58.27181,-3.93118
58.27235,-3.93023
58.27432,-3.92678
58.27621,-3.92356
58.27647,-3.92311
58.27667,-3.9228
58.27681,-3.92259
58.27692,-3.9224
58.27704,-3.92222
58.27729,-3.92183
58.27786,-3.92124
58.27817,-3.92105
58.27846,-3.92094
58.27924,-3.92073
58.27969,-3.92066
58.27983,-3.92067
58.28009,-3.92069
58.28076,-3.92076
58.2815,-3.92087
58.28231,-3.921
58.28327,-3.92119
58.28489,-3.92144
58.28795,-3.92294
58.29063,-3.92422
58.2924,-3.92482
58.29314,-3.92485
58.29386,-3.92477
58.29404,-3.92472
58.29435,-3.92463
58.29468,-3.92451
58.295,-3.92435
58.29518,-3.92426
58.29605,-3.92379
58.29722,-3.92313
58.29958,-3.9218
58.30209,-3.92042
58.30312,-3.91985
58.30406,-3.91925
58.3062,-3.9174
58.30715,-3.91645
58.30797,-3.91561
58.30895,-3.91482
58.30993,-3.9142
58.31077,-3.91372
58.3113,-3.91346
58.31181,-3.91336
58.31258,-3.91337
58.31343,-3.9134
58.31377,-3.91328
58.31417,-3.91313
58.31494,-3.91284
58.31624,-3.91223
58.31726,-3.9118
58.31819,-3.91148
58.31908,-3.91119
58.32038,-3.91098
58.32182,-3.9109
58.32265,-3.91088
58.32366,-3.91079
58.32594,-3.91028
58.32785,-3.91007
58.32939,-3.91052
58.33084,-3.91101
58.331,-3.91114
58.33158,-3.91189
58.33167,-3.91201
58.33179,-3.91213
58.3319,-3.9122
58.33436,-3.91136
58.33702,-3.91049
58.33847,-3.90888
58.33864,-3.90863
58.34002,-3.90652
58.34122,-3.90482
58.34193,-3.90423
58.34274,-3.90414
58.3453,-3.90293
58.34558,-3.90288
58.34573,-3.90294
58.34585,-3.90309
58.34593,-3.90326
58.34602,-3.90343
58.34607,-3.9035
58.34612,-3.90353
58.34616,-3.90355
58.34628,-3.90357
58.34677,-3.90344
58.34871,-3.90293
58.34961,-3.90263
58.35006,-3.90242
58.35049,-3.9022
58.35244,-3.90095
58.35391,-3.89998
58.35467,-3.89951
58.35502,-3.89926
58.35534,-3.89901
58.3554,-3.89896
58.35549,-3.89889
58.3563,-3.89819
58.35668,-3.89783
58.35671,-3.8978
58.35675,-3.89778
58.35679,-3.89773
58.35696,-3.89759
58.35706,-3.89749
58.35711,-3.89743
58.35719,-3.89735
58.35796,-3.89655
58.3582,-3.89631
58.35841,-3.89609
58.35852,-3.896
58.35863,-3.89591
58.35884,-3.89579
58.35894,-3.89575
58.35909,-3.89571
58.35932,-3.89567
58.36068,-3.89564
58.36178,-3.89548
58.36332,-3.89506
58.36356,-3.89504
58.36378,-3.89504
58.36412,-3.89527
58.36444,-3.89551
58.36491,-3.89573
58.36516,-3.89585
58.3654,-3.89595
58.36561,-3.89602
58.36571,-3.89605
58.36582,-3.89605
58.36644,-3.89593
58.36652,-3.89592
58.36654,-3.89591
58.3667,-3.89586
58.36858,-3.89524
58.36941,-3.89497
58.37009,-3.89472
58.3708,-3.89437
58.37164,-3.89376
58.37248,-3.89313
58.37337,-3.89253
58.37405,-3.8921
58.3745,-3.892
58.37654,-3.89233
58.37733,-3.89239
58.37811,-3.89235
58.37893,-3.89208
58.37976,-3.89173
58.37992,-3.8917
58.38006,-3.89172
58.38016,-3.89176
58.38035,-3.89176
58.38053,-3.89166
58.38082,-3.89134
58.38198,-3.88942
58.38266,-3.8883
58.38381,-3.88737
58.38516,-3.88628
58.38601,-3.88573
58.38833,-3.88578
58.38905,-3.88533
58.38988,-3.88387
58.39075,-3.88308
58.39095,-3.88301
58.3913,-3.88291
58.39194,-3.88283
58.39212,-3.88276
58.39233,-3.88263
58.39251,-3.88244
58.39256,-3.88239
58.39267,-3.88226
58.39284,-3.88191
58.39303,-3.88146
58.39376,-3.88015
58.39529,-3.87871
58.39654,-3.87848
58.39891,-3.87713
58.40045,-3.87699
58.40129,-3.87675
58.40452,-3.87448
58.40558,-3.87413
58.40883,-3.87435
58.40947,-3.87467
58.41079,-3.87646
58.41179,-3.87806
58.41318,-3.88062
58.41368,-3.88084
58.41512,-3.88151
58.4167,-3.88225
58.41918,-3.88361
58.41929,-3.88365
58.4194,-3.88368
58.41948,-3.88369
58.41961,-3.88368
58.41971,-3.88364
58.41976,-3.88362
58.41986,-3.88354
58.42005,-3.88337
58.42016,-3.88326
58.42024,-3.88321
58.42033,-3.8832
58.4204,-3.88321
58.42069,-3.8833
58.42296,-3.88394
58.42403,-3.88452
58.42556,-3.88582
58.42883,-3.88873
58.43086,-3.89035
58.43164,-3.8906
58.43311,-3.89046
58.4338,-3.89027
58.43446,-3.89004
58.43571,-3.88997
58.43613,-3.89011
58.44161,-3.89143
58.4426,-3.89223
58.44281,-3.89236
58.44289,-3.89239
58.44433,-3.89275
58.44448,-3.89276
58.44464,-3.89275
58.44494,-3.8927
58.44511,-3.89269
58.44527,-3.89269
58.44545,-3.89271
58.44565,-3.89274
58.44581,-3.89278
58.44606,-3.89287
58.44637,-3.89303
58.44658,-3.89314
58.44668,-3.89317
58.44685,-3.89319
58.447,-3.8932
58.44827,-3.89319
58.44899,-3.89315
58.4495,-3.89317
58.4502,-3.89322
58.45071,-3.89328
58.45155,-3.89338
58.45304,-3.89336
58.45318,-3.89334
58.45325,-3.89332
58.45347,-3.89323
58.45376,-3.8931
58.45377,-3.89309
58.45386,-3.89306
58.45398,-3.89305
58.45407,-3.89305
58.45415,-3.89306
58.45433,-3.89312
58.45481,-3.89332
58.45504,-3.89344
58.45574,-3.89378
58.45596,-3.89386
58.45614,-3.89387
58.45619,-3.89387
58.45638,-3.89389
58.45657,-3.89395
58.45683,-3.89411
58.45694,-3.89418
58.45716,-3.89426
58.45783,-3.89442
58.45831,-3.89456
58.45863,-3.89467
58.45882,-3.89474
58.45901,-3.89486
58.45926,-3.89509
58.45956,-3.89537
58.46028,-3.89606
58.4603,-3.89608
58.4607,-3.8964
58.46082,-3.89646
58.46094,-3.89651
58.46144,-3.89664
58.4617,-3.89668
58.46199,-3.8967
58.4624,-3.89667
58.46242,-3.89666
58.46353,-3.89658
58.46361,-3.89657
58.46371,-3.89656
58.46385,-3.89658
58.464,-3.89663
58.46514,-3.89707
58.46545,-3.89717
58.46571,-3.89723
58.46595,-3.89725
58.46602,-3.89724
58.46622,-3.89724
58.46632,-3.89724
58.46642,-3.89723
58.46665,-3.89719
58.46718,-3.89706
58.4673,-3.89704
58.46743,-3.89704
58.46754,-3.89706
58.46772,-3.89712
58.46808,-3.89724
58.46826,-3.89732
58.46847,-3.8974
58.47031,-3.8981
58.47037,-3.89813
58.47052,-3.89822
58.47063,-3.8983
58.47093,-3.89851
58.47113,-3.89866
58.47129,-3.8988
58.47147,-3.89896
58.4716,-3.8991
58.47176,-3.89928
58.47226,-3.89975
58.47259,-3.90003
58.47309,-3.9004
58.47352,-3.90077
58.47365,-3.90086
58.47389,-3.90099
58.4741,-3.90105
58.47451,-3.90115
58.47454,-3.90116
58.47483,-3.90119
58.47527,-3.9012
58.4756,-3.90121
58.47617,-3.90127
58.47655,-3.9013
58.47675,-3.90134
58.47691,-3.90141
58.47747,-3.90167
58.47819,-3.90198
58.47898,-3.90221
58.47914,-3.90228
58.47926,-3.90235
58.47941,-3.90246
58.47961,-3.90259
58.47979,-3.9027
58.48005,-3.9028
58.48066,-3.90297
58.48094,-3.90298
58.48121,-3.90297
58.48145,-3.90295
58.48161,-3.90292
58.48182,-3.90293
58.48198,-3.90295
58.48216,-3.903
58.48239,-3.90305
58.48255,-3.90306
58.48268,-3.90306
58.48283,-3.90304
58.48293,-3.90302
58.48307,-3.90296
58.48321,-3.90286
58.48347,-3.90272
58.48364,-3.90266
58.48379,-3.90263
58.48406,-3.90257
58.4842,-3.90252
58.48444,-3.9024
58.48447,-3.90238
58.48462,-3.90229
58.48487,-3.90213
58.48554,-3.90162
58.48586,-3.90138
58.48608,-3.90119
58.48627,-3.90103
58.48644,-3.90086
58.48666,-3.90062
58.48713,-3.90002
58.48749,-3.8996
58.48768,-3.89939
58.48793,-3.89917
58.48815,-3.89901
58.48836,-3.89885
58.48842,-3.89881
58.4891,-3.89834
58.48937,-3.89816
58.48952,-3.89808
58.48976,-3.89798
58.49004,-3.8979
58.49024,-3.89787
58.49037,-3.89786
58.49059,-3.89785
58.49071,-3.89784
58.49199,-3.89789
58.49219,-3.89788
58.49263,-3.89781
58.49273,-3.89778
58.493,-3.89772
58.49325,-3.89766
58.49361,-3.89758
58.49371,-3.89755
58.49386,-3.89752
58.49421,-3.89743
58.49448,-3.89739
58.49463,-3.89737
58.49499,-3.89738
58.49513,-3.89739
58.49526,-3.89742
58.49543,-3.89749
58.49579,-3.89764
58.49688,-3.89812
58.49721,-3.89825
58.49737,-3.8983
58.49752,-3.89835
58.49772,-3.89839
58.49787,-3.89841
58.49801,-3.8984
58.49812,-3.89838
58.49834,-3.8983
58.49854,-3.8982
58.49874,-3.89809
58.49928,-3.89776
58.49957,-3.89757
58.49969,-3.89747
58.4998,-3.89736
58.49988,-3.89727
58.49997,-3.89713
58.50008,-3.89693
58.50065,-3.89572
58.50082,-3.89538
58.50094,-3.89516
58.50097,-3.89511
58.50101,-3.89505
58.50117,-3.89482
58.50124,-3.89474
58.50131,-3.89468
58.50141,-3.89461
58.50152,-3.89455
58.50164,-3.89452
58.5018,-3.89448
58.50259,-3.89442
58.50278,-3.89436
58.50294,-3.89431
58.50303,-3.89424
58.50314,-3.89409
58.5032,-3.89398
58.50329,-3.89379
58.50339,-3.89353
58.50349,-3.8933
58.50356,-3.89317
58.50366,-3.89304
58.50375,-3.89296
58.50382,-3.8929
58.50392,-3.89287
58.50403,-3.89287
58.50457,-3.89292
58.50473,-3.89292
58.50484,-3.89289
58.50494,-3.89285
58.50504,-3.89277
58.50514,-3.89265
58.50527,-3.89246
58.50546,-3.89213
58.50574,-3.89163
58.50585,-3.89144
58.50598,-3.89131
58.50612,-3.89117
58.50631,-3.89099
58.50693,-3.89049
58.50726,-3.89015
58.50745,-3.88994
58.50758,-3.88978
58.50767,-3.88963
58.50772,-3.88953
58.50786,-3.88923
58.50824,-3.88829
58.50842,-3.88788
58.50864,-3.88742
58.50887,-3.88696
58.50907,-3.88652
58.50917,-3.88625
58.50928,-3.88607
58.50939,-3.88591
58.50946,-3.88584
58.50952,-3.8858
58.50961,-3.88576
58.50969,-3.88575
58.50982,-3.88574
58.50998,-3.88571
58.51035,-3.88554
58.51052,-3.88544
58.51065,-3.88535
58.51072,-3.88527
58.51079,-3.88517
58.51085,-3.88504
58.51103,-3.88463
58.51121,-3.88419
58.5113,-3.88402
58.51139,-3.88392
58.51148,-3.88385
58.51173,-3.88371
58.51194,-3.88358
58.51212,-3.88343
58.51222,-3.88335
58.51233,-3.8833
58.51244,-3.88326
58.51255,-3.88326
58.51275,-3.88327
58.51297,-3.88324
58.51308,-3.8832
58.51313,-3.88317
58.51318,-3.88313
58.51324,-3.88307
58.51333,-3.88293
58.51343,-3.88277
58.51349,-3.88269
58.51354,-3.88265
58.51359,-3.88262
58.51363,-3.88262
58.51369,-3.88265
58.51377,-3.88271
58.51456,-3.88351
58.51519,-3.88409
58.51537,-3.88422
58.51554,-3.88431
58.51566,-3.88437
58.51583,-3.8844
58.51599,-3.8844
58.51611,-3.88438
58.51628,-3.88434
58.51647,-3.8843
58.51654,-3.8843
58.51663,-3.88433
58.51673,-3.88438
58.51682,-3.88445
58.51692,-3.88455
58.51705,-3.8847
58.51733,-3.88506
58.51758,-3.8854
58.51829,-3.88644
58.51943,-3.8881
58.52047,-3.88963
58.52147,-3.89106
58.52161,-3.89126
58.52172,-3.89139
58.5218,-3.89148
58.52185,-3.89151
58.52188,-3.89154
58.52195,-3.89157
58.52203,-3.89159
58.52216,-3.89161
58.52246,-3.8916
58.52264,-3.89162
58.52275,-3.89166
58.5229,-3.89173
58.52303,-3.89183
58.52318,-3.89196
58.5233,-3.89208
58.5234,-3.89221
58.52349,-3.89235
58.52387,-3.89302
58.5241,-3.89333
58.52468,-3.89406
58.52563,-3.89532
58.52577,-3.89548
58.52587,-3.89556
58.5261,-3.89572
58.52658,-3.896
58.52678,-3.8961
58.52692,-3.89615
58.52702,-3.89617
58.52714,-3.89616
58.52736,-3.8961
58.52757,-3.89602
58.52788,-3.89588
58.52833,-3.89566
58.52846,-3.89554
58.52853,-3.89548
58.52862,-3.89538
58.52869,-3.8953
58.52911,-3.89485
58.52936,-3.89459
58.52957,-3.89439
58.53002,-3.894
58.53026,-3.8938
58.5305,-3.89361
58.53073,-3.89347
58.53108,-3.8933
58.53141,-3.89317
58.53184,-3.89302
58.53214,-3.89287
58.53238,-3.89274
58.5331,-3.89233
58.53359,-3.89204
58.53389,-3.89187
58.53405,-3.89181
58.53425,-3.89173
58.53489,-3.89146
58.53522,-3.8913
58.53549,-3.89113
58.53567,-3.89099
58.53585,-3.89085
58.53597,-3.89073
58.53612,-3.89057
58.53617,-3.89052
58.53622,-3.89049
58.53626,-3.89048
58.53629,-3.89048
58.53633,-3.8905
58.53635,-3.89051
58.53641,-3.89056
58.53655,-3.89076
58.5366,-3.89083
58.53664,-3.89091
58.53668,-3.89099
58.5367,-3.89108
58.53673,-3.8912
58.53674,-3.89132
58.53675,-3.89159
58.53676,-3.8917
58.53679,-3.89219
58.5368,-3.89233
58.53682,-3.89248
58.53685,-3.8926
58.53688,-3.89269
58.53693,-3.89283
58.53706,-3.89311
58.53719,-3.89332
58.53729,-3.89346
58.53738,-3.89357
58.53746,-3.89366
58.53752,-3.8937
58.53758,-3.89372
58.53768,-3.89375
58.5378,-3.89376
58.53866,-3.89369
58.53883,-3.89369
58.53901,-3.89372
58.53914,-3.89377
58.53979,-3.89415
58.54003,-3.89429
58.54112,-3.89484
58.54139,-3.89495
58.54152,-3.89499
58.54166,-3.89502
58.54185,-3.89502
58.5425,-3.89497
58.54255,-3.89497
58.54259,-3.89499
58.54266,-3.89505
58.54276,-3.89516
58.54296,-3.89466
58.54297,-3.89464
58.54312,-3.89433
58.54325,-3.89406
58.5434,-3.89379
58.54357,-3.89352
58.54375,-3.89326
58.54408,-3.89284
58.54455,-3.8923
58.54475,-3.89211
58.54499,-3.89191
58.54537,-3.89165
58.54627,-3.89115
58.54681,-3.89089
58.54706,-3.89073
58.54728,-3.89056
58.54757,-3.89029
58.54869,-3.88919
58.54893,-3.889
58.54919,-3.88882
58.5495,-3.88861
58.55027,-3.8881
58.55043,-3.88798
58.55062,-3.8878
58.55072,-3.88767
58.55083,-3.88753
58.5509,-3.88741
58.55101,-3.88717
58.5511,-3.88696
58.55125,-3.88659
58.55136,-3.88624
58.55145,-3.88587
58.55165,-3.88463
58.55176,-3.88386
58.55183,-3.88317
58.55187,-3.88255
58.55189,-3.88171
58.55191,-3.88079
58.55191,-3.88054
58.5519,-3.88032
58.55188,-3.87993
58.55178,-3.87867
58.55177,-3.87843
58.55178,-3.87823
58.5518,-3.87798
58.55182,-3.87776
58.55195,-3.87707
58.55217,-3.87643
58.55261,-3.8752
58.55292,-3.87402
58.55297,-3.87374
58.55299,-3.87365
58.55301,-3.87331
58.553,-3.8722
58.55306,-3.87169
58.55317,-3.87118
58.5533,-3.87077
58.55349,-3.87041
58.55418,-3.86932
58.55445,-3.86877
58.55459,-3.86823
58.55467,-3.86766
58.55473,-3.86657
58.55467,-3.86525
58.5546,-3.86413
58.55458,-3.86386
58.55461,-3.86222
58.55462,-3.86207
58.55485,-3.85894
58.5549,-3.85821
58.55491,-3.85805
58.55492,-3.85784
58.55491,-3.85731
58.55481,-3.85546
58.55468,-3.85335
58.55437,-3.85156
58.55424,-3.85063
58.55424,-3.84975
58.55426,-3.84957
58.55431,-3.849
58.55453,-3.84796
58.55479,-3.84706
58.55549,-3.84487
58.55582,-3.84385
58.55645,-3.84043
58.55653,-3.84002
58.55663,-3.83919
58.55667,-3.83843
58.55661,-3.83792
58.55652,-3.83749
58.55644,-3.83725
58.55636,-3.837
58.55627,-3.83681
58.55618,-3.83666
58.55608,-3.83651
58.55597,-3.83637
58.55584,-3.83625
58.55573,-3.83616
58.55559,-3.83606
58.55541,-3.83594
58.55523,-3.83578
58.55516,-3.83571
58.5551,-3.83562
58.55504,-3.83554
58.55497,-3.83543
58.55491,-3.83532
58.55486,-3.8352
58.55479,-3.83506
58.55474,-3.8349
58.55469,-3.83474
58.55465,-3.83458
58.55461,-3.8344
58.55459,-3.83422
58.55457,-3.83403
58.55455,-3.83384
58.55453,-3.83335
58.55452,-3.83261
58.55452,-3.83215
58.55453,-3.83187
58.55456,-3.83158
58.55459,-3.83129
58.55462,-3.83104
58.55467,-3.83073
58.55485,-3.82973
58.55501,-3.82887
58.55511,-3.82822
58.55516,-3.82782
58.55544,-3.82523
58.55554,-3.82456
58.55573,-3.82335
58.55581,-3.82276
58.55636,-3.81756
58.55639,-3.8172
58.5564,-3.81693
58.55641,-3.81664
58.5564,-3.81619
58.55638,-3.81559
58.55631,-3.81393
58.5563,-3.81334
58.5563,-3.81307
58.55632,-3.81278
58.55634,-3.81246
58.55642,-3.81198
58.55649,-3.81164
58.55681,-3.81032
58.55686,-3.81005
58.55687,-3.80991
58.55688,-3.80972
58.55689,-3.80954
58.55688,-3.80889
58.55681,-3.80701
58.55675,-3.80469
58.55674,-3.80441
58.5567,-3.80362
58.55645,-3.79871
58.55647,-3.79821
58.55647,-3.79816
58.55654,-3.7972
58.5566,-3.79634
58.55668,-3.7952
58.55669,-3.79502
58.55671,-3.79485
58.55677,-3.79446
58.55685,-3.79413
58.55694,-3.79388
58.55708,-3.79358
58.55711,-3.79348
58.55724,-3.79304
58.55727,-3.79292
58.55736,-3.79261
58.5574,-3.79244
58.55751,-3.7919
58.55754,-3.79169
58.55758,-3.79151
58.55769,-3.79082
58.55795,-3.78925
58.55806,-3.78862
58.55812,-3.78825
58.55826,-3.78742
58.55844,-3.78631
58.55863,-3.78519
58.55909,-3.78239
58.55914,-3.78157
58.55918,-3.78017
58.55918,-3.77996
58.55921,-3.77901
58.55919,-3.77835
58.55918,-3.778
58.55918,-3.77793
58.55915,-3.77762
58.5591,-3.77718
58.55899,-3.77659
58.55896,-3.77603
58.55897,-3.77548
58.55899,-3.77501
58.55905,-3.77454
58.55915,-3.77415
58.55918,-3.77408
58.55927,-3.77384
58.55932,-3.77369
58.55937,-3.77358
58.5594,-3.7735
58.55945,-3.77335
58.55986,-3.77245
58.55993,-3.7723
58.56006,-3.77205
58.56014,-3.77182
58.56021,-3.77166
58.5603,-3.77137
58.56034,-3.7712
58.5604,-3.77097
58.56044,-3.77079
58.56051,-3.77047
58.56061,-3.76993
58.56073,-3.76908
58.5608,-3.76848
58.56084,-3.76808
58.56089,-3.76756
58.56092,-3.76709
58.56094,-3.76647
58.56095,-3.76586
58.56089,-3.76392
58.56087,-3.76292
58.56085,-3.76176
58.56087,-3.76157
58.56091,-3.76139
58.56098,-3.76125
58.56112,-3.76108
58.56124,-3.76097
58.56147,-3.76078
58.5625,-3.75988
58.56415,-3.75824
58.56437,-3.75792
58.5659,-3.75521
58.56621,-3.75452
58.5673,-3.7514
58.56838,-3.74832
58.56868,-3.74751
58.5697,-3.74507
58.56995,-3.74448
58.57019,-3.7439
58.57125,-3.74129
58.57142,-3.74072
58.57164,-3.73993
58.57215,-3.73842
58.57235,-3.73777
58.57275,-3.73649
58.57315,-3.73528
58.57346,-3.73433
58.57381,-3.73349
58.57457,-3.73222
58.5759,-3.7305
58.57644,-3.72981
58.57729,-3.72871
58.57811,-3.72764
58.57854,-3.72707
58.57876,-3.72678
58.57885,-3.72667
58.57996,-3.7252
58.57998,-3.72515
58.58009,-3.72487
58.58034,-3.72425
58.58251,-3.71881
58.58294,-3.71766
58.58297,-3.71757
58.58516,-3.71218
58.58628,-3.70937
58.58941,-3.7015
58.59093,-3.69763
58.59444,-3.68885
58.59476,-3.68805
58.59674,-3.68308
58.59688,-3.68267
58.59691,-3.68244
58.59693,-3.68222
58.5969,-3.68175
58.59685,-3.68131
58.59664,-3.67959
58.59647,-3.67832
58.59603,-3.67501
58.59562,-3.67181
58.59554,-3.67104
58.59547,-3.67031
58.59541,-3.66896
58.59533,-3.6678
58.59522,-3.66656
58.59517,-3.66606
58.59511,-3.66562
58.59494,-3.66455
58.59482,-3.6641
58.59411,-3.66165
58.59404,-3.66113
58.59404,-3.66066
58.59415,-3.66002
58.59431,-3.65951
58.59438,-3.65929
58.59461,-3.65882
58.59496,-3.65837
58.59502,-3.65831
58.5954,-3.65791
58.59543,-3.65787
58.59558,-3.65758
58.59564,-3.65742
58.59566,-3.65735
58.5957,-3.65727
58.59649,-3.65185
58.59677,-3.65005
58.59763,-3.64492
58.59796,-3.64295
58.59796,-3.64295
58.59808,-3.64223
58.59834,-3.64067
58.59851,-3.63967
58.59854,-3.63947
58.59932,-3.63482
58.59963,-3.63296
58.59975,-3.63228
58.59977,-3.63213
58.59999,-3.63082
58.60014,-3.62993
58.60028,-3.62922
58.60036,-3.62894
58.60041,-3.62879
58.60051,-3.62854
58.60064,-3.62828
58.60072,-3.62814
58.60078,-3.62803
58.60158,-3.62693
58.60183,-3.62639
58.60214,-3.62552
58.60255,-3.62423
58.60269,-3.6237
58.60284,-3.62294
58.60311,-3.62025
58.60316,-3.61992
58.60336,-3.61889
58.60365,-3.61775
58.60392,-3.61566
58.60402,-3.61438
58.6042,-3.61135
58.60425,-3.60919
58.60425,-3.60862
58.60424,-3.6071
58.60413,-3.60316
58.60407,-3.6023
58.60405,-3.60199
58.60387,-3.60003
58.60352,-3.59615
58.60345,-3.59528
58.60343,-3.59441
58.60354,-3.59287
58.60386,-3.58947
58.60424,-3.58603
58.60435,-3.5849
58.60439,-3.58314
58.60422,-3.57802
58.60402,-3.57642
58.60384,-3.57544
58.60368,-3.57478
58.60352,-3.57445
58.60312,-3.57393
58.60193,-3.57276
58.60103,-3.57193
58.59987,-3.57086
58.5995,-3.57024
58.59931,-3.5698
58.59917,-3.56929
58.59907,-3.56888
58.59891,-3.56739
58.5985,-3.56271
58.59846,-3.56225
58.59797,-3.55715
58.59791,-3.55655
58.59789,-3.55599
58.59791,-3.55544
58.59796,-3.55491
58.59812,-3.55353
58.5982,-3.55261
58.5982,-3.55191
58.59815,-3.55134
58.598,-3.55019
58.59795,-3.54976
58.59764,-3.54751
58.59761,-3.54728
58.59764,-3.54678
58.59807,-3.54196
58.59824,-3.54007
58.59831,-3.53918
58.59834,-3.53886
58.5984,-3.53806
58.59842,-3.53767
58.59842,-3.53745
58.59841,-3.53723
58.59839,-3.53663
58.5982,-3.53433
58.59813,-3.53353
58.59806,-3.53277
58.59803,-3.53234
58.598,-3.53201
58.59794,-3.53133
58.5979,-3.53087
58.59781,-3.53015
58.59778,-3.53005
58.59738,-3.52852
58.5972,-3.52784
58.59707,-3.52735
58.5967,-3.52626
58.59667,-3.52619
58.59652,-3.52573
58.59642,-3.52545
58.59633,-3.52518
58.59605,-3.52439
58.59601,-3.52425
58.59577,-3.52357
58.59555,-3.52273
58.59542,-3.52228
58.5953,-3.52187
58.59518,-3.52155
58.59508,-3.52128
58.59501,-3.52109
58.59491,-3.52083
58.59474,-3.52041
58.59469,-3.52034
58.59464,-3.52034
58.59446,-3.52057
58.59445,-3.52058
58.59417,-3.52101
58.59363,-3.52181
58.59348,-3.52201
58.59333,-3.52162
58.5931,-3.52104
58.59288,-3.52048
58.59279,-3.52028
58.59276,-3.52024
58.59271,-3.52009
58.59216,-3.51871
58.59203,-3.51837
58.59191,-3.51805
58.59179,-3.51776
58.59158,-3.51735
58.59163,-3.5172
58.59167,-3.51699
58.5918,-3.51586
58.59194,-3.51496
58.59223,-3.5141
58.59254,-3.51345
58.59267,-3.51318
58.59279,-3.51296
58.59283,-3.5129
58.59296,-3.51265
58.59314,-3.5123
58.59354,-3.51163
58.59393,-3.51098
58.59539,-3.50852
58.59557,-3.50789
58.59561,-3.5076
58.59563,-3.50732
58.59559,-3.50688
58.59552,-3.50656
58.59542,-3.50622
58.59526,-3.50578
58.59498,-3.50515
58.59492,-3.505
58.59459,-3.50419
58.59444,-3.50364
58.59432,-3.5031
58.5942,-3.50239
58.59418,-3.50217
58.59384,-3.49877
58.59374,-3.49791
58.59367,-3.49759
58.59357,-3.49721
58.59258,-3.49473
58.59245,-3.49423
58.59237,-3.49366
58.59236,-3.49293
58.59237,-3.49242
58.59244,-3.49109
58.5928,-3.48075
58.59301,-3.47491
58.59315,-3.4708
58.59321,-3.46915
58.59335,-3.46536
58.59345,-3.46239
58.59353,-3.46013
58.59362,-3.45771
58.59363,-3.45757
58.59372,-3.45511
58.59373,-3.4546
58.59379,-3.45276
58.59389,-3.44992
58.5941,-3.44446
58.59417,-3.44221
58.59418,-3.44202
58.59427,-3.43934
58.59432,-3.43764
58.59435,-3.437
58.59451,-3.43286
58.59454,-3.43184
58.59483,-3.42419
58.59492,-3.422
58.59492,-3.42176
58.59506,-3.41796
58.59533,-3.40963
58.59537,-3.40857
58.59543,-3.4042
58.59543,-3.40407
58.59544,-3.40361
58.59544,-3.40357
58.59545,-3.40247
58.59545,-3.40231
58.59545,-3.40222
58.59546,-3.40114
58.59547,-3.40072
58.59547,-3.40036
58.59547,-3.40012
58.59546,-3.39976
58.59544,-3.39958
58.59541,-3.39936
58.59535,-3.3991
58.59531,-3.39892
58.59515,-3.39838
58.59494,-3.39771
58.59457,-3.39649
58.59455,-3.39643
58.59435,-3.39577
58.59434,-3.39574
58.59419,-3.39523
58.59371,-3.39369
58.59337,-3.39254
58.59309,-3.39165
58.59308,-3.39159
58.59302,-3.3914
58.59268,-3.39034
58.59248,-3.38966
58.59232,-3.38914
58.59217,-3.38863
58.592,-3.38809
58.59191,-3.38778
58.59178,-3.38735
58.59172,-3.38716
58.59168,-3.38704
58.59152,-3.38648
58.59145,-3.38624
58.59138,-3.38607
58.59122,-3.38553
58.59114,-3.38527
58.59107,-3.38503
58.59101,-3.38485
58.59091,-3.38452
58.59077,-3.38406
58.59073,-3.38387
58.59075,-3.38366
58.5908,-3.38351
58.5909,-3.38336
58.59116,-3.38304
58.59161,-3.38248
58.59191,-3.3821
58.59219,-3.38172
58.59224,-3.38165
58.59243,-3.38125
58.59259,-3.38064
58.59264,-3.38025
58.59266,-3.38
58.59269,-3.37899
58.5927,-3.37889
58.59276,-3.37862
58.59299,-3.37802
58.59363,-3.37664
58.59371,-3.37646
58.59375,-3.37634
58.59378,-3.37625
58.5938,-3.37615
58.59381,-3.37594
58.59381,-3.37576
58.5938,-3.37564
58.59374,-3.37534
58.59356,-3.37479
58.59335,-3.3741
58.59319,-3.37357
58.59316,-3.37341
58.59304,-3.37281
58.59302,-3.37266
58.59302,-3.37243
58.59302,-3.37236
58.59302,-3.37205
58.59313,-3.37131
58.59315,-3.37117
58.59325,-3.37046
58.59332,-3.37012
58.59335,-3.36997
58.59371,-3.36804
58.59384,-3.36733
58.59421,-3.36539
58.5945,-3.36311
58.59481,-3.36183
58.59518,-3.36055
58.59587,-3.35865
58.59646,-3.35717
58.59712,-3.35561
58.59782,-3.3541
58.59825,-3.35334
58.5987,-3.35256
58.59912,-3.35189
58.59934,-3.35157
58.5996,-3.35125
58.59994,-3.35093
58.60029,-3.35059
58.60035,-3.35053
58.60075,-3.35019
58.60137,-3.34963
58.60201,-3.34906
58.60275,-3.34847
58.60335,-3.34801
58.604,-3.34747
58.60455,-3.34698
58.60531,-3.34618
58.60686,-3.34471
58.60736,-3.34428
58.60785,-3.34402
58.6084,-3.34377
58.60944,-3.34362
58.60951,-3.34359
58.61033,-3.34328
58.61099,-3.34299
58.61137,-3.34295
58.61175,-3.34298
58.61332,-3.34348
58.61351,-3.34355
58.61448,-3.34384
58.61492,-3.34404
58.61527,-3.34429
58.61552,-3.3446
58.61595,-3.34528
58.616,-3.34537
58.61606,-3.34546
58.61629,-3.34576
58.61667,-3.34605
58.61753,-3.34667
58.61777,-3.34677
58.61794,-3.34681
58.61811,-3.3468
58.61827,-3.34674
58.61857,-3.34653
58.61924,-3.34586
58.61972,-3.34541
58.62071,-3.34446
58.6213,-3.34392
58.62166,-3.34359
58.62178,-3.34347
58.6224,-3.34291
58.62383,-3.34161
58.62413,-3.3413
58.62437,-3.34093
58.62453,-3.34053
58.62464,-3.34012
58.62489,-3.33874
58.62535,-3.33637
58.62701,-3.32768
58.62825,-3.32114
58.62848,-3.31991
58.62878,-3.31827
58.62887,-3.31768
58.62898,-3.31691
58.62906,-3.31616
58.62921,-3.31468
58.62926,-3.31416
58.6293,-3.31365
58.62933,-3.31318
58.62935,-3.3127
58.62935,-3.31217
58.62932,-3.31141
58.62928,-3.31037
58.62924,-3.30931
58.62917,-3.30727
58.62914,-3.30663
58.62912,-3.30614
58.62911,-3.30558
58.62914,-3.30521
58.62919,-3.30482
58.62921,-3.30468
58.62927,-3.3044
58.62933,-3.30411
58.63084,-3.2988
58.63134,-3.29701
58.63145,-3.29653
58.63154,-3.29587
58.63156,-3.29568
58.63242,-3.28324
58.63268,-3.27945
58.63269,-3.2794
58.63354,-3.26721
58.63353,-3.26537
58.63351,-3.26163
58.63355,-3.26051
58.63367,-3.25833
58.63389,-3.25527
58.63419,-3.25054
58.63423,-3.24983
58.63427,-3.24951
58.63433,-3.24921
58.6351,-3.24676
58.63513,-3.24656
58.63516,-3.24636
58.63515,-3.2458
58.63506,-3.24339
58.63505,-3.2427
58.63506,-3.24249
58.63507,-3.24227
58.63536,-3.23943
58.63546,-3.23841
58.63565,-3.23656
58.63576,-3.23551
58.63584,-3.23474
58.63592,-3.23395
58.63597,-3.23356
58.63607,-3.23299
58.63615,-3.23254
58.63642,-3.23107
58.63665,-3.22981
58.63697,-3.22807
58.6371,-3.22731
58.63715,-3.22709
58.63769,-3.22411
58.63774,-3.22379
58.63791,-3.22288
58.63818,-3.22132
58.6384,-3.22063
58.63911,-3.2188
58.63948,-3.21782
58.63972,-3.21718
58.64012,-3.21621
58.64049,-3.21568
58.64201,-3.21383
58.6423,-3.21344
58.64266,-3.21286
58.6435,-3.21148
58.64511,-3.20886
58.64528,-3.20857
58.64543,-3.20831
58.64559,-3.20803
58.64572,-3.20777
58.64584,-3.20751
58.64592,-3.2073
58.64601,-3.20703
58.64612,-3.20669
58.64617,-3.20648
58.64627,-3.20613
58.64639,-3.20563
58.64711,-3.20247
58.64768,-3.19996
58.64786,-3.19921
58.64823,-3.19755
58.6483,-3.1971
58.64832,-3.1969
58.64833,-3.19667
58.64833,-3.19607
58.64829,-3.19547
58.64825,-3.19503
58.64811,-3.19339
58.64801,-3.19232
58.64791,-3.19134
58.64784,-3.19083
58.64772,-3.19027
58.64695,-3.18842
58.64617,-3.1866
58.646,-3.18635
58.64572,-3.18609
58.64526,-3.18582
58.64495,-3.18561
58.64468,-3.18518
58.6446,-3.18496
58.64405,-3.18362
58.64183,-3.17816
58.64109,-3.17633
58.64029,-3.17436
58.64,-3.17363
58.63978,-3.17313
58.63894,-3.17106
58.63891,-3.17098
58.63843,-3.16967
58.63837,-3.16954
58.63701,-3.16615
58.63659,-3.16504
58.63644,-3.16465
58.63629,-3.16411
58.63619,-3.16334
58.63613,-3.16256
58.63614,-3.16197
58.63629,-3.16197
58.63642,-3.1619
58.63653,-3.16173
58.63664,-3.16154
58.63673,-3.16136
58.63684,-3.16115
58.63698,-3.1609
58.63715,-3.16067
58.63746,-3.16035
58.63759,-3.1602
58.6377,-3.16019
58.63777,-3.16024
58.63785,-3.16035
58.63788,-3.16059
58.6379,-3.16093
58.63792,-3.16129
58.63797,-3.16177
58.63798,-3.16186
58.638,-3.16192
58.6381,-3.16214
58.63812,-3.16219
58.63814,-3.16224
58.63816,-3.16227
58.63817,-3.16228
58.63818,-3.16229
58.63821,-3.16232
58.63827,-3.16232
58.63839,-3.16227
58.63873,-3.16206
58.63888,-3.16198
58.63899,-3.16176